-- MySQL dump 10.19  Distrib 10.3.29-MariaDB, for debian-linux-gnu (x86_64)
--
-- Host: localhost    Database: ezplatform
-- ------------------------------------------------------
-- Server version	10.3.29-MariaDB-1:10.3.29+maria~focal

/*!40101 SET @OLD_CHARACTER_SET_CLIENT=@@CHARACTER_SET_CLIENT */;
/*!40101 SET @OLD_CHARACTER_SET_RESULTS=@@CHARACTER_SET_RESULTS */;
/*!40101 SET @OLD_COLLATION_CONNECTION=@@COLLATION_CONNECTION */;
/*!40101 SET NAMES utf8mb4 */;
/*!40103 SET @OLD_TIME_ZONE=@@TIME_ZONE */;
/*!40103 SET TIME_ZONE='+00:00' */;
/*!40014 SET @OLD_UNIQUE_CHECKS=@@UNIQUE_CHECKS, UNIQUE_CHECKS=0 */;
/*!40014 SET @OLD_FOREIGN_KEY_CHECKS=@@FOREIGN_KEY_CHECKS, FOREIGN_KEY_CHECKS=0 */;
/*!40101 SET @OLD_SQL_MODE=@@SQL_MODE, SQL_MODE='NO_AUTO_VALUE_ON_ZERO' */;
/*!40111 SET @OLD_SQL_NOTES=@@SQL_NOTES, SQL_NOTES=0 */;

--
-- Table structure for table `ezbinaryfile`
--

DROP TABLE IF EXISTS `ezbinaryfile`;
/*!40101 SET @saved_cs_client     = @@character_set_client */;
/*!40101 SET character_set_client = utf8 */;
CREATE TABLE `ezbinaryfile` (
  `contentobject_attribute_id` int(11) NOT NULL DEFAULT 0,
  `version` int(11) NOT NULL DEFAULT 0,
  `download_count` int(11) NOT NULL DEFAULT 0,
  `filename` varchar(255) COLLATE utf8mb4_unicode_520_ci NOT NULL DEFAULT '',
  `mime_type` varchar(255) COLLATE utf8mb4_unicode_520_ci NOT NULL DEFAULT '',
  `original_filename` varchar(255) COLLATE utf8mb4_unicode_520_ci NOT NULL DEFAULT '',
  PRIMARY KEY (`contentobject_attribute_id`,`version`)
) ENGINE=InnoDB DEFAULT CHARSET=utf8mb4 COLLATE=utf8mb4_unicode_520_ci;
/*!40101 SET character_set_client = @saved_cs_client */;

--
-- Dumping data for table `ezbinaryfile`
--

LOCK TABLES `ezbinaryfile` WRITE;
/*!40000 ALTER TABLE `ezbinaryfile` DISABLE KEYS */;
/*!40000 ALTER TABLE `ezbinaryfile` ENABLE KEYS */;
UNLOCK TABLES;

--
-- Table structure for table `ezcobj_state`
--

DROP TABLE IF EXISTS `ezcobj_state`;
/*!40101 SET @saved_cs_client     = @@character_set_client */;
/*!40101 SET character_set_client = utf8 */;
CREATE TABLE `ezcobj_state` (
  `id` int(11) NOT NULL AUTO_INCREMENT,
  `default_language_id` bigint(20) NOT NULL DEFAULT 0,
  `group_id` int(11) NOT NULL DEFAULT 0,
  `identifier` varchar(45) COLLATE utf8mb4_unicode_520_ci NOT NULL DEFAULT '',
  `language_mask` bigint(20) NOT NULL DEFAULT 0,
  `priority` int(11) NOT NULL DEFAULT 0,
  PRIMARY KEY (`id`),
  UNIQUE KEY `ezcobj_state_identifier` (`group_id`,`identifier`),
  KEY `ezcobj_state_priority` (`priority`),
  KEY `ezcobj_state_lmask` (`language_mask`)
) ENGINE=InnoDB AUTO_INCREMENT=3 DEFAULT CHARSET=utf8mb4 COLLATE=utf8mb4_unicode_520_ci;
/*!40101 SET character_set_client = @saved_cs_client */;

--
-- Dumping data for table `ezcobj_state`
--

LOCK TABLES `ezcobj_state` WRITE;
/*!40000 ALTER TABLE `ezcobj_state` DISABLE KEYS */;
INSERT INTO `ezcobj_state` VALUES (1,2,2,'not_locked',3,0),(2,2,2,'locked',3,1);
/*!40000 ALTER TABLE `ezcobj_state` ENABLE KEYS */;
UNLOCK TABLES;

--
-- Table structure for table `ezcobj_state_group`
--

DROP TABLE IF EXISTS `ezcobj_state_group`;
/*!40101 SET @saved_cs_client     = @@character_set_client */;
/*!40101 SET character_set_client = utf8 */;
CREATE TABLE `ezcobj_state_group` (
  `id` int(11) NOT NULL AUTO_INCREMENT,
  `default_language_id` bigint(20) NOT NULL DEFAULT 0,
  `identifier` varchar(45) COLLATE utf8mb4_unicode_520_ci NOT NULL DEFAULT '',
  `language_mask` bigint(20) NOT NULL DEFAULT 0,
  PRIMARY KEY (`id`),
  UNIQUE KEY `ezcobj_state_group_identifier` (`identifier`),
  KEY `ezcobj_state_group_lmask` (`language_mask`)
) ENGINE=InnoDB AUTO_INCREMENT=3 DEFAULT CHARSET=utf8mb4 COLLATE=utf8mb4_unicode_520_ci;
/*!40101 SET character_set_client = @saved_cs_client */;

--
-- Dumping data for table `ezcobj_state_group`
--

LOCK TABLES `ezcobj_state_group` WRITE;
/*!40000 ALTER TABLE `ezcobj_state_group` DISABLE KEYS */;
INSERT INTO `ezcobj_state_group` VALUES (2,2,'ez_lock',3);
/*!40000 ALTER TABLE `ezcobj_state_group` ENABLE KEYS */;
UNLOCK TABLES;

--
-- Table structure for table `ezcobj_state_group_language`
--

DROP TABLE IF EXISTS `ezcobj_state_group_language`;
/*!40101 SET @saved_cs_client     = @@character_set_client */;
/*!40101 SET character_set_client = utf8 */;
CREATE TABLE `ezcobj_state_group_language` (
  `contentobject_state_group_id` int(11) NOT NULL DEFAULT 0,
  `real_language_id` bigint(20) NOT NULL DEFAULT 0,
  `description` longtext COLLATE utf8mb4_unicode_520_ci NOT NULL,
  `language_id` bigint(20) NOT NULL DEFAULT 0,
  `name` varchar(45) COLLATE utf8mb4_unicode_520_ci NOT NULL DEFAULT '',
  PRIMARY KEY (`contentobject_state_group_id`,`real_language_id`)
) ENGINE=InnoDB DEFAULT CHARSET=utf8mb4 COLLATE=utf8mb4_unicode_520_ci;
/*!40101 SET character_set_client = @saved_cs_client */;

--
-- Dumping data for table `ezcobj_state_group_language`
--

LOCK TABLES `ezcobj_state_group_language` WRITE;
/*!40000 ALTER TABLE `ezcobj_state_group_language` DISABLE KEYS */;
INSERT INTO `ezcobj_state_group_language` VALUES (2,2,'',3,'Lock');
/*!40000 ALTER TABLE `ezcobj_state_group_language` ENABLE KEYS */;
UNLOCK TABLES;

--
-- Table structure for table `ezcobj_state_language`
--

DROP TABLE IF EXISTS `ezcobj_state_language`;
/*!40101 SET @saved_cs_client     = @@character_set_client */;
/*!40101 SET character_set_client = utf8 */;
CREATE TABLE `ezcobj_state_language` (
  `contentobject_state_id` int(11) NOT NULL DEFAULT 0,
  `language_id` bigint(20) NOT NULL DEFAULT 0,
  `description` longtext COLLATE utf8mb4_unicode_520_ci NOT NULL,
  `name` varchar(45) COLLATE utf8mb4_unicode_520_ci NOT NULL DEFAULT '',
  PRIMARY KEY (`contentobject_state_id`,`language_id`)
) ENGINE=InnoDB DEFAULT CHARSET=utf8mb4 COLLATE=utf8mb4_unicode_520_ci;
/*!40101 SET character_set_client = @saved_cs_client */;

--
-- Dumping data for table `ezcobj_state_language`
--

LOCK TABLES `ezcobj_state_language` WRITE;
/*!40000 ALTER TABLE `ezcobj_state_language` DISABLE KEYS */;
INSERT INTO `ezcobj_state_language` VALUES (1,3,'','Not locked'),(2,3,'','Locked');
/*!40000 ALTER TABLE `ezcobj_state_language` ENABLE KEYS */;
UNLOCK TABLES;

--
-- Table structure for table `ezcobj_state_link`
--

DROP TABLE IF EXISTS `ezcobj_state_link`;
/*!40101 SET @saved_cs_client     = @@character_set_client */;
/*!40101 SET character_set_client = utf8 */;
CREATE TABLE `ezcobj_state_link` (
  `contentobject_id` int(11) NOT NULL DEFAULT 0,
  `contentobject_state_id` int(11) NOT NULL DEFAULT 0,
  PRIMARY KEY (`contentobject_id`,`contentobject_state_id`)
) ENGINE=InnoDB DEFAULT CHARSET=utf8mb4 COLLATE=utf8mb4_unicode_520_ci;
/*!40101 SET character_set_client = @saved_cs_client */;

--
-- Dumping data for table `ezcobj_state_link`
--

LOCK TABLES `ezcobj_state_link` WRITE;
/*!40000 ALTER TABLE `ezcobj_state_link` DISABLE KEYS */;
INSERT INTO `ezcobj_state_link` VALUES (1,1),(4,1),(10,1),(11,1),(12,1),(13,1),(14,1),(41,1),(42,1),(49,1),(50,1),(51,1),(52,1),(53,1),(54,1),(55,1),(56,1),(57,1),(58,1),(59,1),(60,1),(61,1),(62,1),(63,1),(64,1),(65,1),(66,1),(67,1),(68,1),(69,1),(70,1),(71,1),(72,1),(73,1),(74,1),(75,1),(76,1),(77,1),(78,1),(79,1),(80,1),(81,1),(82,1),(83,1),(84,1),(85,1),(86,1),(87,1),(88,1),(89,1),(90,1),(91,1);
/*!40000 ALTER TABLE `ezcobj_state_link` ENABLE KEYS */;
UNLOCK TABLES;

--
-- Table structure for table `ezcontent_language`
--

DROP TABLE IF EXISTS `ezcontent_language`;
/*!40101 SET @saved_cs_client     = @@character_set_client */;
/*!40101 SET character_set_client = utf8 */;
CREATE TABLE `ezcontent_language` (
  `id` bigint(20) NOT NULL DEFAULT 0,
  `disabled` int(11) NOT NULL DEFAULT 0,
  `locale` varchar(20) COLLATE utf8mb4_unicode_520_ci NOT NULL DEFAULT '',
  `name` varchar(255) COLLATE utf8mb4_unicode_520_ci NOT NULL DEFAULT '',
  PRIMARY KEY (`id`),
  KEY `ezcontent_language_name` (`name`(191))
) ENGINE=InnoDB DEFAULT CHARSET=utf8mb4 COLLATE=utf8mb4_unicode_520_ci;
/*!40101 SET character_set_client = @saved_cs_client */;

--
-- Dumping data for table `ezcontent_language`
--

LOCK TABLES `ezcontent_language` WRITE;
/*!40000 ALTER TABLE `ezcontent_language` DISABLE KEYS */;
INSERT INTO `ezcontent_language` VALUES (2,0,'eng-GB','English (United Kingdom)');
/*!40000 ALTER TABLE `ezcontent_language` ENABLE KEYS */;
UNLOCK TABLES;

--
-- Table structure for table `ezcontentbrowsebookmark`
--

DROP TABLE IF EXISTS `ezcontentbrowsebookmark`;
/*!40101 SET @saved_cs_client     = @@character_set_client */;
/*!40101 SET character_set_client = utf8 */;
CREATE TABLE `ezcontentbrowsebookmark` (
  `id` int(11) NOT NULL AUTO_INCREMENT,
  `node_id` int(11) NOT NULL DEFAULT 0,
  `user_id` int(11) NOT NULL DEFAULT 0,
  `name` varchar(255) COLLATE utf8mb4_unicode_520_ci NOT NULL DEFAULT '',
  PRIMARY KEY (`id`),
  KEY `ezcontentbrowsebookmark_location` (`node_id`),
  KEY `ezcontentbrowsebookmark_user` (`user_id`),
  KEY `ezcontentbrowsebookmark_user_location` (`user_id`,`node_id`),
  CONSTRAINT `ezcontentbrowsebookmark_location_fk` FOREIGN KEY (`node_id`) REFERENCES `ezcontentobject_tree` (`node_id`) ON DELETE CASCADE ON UPDATE NO ACTION,
  CONSTRAINT `ezcontentbrowsebookmark_user_fk` FOREIGN KEY (`user_id`) REFERENCES `ezuser` (`contentobject_id`) ON DELETE CASCADE ON UPDATE NO ACTION
) ENGINE=InnoDB DEFAULT CHARSET=utf8mb4 COLLATE=utf8mb4_unicode_520_ci;
/*!40101 SET character_set_client = @saved_cs_client */;

--
-- Dumping data for table `ezcontentbrowsebookmark`
--

LOCK TABLES `ezcontentbrowsebookmark` WRITE;
/*!40000 ALTER TABLE `ezcontentbrowsebookmark` DISABLE KEYS */;
/*!40000 ALTER TABLE `ezcontentbrowsebookmark` ENABLE KEYS */;
UNLOCK TABLES;

--
-- Table structure for table `ezcontentclass`
--

DROP TABLE IF EXISTS `ezcontentclass`;
/*!40101 SET @saved_cs_client     = @@character_set_client */;
/*!40101 SET character_set_client = utf8 */;
CREATE TABLE `ezcontentclass` (
  `id` int(11) NOT NULL AUTO_INCREMENT,
  `version` int(11) NOT NULL DEFAULT 0,
  `always_available` int(11) NOT NULL DEFAULT 0,
  `contentobject_name` varchar(255) COLLATE utf8mb4_unicode_520_ci DEFAULT NULL,
  `created` int(11) NOT NULL DEFAULT 0,
  `creator_id` int(11) NOT NULL DEFAULT 0,
  `identifier` varchar(50) COLLATE utf8mb4_unicode_520_ci NOT NULL DEFAULT '',
  `initial_language_id` bigint(20) NOT NULL DEFAULT 0,
  `is_container` int(11) NOT NULL DEFAULT 0,
  `language_mask` bigint(20) NOT NULL DEFAULT 0,
  `modified` int(11) NOT NULL DEFAULT 0,
  `modifier_id` int(11) NOT NULL DEFAULT 0,
  `remote_id` varchar(100) COLLATE utf8mb4_unicode_520_ci NOT NULL DEFAULT '',
  `serialized_description_list` longtext COLLATE utf8mb4_unicode_520_ci DEFAULT NULL,
  `serialized_name_list` longtext COLLATE utf8mb4_unicode_520_ci DEFAULT NULL,
  `sort_field` int(11) NOT NULL DEFAULT 1,
  `sort_order` int(11) NOT NULL DEFAULT 1,
  `url_alias_name` varchar(255) COLLATE utf8mb4_unicode_520_ci DEFAULT NULL,
  PRIMARY KEY (`id`,`version`),
  KEY `ezcontentclass_version` (`version`),
  KEY `ezcontentclass_identifier` (`identifier`,`version`)
) ENGINE=InnoDB AUTO_INCREMENT=51 DEFAULT CHARSET=utf8mb4 COLLATE=utf8mb4_unicode_520_ci;
/*!40101 SET character_set_client = @saved_cs_client */;

--
-- Dumping data for table `ezcontentclass`
--

LOCK TABLES `ezcontentclass` WRITE;
/*!40000 ALTER TABLE `ezcontentclass` DISABLE KEYS */;
INSERT INTO `ezcontentclass` VALUES (1,0,1,'<short_name|name>',1024392098,14,'folder',2,1,2,1448831672,14,'a3d405b81be900468eb153d774f4f0d2','a:0:{}','a:1:{s:6:\"eng-GB\";s:6:\"Folder\";}',1,1,NULL),(2,0,0,'<short_title|title>',1024392098,14,'article',2,1,3,1082454989,14,'c15b600eb9198b1924063b5a68758232',NULL,'a:2:{s:6:\"eng-GB\";s:7:\"Article\";s:16:\"always-available\";s:6:\"eng-GB\";}',1,1,NULL),(3,0,1,'<name>',1024392098,14,'user_group',2,1,3,1048494743,14,'25b4268cdcd01921b808a0d854b877ef',NULL,'a:2:{s:6:\"eng-GB\";s:10:\"User group\";s:16:\"always-available\";s:6:\"eng-GB\";}',1,1,NULL),(4,0,1,'<first_name> <last_name>',1024392098,14,'user',2,0,3,1082018364,14,'40faa822edc579b02c25f6bb7beec3ad',NULL,'a:2:{s:6:\"eng-GB\";s:4:\"User\";s:16:\"always-available\";s:6:\"eng-GB\";}',1,1,NULL),(5,0,1,'<name>',1031484992,14,'image',2,0,3,1048494784,14,'f6df12aa74e36230eb675f364fccd25a',NULL,'a:2:{s:6:\"eng-GB\";s:5:\"Image\";s:16:\"always-available\";s:6:\"eng-GB\";}',1,1,NULL),(12,0,1,'<name>',1052385472,14,'file',2,0,3,1052385669,14,'637d58bfddf164627bdfd265733280a0',NULL,'a:2:{s:6:\"eng-GB\";s:4:\"File\";s:16:\"always-available\";s:6:\"eng-GB\";}',1,1,NULL),(42,0,1,'<name>',1435924826,14,'landing_page',2,1,2,1435924826,14,'60c03e9758465eb69d56b3afb6adf18e','a:1:{s:6:\"eng-GB\";s:0:\"\";}','a:1:{s:6:\"eng-GB\";s:12:\"Landing page\";}',2,0,''),(43,0,1,'<title>',1537166773,14,'form',2,0,2,1537166834,14,'6f7f21df775a33c1e4bbc76b48c38476','a:0:{}','a:1:{s:6:\"eng-GB\";s:4:\"Form\";}',2,0,''),(44,0,1,'<title>',1622835293,14,'axp_landing_page',2,1,2,1626398388,14,'ad52f63abd1490af09130e0e9f84dfe9','a:1:{s:6:\"eng-GB\";N;}','a:1:{s:6:\"eng-GB\";s:16:\"AXP Landing page\";}',2,0,''),(45,0,1,'<title>',1623990373,14,'axp_infopage',2,1,2,1626398271,14,'c201e9574d13266057f5cbd51ce1a4d8','a:1:{s:6:\"eng-GB\";N;}','a:1:{s:6:\"eng-GB\";s:12:\"AXP Infopage\";}',2,0,''),(46,0,1,'<title>',1623990705,14,'axp_hero',2,1,2,1627080630,14,'c03bb329e9843e19e9cb586cc6d48dfd','a:1:{s:6:\"eng-GB\";N;}','a:1:{s:6:\"eng-GB\";s:8:\"AXP Hero\";}',2,0,''),(47,0,1,'<title>',1625980685,14,'axp_notification',2,0,2,1625981072,14,'2e7fcc8a0775f05730f71a01d0f4932a','a:1:{s:6:\"eng-GB\";N;}','a:1:{s:6:\"eng-GB\";s:16:\"AXP Notification\";}',2,0,''),(48,0,1,'<title>',1625981097,14,'axp_header',2,1,2,1626056936,14,'cffafd8776a2d51719dff20bea109fb7','a:1:{s:6:\"eng-GB\";N;}','a:1:{s:6:\"eng-GB\";s:10:\"AXP Header\";}',2,0,''),(49,0,1,'<title>',1625981315,14,'axp_footer',2,1,2,1626056957,14,'7d4cae0221bff576d25704b71c3b5c7d','a:1:{s:6:\"eng-GB\";N;}','a:1:{s:6:\"eng-GB\";s:10:\"AXP Footer\";}',2,0,''),(50,0,1,'<title>',1625981420,14,'axp_link',2,0,2,1625981795,14,'206bdf721936b309f0a0a9be02a0253f','a:1:{s:6:\"eng-GB\";N;}','a:1:{s:6:\"eng-GB\";s:8:\"AXP Link\";}',2,0,'');
/*!40000 ALTER TABLE `ezcontentclass` ENABLE KEYS */;
UNLOCK TABLES;

--
-- Table structure for table `ezcontentclass_attribute`
--

DROP TABLE IF EXISTS `ezcontentclass_attribute`;
/*!40101 SET @saved_cs_client     = @@character_set_client */;
/*!40101 SET character_set_client = utf8 */;
CREATE TABLE `ezcontentclass_attribute` (
  `id` int(11) NOT NULL AUTO_INCREMENT,
  `version` int(11) NOT NULL DEFAULT 0,
  `can_translate` int(11) DEFAULT 1,
  `category` varchar(25) COLLATE utf8mb4_unicode_520_ci NOT NULL DEFAULT '',
  `contentclass_id` int(11) NOT NULL DEFAULT 0,
  `data_float1` double DEFAULT NULL,
  `data_float2` double DEFAULT NULL,
  `data_float3` double DEFAULT NULL,
  `data_float4` double DEFAULT NULL,
  `data_int1` int(11) DEFAULT NULL,
  `data_int2` int(11) DEFAULT NULL,
  `data_int3` int(11) DEFAULT NULL,
  `data_int4` int(11) DEFAULT NULL,
  `data_text1` varchar(255) COLLATE utf8mb4_unicode_520_ci DEFAULT NULL,
  `data_text2` varchar(50) COLLATE utf8mb4_unicode_520_ci DEFAULT NULL,
  `data_text3` varchar(50) COLLATE utf8mb4_unicode_520_ci DEFAULT NULL,
  `data_text4` varchar(255) COLLATE utf8mb4_unicode_520_ci DEFAULT NULL,
  `data_text5` longtext COLLATE utf8mb4_unicode_520_ci DEFAULT NULL,
  `data_type_string` varchar(50) COLLATE utf8mb4_unicode_520_ci NOT NULL DEFAULT '',
  `identifier` varchar(50) COLLATE utf8mb4_unicode_520_ci NOT NULL DEFAULT '',
  `is_information_collector` int(11) NOT NULL DEFAULT 0,
  `is_required` int(11) NOT NULL DEFAULT 0,
  `is_searchable` int(11) NOT NULL DEFAULT 0,
  `is_thumbnail` tinyint(1) NOT NULL DEFAULT 0,
  `placement` int(11) NOT NULL DEFAULT 0,
  `serialized_data_text` longtext COLLATE utf8mb4_unicode_520_ci DEFAULT NULL,
  `serialized_description_list` longtext COLLATE utf8mb4_unicode_520_ci DEFAULT NULL,
  `serialized_name_list` longtext COLLATE utf8mb4_unicode_520_ci NOT NULL,
  PRIMARY KEY (`id`,`version`),
  KEY `ezcontentclass_attr_ccid` (`contentclass_id`)
) ENGINE=InnoDB AUTO_INCREMENT=221 DEFAULT CHARSET=utf8mb4 COLLATE=utf8mb4_unicode_520_ci;
/*!40101 SET character_set_client = @saved_cs_client */;

--
-- Dumping data for table `ezcontentclass_attribute`
--

LOCK TABLES `ezcontentclass_attribute` WRITE;
/*!40000 ALTER TABLE `ezcontentclass_attribute` DISABLE KEYS */;
INSERT INTO `ezcontentclass_attribute` VALUES (1,0,1,'',2,0,0,0,0,255,0,0,0,'New article','','','','','ezstring','title',0,1,1,0,1,NULL,NULL,'a:2:{s:6:\"eng-GB\";s:5:\"Title\";s:16:\"always-available\";s:6:\"eng-GB\";}'),(4,0,1,'',1,NULL,NULL,NULL,NULL,255,0,NULL,NULL,'Folder',NULL,NULL,NULL,NULL,'ezstring','name',0,1,1,0,1,'N;','a:0:{}','a:1:{s:6:\"eng-GB\";s:4:\"Name\";}'),(6,0,1,'',3,0,0,0,0,255,0,0,0,'','','','',NULL,'ezstring','name',0,1,1,0,1,NULL,NULL,'a:2:{s:6:\"eng-GB\";s:4:\"Name\";s:16:\"always-available\";s:6:\"eng-GB\";}'),(7,0,1,'',3,0,0,0,0,255,0,0,0,'','','','',NULL,'ezstring','description',0,0,1,0,2,NULL,NULL,'a:2:{s:6:\"eng-GB\";s:11:\"Description\";s:16:\"always-available\";s:6:\"eng-GB\";}'),(8,0,1,'',4,0,0,0,0,255,0,0,0,'','','','','','ezstring','first_name',0,1,1,0,1,NULL,NULL,'a:2:{s:6:\"eng-GB\";s:10:\"First name\";s:16:\"always-available\";s:6:\"eng-GB\";}'),(9,0,1,'',4,0,0,0,0,255,0,0,0,'','','','','','ezstring','last_name',0,1,1,0,2,NULL,NULL,'a:2:{s:6:\"eng-GB\";s:9:\"Last name\";s:16:\"always-available\";s:6:\"eng-GB\";}'),(12,0,0,'',4,0,0,0,0,7,10,0,0,'','^[^@]+$','','','','ezuser','user_account',0,1,0,0,3,NULL,NULL,'a:2:{s:6:\"eng-GB\";s:12:\"User account\";s:16:\"always-available\";s:6:\"eng-GB\";}'),(116,0,1,'',5,0,0,0,0,150,0,0,0,'','','','',NULL,'ezstring','name',0,1,1,0,1,NULL,NULL,'a:2:{s:6:\"eng-GB\";s:4:\"Name\";s:16:\"always-available\";s:6:\"eng-GB\";}'),(117,0,1,'',5,0,0,0,0,10,0,0,0,'','','','',NULL,'ezrichtext','caption',0,0,1,0,2,NULL,NULL,'a:2:{s:6:\"eng-GB\";s:7:\"Caption\";s:16:\"always-available\";s:6:\"eng-GB\";}'),(118,0,1,'',5,0,0,0,0,10,0,0,0,'','','','',NULL,'ezimage','image',0,0,0,0,3,NULL,NULL,'a:2:{s:6:\"eng-GB\";s:5:\"Image\";s:16:\"always-available\";s:6:\"eng-GB\";}'),(119,0,1,'',1,NULL,NULL,NULL,NULL,5,NULL,NULL,NULL,NULL,NULL,NULL,NULL,NULL,'ezrichtext','short_description',0,0,1,0,3,'N;','a:0:{}','a:1:{s:6:\"eng-GB\";s:17:\"Short description\";}'),(120,0,1,'',2,0,0,0,0,10,0,0,0,'','','','','','ezrichtext','intro',0,1,1,0,4,NULL,NULL,'a:2:{s:6:\"eng-GB\";s:5:\"Intro\";s:16:\"always-available\";s:6:\"eng-GB\";}'),(121,0,1,'',2,0,0,0,0,20,0,0,0,'','','','','','ezrichtext','body',0,0,1,0,5,NULL,NULL,'a:2:{s:6:\"eng-GB\";s:4:\"Body\";s:16:\"always-available\";s:6:\"eng-GB\";}'),(123,0,0,'',2,0,0,0,0,0,0,0,0,'','','','','','ezboolean','enable_comments',0,0,0,0,6,NULL,NULL,'a:2:{s:6:\"eng-GB\";s:15:\"Enable comments\";s:16:\"always-available\";s:6:\"eng-GB\";}'),(146,0,1,'',12,0,0,0,0,0,0,0,0,'New file','','','',NULL,'ezstring','name',0,1,1,0,1,NULL,NULL,'a:2:{s:6:\"eng-GB\";s:4:\"Name\";s:16:\"always-available\";s:6:\"eng-GB\";}'),(147,0,1,'',12,0,0,0,0,10,0,0,0,'','','','',NULL,'ezrichtext','description',0,0,1,0,2,NULL,NULL,'a:2:{s:6:\"eng-GB\";s:11:\"Description\";s:16:\"always-available\";s:6:\"eng-GB\";}'),(148,0,1,'',12,0,0,0,0,0,0,0,0,'','','','',NULL,'ezbinaryfile','file',0,1,0,0,3,NULL,NULL,'a:2:{s:6:\"eng-GB\";s:4:\"File\";s:16:\"always-available\";s:6:\"eng-GB\";}'),(152,0,1,'',2,0,0,0,0,255,0,0,0,'','','','','','ezstring','short_title',0,0,1,0,2,NULL,NULL,'a:2:{s:6:\"eng-GB\";s:11:\"Short title\";s:16:\"always-available\";s:6:\"eng-GB\";}'),(153,0,1,'',2,0,0,0,0,1,0,0,0,'','','','','','ezauthor','author',0,0,0,0,3,NULL,NULL,'a:2:{s:6:\"eng-GB\";s:6:\"Author\";s:16:\"always-available\";s:6:\"eng-GB\";}'),(154,0,1,'',2,0,0,0,0,0,0,0,0,'','','','','','ezobjectrelation','image',0,0,1,0,7,NULL,NULL,'a:2:{s:6:\"eng-GB\";s:5:\"Image\";s:16:\"always-available\";s:6:\"eng-GB\";}'),(155,0,1,'',1,NULL,NULL,NULL,NULL,100,0,NULL,NULL,NULL,NULL,NULL,NULL,NULL,'ezstring','short_name',0,0,1,0,2,'N;','a:0:{}','a:1:{s:6:\"eng-GB\";s:10:\"Short name\";}'),(156,0,1,'',1,NULL,NULL,NULL,NULL,20,NULL,NULL,NULL,NULL,NULL,NULL,NULL,NULL,'ezrichtext','description',0,0,1,0,4,'N;','a:0:{}','a:1:{s:6:\"eng-GB\";s:11:\"Description\";}'),(179,0,1,'',4,0,0,0,0,10,0,0,0,'','','','','','eztext','signature',0,0,1,0,4,NULL,NULL,'a:2:{s:6:\"eng-GB\";s:9:\"Signature\";s:16:\"always-available\";s:6:\"eng-GB\";}'),(180,0,1,'',4,0,0,0,0,10,0,0,0,'','','','','','ezimage','image',0,0,0,0,5,NULL,NULL,'a:2:{s:6:\"eng-GB\";s:5:\"Image\";s:16:\"always-available\";s:6:\"eng-GB\";}'),(185,0,1,'content',42,NULL,NULL,NULL,NULL,0,0,NULL,NULL,NULL,NULL,NULL,NULL,NULL,'ezstring','name',0,1,1,0,10,'N;','a:1:{s:6:\"eng-GB\";s:5:\"Title\";}','a:1:{s:6:\"eng-GB\";s:5:\"Title\";}'),(186,0,1,'content',42,NULL,NULL,NULL,NULL,0,0,NULL,NULL,NULL,NULL,NULL,NULL,NULL,'ezstring','description',0,1,1,0,20,'N;','a:1:{s:6:\"eng-GB\";s:24:\"Landing page description\";}','a:1:{s:6:\"eng-GB\";s:11:\"Description\";}'),(187,0,1,'content',42,NULL,NULL,NULL,NULL,NULL,NULL,NULL,NULL,NULL,NULL,NULL,NULL,NULL,'ezlandingpage','page',0,0,0,0,30,'N;','a:1:{s:6:\"eng-GB\";s:12:\"Landing page\";}','a:1:{s:6:\"eng-GB\";s:12:\"Landing page\";}'),(188,0,1,'content',43,NULL,NULL,NULL,NULL,0,0,NULL,NULL,NULL,NULL,NULL,NULL,NULL,'ezstring','title',0,1,1,0,1,'N;','a:0:{}','a:1:{s:6:\"eng-GB\";s:5:\"Title\";}'),(189,0,1,'content',43,NULL,NULL,NULL,NULL,NULL,NULL,NULL,NULL,NULL,NULL,NULL,NULL,NULL,'ezform','form',0,0,0,0,2,'N;','a:0:{}','a:1:{s:6:\"eng-GB\";s:4:\"Form\";}'),(190,0,1,'content',44,NULL,NULL,NULL,NULL,0,0,NULL,NULL,NULL,NULL,NULL,NULL,NULL,'ezstring','title',0,1,1,0,1,'N;','a:1:{s:6:\"eng-GB\";N;}','a:1:{s:6:\"eng-GB\";s:5:\"Title\";}'),(191,0,1,'content',44,NULL,NULL,NULL,NULL,NULL,NULL,NULL,NULL,NULL,NULL,NULL,NULL,'{\"availableBlocks\":[\"targeting\",\"form\",\"tag\",\"contentlist\",\"banner\",\"collection\",\"embed\",\"gallery\",\"video\",\"rss\",\"schedule\",\"richtext\",\"axp_promo_text\",\"axp_promo_content\",\"axp_hero\",\"axp_sub_nav\"],\"availableLayouts\":{\"AXP One Zone Layout\":\"default\",\"1\":\"flexible\"},\"editorMode\":\"page_view_mode\"}','ezlandingpage','page',0,0,0,0,2,'N;','a:1:{s:6:\"eng-GB\";N;}','a:1:{s:6:\"eng-GB\";s:12:\"Landing page\";}'),(192,0,1,'Promo',44,NULL,NULL,NULL,NULL,0,0,NULL,NULL,NULL,NULL,NULL,NULL,NULL,'ezstring','promo_title',0,0,1,0,3,'N;','a:1:{s:6:\"eng-GB\";N;}','a:1:{s:6:\"eng-GB\";s:11:\"Promo Title\";}'),(193,0,1,'Promo',44,NULL,NULL,NULL,NULL,NULL,NULL,NULL,NULL,NULL,NULL,NULL,NULL,NULL,'ezimageasset','promo_image',0,0,1,0,4,'N;','a:1:{s:6:\"eng-GB\";N;}','a:1:{s:6:\"eng-GB\";s:11:\"Promo Image\";}'),(194,0,1,'Promo',44,NULL,NULL,NULL,NULL,NULL,NULL,NULL,NULL,NULL,NULL,NULL,NULL,NULL,'ezrichtext','promo_description',0,0,1,0,5,'N;','a:1:{s:6:\"eng-GB\";N;}','a:1:{s:6:\"eng-GB\";s:17:\"Promo Description\";}'),(195,0,1,'content',45,NULL,NULL,NULL,NULL,0,0,NULL,NULL,NULL,NULL,NULL,NULL,NULL,'ezstring','title',0,1,1,0,1,'N;','a:1:{s:6:\"eng-GB\";N;}','a:1:{s:6:\"eng-GB\";s:5:\"Title\";}'),(196,0,1,'content',45,NULL,NULL,NULL,NULL,NULL,NULL,NULL,NULL,NULL,NULL,NULL,NULL,'{\"availableBlocks\":[\"targeting\",\"form\",\"tag\",\"contentlist\",\"banner\",\"collection\",\"embed\",\"gallery\",\"video\",\"rss\",\"schedule\",\"richtext\",\"axp_promo_text\",\"axp_promo_content\",\"axp_hero\",\"axp_sub_nav\"],\"availableLayouts\":{\"AXP One Zone Layout\":\"default\",\"1\":\"flexible\"},\"editorMode\":\"page_view_mode\"}','ezlandingpage','page',0,0,0,0,2,'N;','a:1:{s:6:\"eng-GB\";N;}','a:1:{s:6:\"eng-GB\";s:12:\"Landing page\";}'),(197,0,1,'Promo',45,NULL,NULL,NULL,NULL,0,0,NULL,NULL,NULL,NULL,NULL,NULL,NULL,'ezstring','promo_title',0,0,1,0,3,'N;','a:1:{s:6:\"eng-GB\";N;}','a:1:{s:6:\"eng-GB\";s:11:\"Promo Title\";}'),(198,0,1,'Promo',45,NULL,NULL,NULL,NULL,NULL,NULL,NULL,NULL,NULL,NULL,NULL,NULL,NULL,'ezimageasset','promo_image',0,0,1,0,4,'N;','a:1:{s:6:\"eng-GB\";N;}','a:1:{s:6:\"eng-GB\";s:11:\"Promo Image\";}'),(199,0,1,'Promo',45,NULL,NULL,NULL,NULL,NULL,NULL,NULL,NULL,NULL,NULL,NULL,NULL,NULL,'ezrichtext','promo_description',0,0,1,0,5,'N;','a:1:{s:6:\"eng-GB\";N;}','a:1:{s:6:\"eng-GB\";s:17:\"Promo Description\";}'),(200,0,1,'content',46,NULL,NULL,NULL,NULL,0,0,NULL,NULL,NULL,NULL,NULL,NULL,NULL,'ezstring','title',0,1,1,0,1,'N;','a:1:{s:6:\"eng-GB\";N;}','a:1:{s:6:\"eng-GB\";s:5:\"Title\";}'),(202,0,1,'content',46,NULL,NULL,NULL,NULL,0,0,NULL,NULL,NULL,NULL,NULL,NULL,NULL,'ezstring','cta_label',0,0,1,0,4,'N;','a:1:{s:6:\"eng-GB\";N;}','a:1:{s:6:\"eng-GB\";s:9:\"CTA Label\";}'),(203,0,0,'content',46,NULL,NULL,NULL,NULL,NULL,NULL,NULL,NULL,NULL,NULL,NULL,NULL,NULL,'ezimageasset','image',0,0,0,0,3,'N;','a:1:{s:6:\"eng-GB\";N;}','a:1:{s:6:\"eng-GB\";s:5:\"Image\";}'),(204,0,1,'content',46,NULL,NULL,NULL,NULL,NULL,NULL,NULL,NULL,NULL,NULL,NULL,NULL,NULL,'ezrichtext','description',0,0,1,0,2,'N;','a:1:{s:6:\"eng-GB\";N;}','a:1:{s:6:\"eng-GB\";s:11:\"Description\";}'),(205,0,1,'content',46,NULL,NULL,NULL,NULL,0,0,NULL,NULL,NULL,NULL,NULL,NULL,NULL,'ezstring','external_link',0,0,1,0,5,'N;','a:1:{s:6:\"eng-GB\";N;}','a:1:{s:6:\"eng-GB\";s:17:\"CTA External Link\";}'),(206,0,1,'content',46,NULL,NULL,NULL,NULL,0,2,NULL,NULL,NULL,NULL,NULL,NULL,'<?xml version=\"1.0\" encoding=\"utf-8\"?>\n<related-objects><constraints><allowed-class contentclass-identifier=\"axp_infopage\"/><allowed-class contentclass-identifier=\"axp_landing_page\"/><allowed-class contentclass-identifier=\"article\"/><allowed-class contentclass-identifier=\"file\"/><allowed-class contentclass-identifier=\"form\"/><allowed-class contentclass-identifier=\"landing_page\"/></constraints><selection_type value=\"0\"/><contentobject-placement node-id=\"2\"/></related-objects>\n','ezobjectrelation','internal_link',0,0,1,0,6,'N;','a:1:{s:6:\"eng-GB\";N;}','a:1:{s:6:\"eng-GB\";s:17:\"CTA Internal Link\";}'),(207,0,1,'content',47,NULL,NULL,NULL,NULL,0,0,NULL,NULL,NULL,NULL,NULL,NULL,NULL,'ezstring','title',0,1,1,0,1,'N;','a:1:{s:6:\"eng-GB\";N;}','a:1:{s:6:\"eng-GB\";s:5:\"Title\";}'),(209,0,1,'content',47,NULL,NULL,NULL,NULL,NULL,NULL,NULL,NULL,NULL,NULL,NULL,NULL,NULL,'ezrichtext','description',0,0,1,0,2,'N;','a:1:{s:6:\"eng-GB\";N;}','a:1:{s:6:\"eng-GB\";s:11:\"Description\";}'),(210,0,1,'content',47,NULL,NULL,NULL,NULL,0,0,NULL,NULL,NULL,NULL,NULL,NULL,NULL,'ezstring','cta_label',0,0,1,0,3,'N;','a:1:{s:6:\"eng-GB\";N;}','a:1:{s:6:\"eng-GB\";s:9:\"CTA Label\";}'),(211,0,1,'content',48,NULL,NULL,NULL,NULL,0,0,NULL,NULL,NULL,NULL,NULL,NULL,NULL,'ezstring','title',0,1,1,0,1,'N;','a:1:{s:6:\"eng-GB\";N;}','a:1:{s:6:\"eng-GB\";s:5:\"Title\";}'),(212,0,1,'content',48,NULL,NULL,NULL,NULL,NULL,NULL,NULL,NULL,NULL,NULL,NULL,NULL,'<?xml version=\"1.0\" encoding=\"utf-8\"?>\n<related-objects><constraints><allowed-class contentclass-identifier=\"axp_notification\"/></constraints><type value=\"2\"/><object_class value=\"\"/><selection_type value=\"0\"/><contentobject-placement/><selection_limit value=\"0\"/></related-objects>\n','ezobjectrelationlist','notifications',0,0,1,0,2,'N;','a:1:{s:6:\"eng-GB\";N;}','a:1:{s:6:\"eng-GB\";s:13:\"Notifications\";}'),(213,0,1,'content',49,NULL,NULL,NULL,NULL,0,0,NULL,NULL,NULL,NULL,NULL,NULL,NULL,'ezstring','title',0,1,1,0,1,'N;','a:1:{s:6:\"eng-GB\";N;}','a:1:{s:6:\"eng-GB\";s:5:\"Title\";}'),(214,0,1,'content',49,NULL,NULL,NULL,NULL,NULL,NULL,NULL,NULL,NULL,NULL,NULL,NULL,'<?xml version=\"1.0\" encoding=\"utf-8\"?>\n<related-objects><constraints><allowed-class contentclass-identifier=\"axp_notification\"/></constraints><type value=\"2\"/><object_class value=\"\"/><selection_type value=\"0\"/><contentobject-placement/><selection_limit value=\"0\"/></related-objects>\n','ezobjectrelationlist','notifications',0,0,1,0,2,'N;','a:1:{s:6:\"eng-GB\";N;}','a:1:{s:6:\"eng-GB\";s:13:\"Notifications\";}'),(215,0,1,'content',50,NULL,NULL,NULL,NULL,0,0,NULL,NULL,NULL,NULL,NULL,NULL,'<?xml version=\"1.0\" encoding=\"utf-8\"?>\n<related-objects><constraints/><selection_type value=\"0\"/><contentobject-placement/></related-objects>\n','ezobjectrelation','internal_link',0,0,1,0,2,'N;','a:1:{s:6:\"eng-GB\";N;}','a:1:{s:6:\"eng-GB\";s:13:\"Internal Link\";}'),(216,0,1,'content',50,NULL,NULL,NULL,NULL,0,0,NULL,NULL,NULL,NULL,NULL,NULL,NULL,'ezstring','external_link',0,0,1,0,3,'N;','a:1:{s:6:\"eng-GB\";N;}','a:1:{s:6:\"eng-GB\";s:13:\"External link\";}'),(217,0,1,'content',50,NULL,NULL,NULL,NULL,0,0,NULL,NULL,NULL,NULL,NULL,NULL,NULL,'ezstring','title',0,1,1,0,1,'N;','a:1:{s:6:\"eng-GB\";N;}','a:1:{s:6:\"eng-GB\";s:5:\"Title\";}'),(219,0,1,'content',45,NULL,NULL,NULL,NULL,NULL,NULL,0,NULL,NULL,NULL,NULL,NULL,NULL,'ezboolean','is_sub_nav_root',0,0,1,0,6,'N;','a:1:{s:6:\"eng-GB\";N;}','a:1:{s:6:\"eng-GB\";s:15:\"Is sub nav root\";}'),(220,0,1,'content',44,NULL,NULL,NULL,NULL,NULL,NULL,0,NULL,NULL,NULL,NULL,NULL,NULL,'ezboolean','is_sub_nav_root',0,0,1,0,6,'N;','a:1:{s:6:\"eng-GB\";N;}','a:1:{s:6:\"eng-GB\";s:15:\"Is sub nav root\";}');
/*!40000 ALTER TABLE `ezcontentclass_attribute` ENABLE KEYS */;
UNLOCK TABLES;

--
-- Table structure for table `ezcontentclass_attribute_ml`
--

DROP TABLE IF EXISTS `ezcontentclass_attribute_ml`;
/*!40101 SET @saved_cs_client     = @@character_set_client */;
/*!40101 SET character_set_client = utf8 */;
CREATE TABLE `ezcontentclass_attribute_ml` (
  `contentclass_attribute_id` int(11) NOT NULL,
  `version` int(11) NOT NULL,
  `language_id` bigint(20) NOT NULL,
  `name` varchar(255) COLLATE utf8mb4_unicode_520_ci NOT NULL,
  `description` text COLLATE utf8mb4_unicode_520_ci DEFAULT NULL,
  `data_text` text COLLATE utf8mb4_unicode_520_ci DEFAULT NULL,
  `data_json` text COLLATE utf8mb4_unicode_520_ci DEFAULT NULL,
  PRIMARY KEY (`contentclass_attribute_id`,`version`,`language_id`),
  KEY `ezcontentclass_attribute_ml_lang_fk` (`language_id`),
  CONSTRAINT `ezcontentclass_attribute_ml_lang_fk` FOREIGN KEY (`language_id`) REFERENCES `ezcontent_language` (`id`) ON DELETE CASCADE ON UPDATE CASCADE
) ENGINE=InnoDB DEFAULT CHARSET=utf8mb4 COLLATE=utf8mb4_unicode_520_ci;
/*!40101 SET character_set_client = @saved_cs_client */;

--
-- Dumping data for table `ezcontentclass_attribute_ml`
--

LOCK TABLES `ezcontentclass_attribute_ml` WRITE;
/*!40000 ALTER TABLE `ezcontentclass_attribute_ml` DISABLE KEYS */;
INSERT INTO `ezcontentclass_attribute_ml` VALUES (190,0,2,'Title',NULL,NULL,NULL),(191,0,2,'Landing page',NULL,NULL,NULL),(192,0,2,'Promo Title',NULL,NULL,NULL),(193,0,2,'Promo Image',NULL,NULL,NULL),(194,0,2,'Promo Description',NULL,NULL,NULL),(195,0,2,'Title',NULL,NULL,NULL),(196,0,2,'Landing page',NULL,NULL,NULL),(197,0,2,'Promo Title',NULL,NULL,NULL),(198,0,2,'Promo Image',NULL,NULL,NULL),(199,0,2,'Promo Description',NULL,NULL,NULL),(200,0,2,'Title',NULL,NULL,NULL),(201,0,2,'Landing page',NULL,NULL,NULL),(202,0,2,'CTA Label',NULL,NULL,NULL),(203,0,2,'Image',NULL,NULL,NULL),(204,0,2,'Description',NULL,NULL,NULL),(205,0,2,'CTA External Link',NULL,NULL,NULL),(206,0,2,'CTA Internal Link',NULL,NULL,NULL),(207,0,2,'Title',NULL,NULL,NULL),(209,0,2,'Description',NULL,NULL,NULL),(210,0,2,'CTA Label',NULL,NULL,NULL),(211,0,2,'Title',NULL,NULL,NULL),(212,0,2,'Notifications',NULL,NULL,NULL),(213,0,2,'Title',NULL,NULL,NULL),(214,0,2,'Notifications',NULL,NULL,NULL),(215,0,2,'Internal Link',NULL,NULL,NULL),(216,0,2,'External link',NULL,NULL,NULL),(217,0,2,'Title',NULL,NULL,NULL),(218,1,2,'New FieldDefinition',NULL,NULL,NULL),(219,0,2,'Is sub nav root',NULL,NULL,NULL),(220,0,2,'Is sub nav root',NULL,NULL,NULL);
/*!40000 ALTER TABLE `ezcontentclass_attribute_ml` ENABLE KEYS */;
UNLOCK TABLES;

--
-- Table structure for table `ezcontentclass_classgroup`
--

DROP TABLE IF EXISTS `ezcontentclass_classgroup`;
/*!40101 SET @saved_cs_client     = @@character_set_client */;
/*!40101 SET character_set_client = utf8 */;
CREATE TABLE `ezcontentclass_classgroup` (
  `contentclass_id` int(11) NOT NULL DEFAULT 0,
  `contentclass_version` int(11) NOT NULL DEFAULT 0,
  `group_id` int(11) NOT NULL DEFAULT 0,
  `group_name` varchar(255) COLLATE utf8mb4_unicode_520_ci DEFAULT NULL,
  PRIMARY KEY (`contentclass_id`,`contentclass_version`,`group_id`)
) ENGINE=InnoDB DEFAULT CHARSET=utf8mb4 COLLATE=utf8mb4_unicode_520_ci;
/*!40101 SET character_set_client = @saved_cs_client */;

--
-- Dumping data for table `ezcontentclass_classgroup`
--

LOCK TABLES `ezcontentclass_classgroup` WRITE;
/*!40000 ALTER TABLE `ezcontentclass_classgroup` DISABLE KEYS */;
INSERT INTO `ezcontentclass_classgroup` VALUES (1,0,1,'Content'),(2,0,1,'Content'),(3,0,2,'Users'),(4,0,2,'Users'),(5,0,3,'Media'),(12,0,3,'Media'),(42,0,1,'Content'),(43,0,1,'Content'),(44,0,4,'AXP'),(45,0,4,'AXP'),(46,0,4,'AXP'),(47,0,4,'AXP'),(48,0,4,'AXP'),(49,0,4,'AXP'),(50,0,4,'AXP');
/*!40000 ALTER TABLE `ezcontentclass_classgroup` ENABLE KEYS */;
UNLOCK TABLES;

--
-- Table structure for table `ezcontentclass_name`
--

DROP TABLE IF EXISTS `ezcontentclass_name`;
/*!40101 SET @saved_cs_client     = @@character_set_client */;
/*!40101 SET character_set_client = utf8 */;
CREATE TABLE `ezcontentclass_name` (
  `contentclass_id` int(11) NOT NULL DEFAULT 0,
  `contentclass_version` int(11) NOT NULL DEFAULT 0,
  `language_id` bigint(20) NOT NULL DEFAULT 0,
  `language_locale` varchar(20) COLLATE utf8mb4_unicode_520_ci NOT NULL DEFAULT '',
  `name` varchar(255) COLLATE utf8mb4_unicode_520_ci NOT NULL DEFAULT '',
  PRIMARY KEY (`contentclass_id`,`contentclass_version`,`language_id`)
) ENGINE=InnoDB DEFAULT CHARSET=utf8mb4 COLLATE=utf8mb4_unicode_520_ci;
/*!40101 SET character_set_client = @saved_cs_client */;

--
-- Dumping data for table `ezcontentclass_name`
--

LOCK TABLES `ezcontentclass_name` WRITE;
/*!40000 ALTER TABLE `ezcontentclass_name` DISABLE KEYS */;
INSERT INTO `ezcontentclass_name` VALUES (1,0,2,'eng-GB','Folder'),(2,0,3,'eng-GB','Article'),(3,0,3,'eng-GB','User group'),(4,0,3,'eng-GB','User'),(5,0,3,'eng-GB','Image'),(12,0,3,'eng-GB','File'),(42,0,2,'eng-GB','Landing page'),(43,0,2,'eng-GB','Form'),(44,0,2,'eng-GB','AXP Landing page'),(45,0,2,'eng-GB','AXP Infopage'),(46,0,2,'eng-GB','AXP Hero'),(47,0,2,'eng-GB','AXP Notification'),(48,0,2,'eng-GB','AXP Header'),(49,0,2,'eng-GB','AXP Footer'),(50,0,2,'eng-GB','AXP Link');
/*!40000 ALTER TABLE `ezcontentclass_name` ENABLE KEYS */;
UNLOCK TABLES;

--
-- Table structure for table `ezcontentclassgroup`
--

DROP TABLE IF EXISTS `ezcontentclassgroup`;
/*!40101 SET @saved_cs_client     = @@character_set_client */;
/*!40101 SET character_set_client = utf8 */;
CREATE TABLE `ezcontentclassgroup` (
  `id` int(11) NOT NULL AUTO_INCREMENT,
  `created` int(11) NOT NULL DEFAULT 0,
  `creator_id` int(11) NOT NULL DEFAULT 0,
  `modified` int(11) NOT NULL DEFAULT 0,
  `modifier_id` int(11) NOT NULL DEFAULT 0,
  `name` varchar(255) COLLATE utf8mb4_unicode_520_ci DEFAULT NULL,
  PRIMARY KEY (`id`)
) ENGINE=InnoDB AUTO_INCREMENT=5 DEFAULT CHARSET=utf8mb4 COLLATE=utf8mb4_unicode_520_ci;
/*!40101 SET character_set_client = @saved_cs_client */;

--
-- Dumping data for table `ezcontentclassgroup`
--

LOCK TABLES `ezcontentclassgroup` WRITE;
/*!40000 ALTER TABLE `ezcontentclassgroup` DISABLE KEYS */;
INSERT INTO `ezcontentclassgroup` VALUES (1,1031216928,14,1033922106,14,'Content'),(2,1031216941,14,1033922113,14,'Users'),(3,1032009743,14,1033922120,14,'Media'),(4,1622835286,14,1622835286,14,'AXP');
/*!40000 ALTER TABLE `ezcontentclassgroup` ENABLE KEYS */;
UNLOCK TABLES;

--
-- Table structure for table `ezcontentobject`
--

DROP TABLE IF EXISTS `ezcontentobject`;
/*!40101 SET @saved_cs_client     = @@character_set_client */;
/*!40101 SET character_set_client = utf8 */;
CREATE TABLE `ezcontentobject` (
  `id` int(11) NOT NULL AUTO_INCREMENT,
  `contentclass_id` int(11) NOT NULL DEFAULT 0,
  `current_version` int(11) DEFAULT NULL,
  `initial_language_id` bigint(20) NOT NULL DEFAULT 0,
  `language_mask` bigint(20) NOT NULL DEFAULT 0,
  `modified` int(11) NOT NULL DEFAULT 0,
  `name` varchar(255) COLLATE utf8mb4_unicode_520_ci DEFAULT NULL,
  `owner_id` int(11) NOT NULL DEFAULT 0,
  `published` int(11) NOT NULL DEFAULT 0,
  `remote_id` varchar(100) COLLATE utf8mb4_unicode_520_ci DEFAULT NULL,
  `section_id` int(11) NOT NULL DEFAULT 0,
  `status` int(11) DEFAULT 0,
  `is_hidden` tinyint(1) NOT NULL DEFAULT 0,
  PRIMARY KEY (`id`),
  UNIQUE KEY `ezcontentobject_remote_id` (`remote_id`),
  KEY `ezcontentobject_classid` (`contentclass_id`),
  KEY `ezcontentobject_lmask` (`language_mask`),
  KEY `ezcontentobject_pub` (`published`),
  KEY `ezcontentobject_section` (`section_id`),
  KEY `ezcontentobject_currentversion` (`current_version`),
  KEY `ezcontentobject_owner` (`owner_id`),
  KEY `ezcontentobject_status` (`status`)
) ENGINE=InnoDB AUTO_INCREMENT=92 DEFAULT CHARSET=utf8mb4 COLLATE=utf8mb4_unicode_520_ci;
/*!40101 SET character_set_client = @saved_cs_client */;

--
-- Dumping data for table `ezcontentobject`
--

LOCK TABLES `ezcontentobject` WRITE;
/*!40000 ALTER TABLE `ezcontentobject` DISABLE KEYS */;
INSERT INTO `ezcontentobject` VALUES (1,1,9,2,3,1448889046,'Ibexa Platform',14,1448889046,'9459d3c29e15006e45197295722c7ade',1,2,0),(4,3,1,2,3,1033917596,'Users',14,1033917596,'f5c88a2209584891056f987fd965b0ba',2,1,0),(10,4,2,2,3,1072180405,'Anonymous User',14,1033920665,'faaeb9be3bd98ed09f606fc16d144eca',2,1,0),(11,3,1,2,3,1033920746,'Guest accounts',14,1033920746,'5f7f0bdb3381d6a461d8c29ff53d908f',2,1,0),(12,3,1,2,3,1033920775,'Administrator users',14,1033920775,'9b47a45624b023b1a76c73b74d704acf',2,1,0),(13,3,1,2,3,1033920794,'Editors',14,1033920794,'3c160cca19fb135f83bd02d911f04db2',2,1,0),(14,4,3,2,3,1301062024,'Administrator User',14,1033920830,'1bb4fe25487f05527efa8bfd394cecc7',2,1,0),(41,1,1,2,3,1060695457,'Media',14,1060695457,'a6e35cbcb7cd6ae4b691f3eee30cd262',3,1,0),(42,3,1,2,3,1072180330,'Anonymous Users',14,1072180330,'15b256dbea2ae72418ff5facc999e8f9',2,1,0),(49,1,1,2,3,1080220197,'Images',14,1080220197,'e7ff633c6b8e0fd3531e74c6e712bead',3,1,0),(50,1,1,2,3,1080220220,'Files',14,1080220220,'732a5acd01b51a6fe6eab448ad4138a9',3,1,0),(51,1,1,2,3,1080220233,'Multimedia',14,1080220233,'09082deb98662a104f325aaa8c4933d3',3,1,0),(52,42,1,2,3,1442481743,'Ibexa Digital Experience Platform',14,1442481743,'34720ff636e1d4ce512f762dc638e4ac',1,1,0),(53,1,1,2,3,1486473151,'Form Uploads',14,1486473151,'6797ab09a3e84316f09c4ccabce90e2d',3,1,0),(54,1,1,2,2,1537166893,'Forms',14,1537166893,'9e863fbb0fb835ce050032b4f00de61d',6,1,0),(55,1,1,2,3,1586855342,'Site skeletons',14,1586855342,'1ac4a4b7108e607682beaba14ba860c5',7,1,0),(57,44,32,2,3,1627083408,'AXP Home',14,1622836809,'6b146d64742629f73ed41f940512efca',1,1,0),(59,5,4,2,3,1624483433,'Sit amet Dolor',14,1622948256,'4cea0f9e3541e444b76e08d218c90712',3,1,0),(60,5,1,2,3,1623796085,'Lorem',14,1623796085,'6303f24423073e049623cabd5b591619',3,2,0),(63,45,2,2,3,1626536674,'Lorem Ipsum sit amet',14,1624034263,'38ed1f70a01a8b8f25d2b88c7505ed0c',1,1,0),(64,5,1,2,3,1624034225,'basura.png',14,1624034225,'a3a9cce0c70af92800c851b5f49eb45f',3,2,0),(65,1,1,2,3,1624244274,'Test Content',14,1624244274,'370fdcfbbe3d0b482d87bc19e764ea54',3,1,0),(66,1,1,2,3,1624244309,'Hero images',14,1624244309,'c9c428273f4efe8b770df61590f093df',3,1,0),(67,5,1,2,3,1624244475,'Test1',14,1624244475,'106823987ba961dce1aae9648fbe3d49',3,2,0),(68,46,2,2,3,1624245500,'Lorem ipsum dolor',14,1624244721,'b0291753161b4a7be61f122c75765c5d',3,2,0),(69,5,1,2,3,1624244667,'Test1',14,1624244667,'4a99d01ca9537da0031fd6fba0136cc4',3,2,0),(70,5,1,2,3,1624245926,'basura.png',14,1624245926,'be43fa17badb99dc4b78963c5b614e2d',3,2,0),(71,46,2,2,3,1624311325,'Lorem ipsum dolor',14,1624248941,'d802d93f76ed238e4bae4e22468662d2',3,2,0),(72,5,1,2,3,1624248872,'Captura de pantalla de 2021-06-18 09-59-26.png',14,1624248872,'c841138839825156961bf7bc1bd69cc3',3,2,0),(73,46,2,2,3,1626536591,'Integer facilisis semper',14,1624249205,'ac650dcb921b15723cf840e56ddddb1f',3,2,0),(74,5,1,2,3,1624249203,'basura.png',14,1624249203,'d1b564171a4d3ca4ab4cef2a169477d1',3,2,0),(75,5,1,2,3,1624311259,'Hero1',14,1624311259,'f3185d123d39409632f3f3804ffd13bd',3,1,0),(76,1,1,2,3,1625982954,'AXP System',14,1625982954,'66c4865875f84293c0edd8dc945f8157',3,1,0),(77,48,2,2,3,1626139185,'AXP Header',14,1625982986,'65cb2999abec127680e6f973e966da9b',3,1,0),(78,49,2,2,3,1626139144,'AXP Footer',14,1625983007,'9160e6c0f48ae64997ef2166abfd4526',3,1,0),(79,1,1,2,3,1626057079,'Utility Nav',14,1626057079,'9a92ca90cf84a4da9ff7266586279d09',3,1,0),(80,1,2,2,3,1626139062,'Notifications',14,1626139045,'9af9dc5f3872cf464e4b50d9600ad34d',3,1,0),(81,47,1,2,3,1626139101,'Integer facilisis semper',14,1626139101,'1d2ffa97e7daafb94e630483f91d26bf',3,1,0),(82,45,1,2,3,1626214974,'Nulla porttitor accumsan tincidunt.',14,1626214974,'a075f9677b82af0d04009ea0a59ba428',1,1,0),(83,44,3,2,3,1626480204,'Sed porttitor lectus nibh.',14,1626475828,'ed8483e3f034d0f33de2c29515c59e4d',1,1,0),(84,45,1,2,3,1626475928,'Proin eget tortor risus.',14,1626475928,'5fb5f93dc021da7b55b8967be9e34404',1,1,0),(85,45,1,2,3,1626476557,'Curabitur arcu erat',14,1626476557,'104f35c1f3abb002ea0e678f34bf897f',1,1,0),(86,50,1,2,3,1627068312,'Custom Link Test 1',14,1627068312,'5a88fcfde7992886601f5cfa7427aedb',1,1,0),(87,50,3,2,3,1627076626,'Custom Link Test 2',14,1627068326,'44c11b951316e1ae3eea3bdeff3db7c4',1,1,0),(88,50,3,2,3,1627068386,'Custom Link Test 3',14,1627068373,'9ddcdc4feb2ec3d55a11afd7cd5655d4',1,1,0),(89,46,1,2,3,1627081305,'Pellentesque in ipsum',14,1627081305,'3d2ee9ed6016d0beadc229871b8ebf98',3,1,0),(90,46,2,2,3,1627081377,'Nulla porttitor accumsan tincidunt.',14,1627081333,'acbe05a0d610383c9c75eccfd8fc726e',3,1,0),(91,1,1,2,3,1627506583,'test',14,1627506583,'51092031653f313985412514ca8986a2',1,2,0);
/*!40000 ALTER TABLE `ezcontentobject` ENABLE KEYS */;
UNLOCK TABLES;

--
-- Table structure for table `ezcontentobject_attribute`
--

DROP TABLE IF EXISTS `ezcontentobject_attribute`;
/*!40101 SET @saved_cs_client     = @@character_set_client */;
/*!40101 SET character_set_client = utf8 */;
CREATE TABLE `ezcontentobject_attribute` (
  `id` int(11) NOT NULL AUTO_INCREMENT,
  `version` int(11) NOT NULL DEFAULT 0,
  `attribute_original_id` int(11) DEFAULT 0,
  `contentclassattribute_id` int(11) NOT NULL DEFAULT 0,
  `contentobject_id` int(11) NOT NULL DEFAULT 0,
  `data_float` double DEFAULT NULL,
  `data_int` int(11) DEFAULT NULL,
  `data_text` longtext COLLATE utf8mb4_unicode_520_ci DEFAULT NULL,
  `data_type_string` varchar(50) COLLATE utf8mb4_unicode_520_ci DEFAULT '',
  `language_code` varchar(20) COLLATE utf8mb4_unicode_520_ci NOT NULL DEFAULT '',
  `language_id` bigint(20) NOT NULL DEFAULT 0,
  `sort_key_int` int(11) NOT NULL DEFAULT 0,
  `sort_key_string` varchar(255) COLLATE utf8mb4_unicode_520_ci NOT NULL DEFAULT '',
  PRIMARY KEY (`id`,`version`),
  KEY `ezcontentobject_attribute_co_id_ver_lang_code` (`contentobject_id`,`version`,`language_code`),
  KEY `ezcontentobject_classattr_id` (`contentclassattribute_id`),
  KEY `sort_key_string` (`sort_key_string`(191)),
  KEY `ezcontentobject_attribute_language_code` (`language_code`),
  KEY `sort_key_int` (`sort_key_int`)
) ENGINE=InnoDB AUTO_INCREMENT=408 DEFAULT CHARSET=utf8mb4 COLLATE=utf8mb4_unicode_520_ci;
/*!40101 SET character_set_client = @saved_cs_client */;

--
-- Dumping data for table `ezcontentobject_attribute`
--

LOCK TABLES `ezcontentobject_attribute` WRITE;
/*!40000 ALTER TABLE `ezcontentobject_attribute` DISABLE KEYS */;
INSERT INTO `ezcontentobject_attribute` VALUES (1,9,0,4,1,NULL,NULL,'Ibexa Platform','ezstring','eng-GB',3,0,'ibexa platform'),(2,9,0,119,1,NULL,NULL,'<?xml version=\"1.0\" encoding=\"UTF-8\"?><section xmlns=\"http://docbook.org/ns/docbook\" xmlns:xlink=\"http://www.w3.org/1999/xlink\" xmlns:ezxhtml=\"http://ez.no/xmlns/ezpublish/docbook/xhtml\" xmlns:ezcustom=\"http://ez.no/xmlns/ezpublish/docbook/custom\" version=\"5.0-variant ezpublish-1.0\"><para><emphasis role=\"strong\">You are now ready to start your project.</emphasis></para></section>','ezrichtext','eng-GB',3,0,''),(7,1,0,7,4,NULL,NULL,'Main group','ezstring','eng-GB',3,0,''),(8,1,0,6,4,NULL,NULL,'Users','ezstring','eng-GB',3,0,''),(19,2,0,8,10,0,0,'Anonymous','ezstring','eng-GB',3,0,'anonymous'),(20,2,0,9,10,0,0,'User','ezstring','eng-GB',3,0,'user'),(21,2,0,12,10,0,0,'','ezuser','eng-GB',3,0,''),(22,1,0,6,11,0,0,'Guest accounts','ezstring','eng-GB',3,0,''),(23,1,0,7,11,0,0,'','ezstring','eng-GB',3,0,''),(24,1,0,6,12,0,0,'Administrator users','ezstring','eng-GB',3,0,''),(25,1,0,7,12,0,0,'','ezstring','eng-GB',3,0,''),(26,1,0,6,13,0,0,'Editors','ezstring','eng-GB',3,0,''),(27,1,0,7,13,0,0,'','ezstring','eng-GB',3,0,''),(28,3,0,8,14,0,0,'Administrator','ezstring','eng-GB',3,0,'administrator'),(29,3,0,9,14,0,0,'User','ezstring','eng-GB',3,0,'user'),(30,3,30,12,14,0,0,'','ezuser','eng-GB',3,0,''),(98,1,0,4,41,0,0,'Media','ezstring','eng-GB',3,0,''),(99,1,0,119,41,0,1045487555,'<?xml version=\"1.0\" encoding=\"UTF-8\"?>\n<section xmlns=\"http://docbook.org/ns/docbook\" xmlns:xlink=\"http://www.w3.org/1999/xlink\" xmlns:ezxhtml=\"http://ez.no/xmlns/ezpublish/docbook/xhtml\" xmlns:ezcustom=\"http://ez.no/xmlns/ezpublish/docbook/custom\" version=\"5.0-variant ezpublish-1.0\"/>\n','ezrichtext','eng-GB',3,0,''),(100,1,0,6,42,0,0,'Anonymous Users','ezstring','eng-GB',3,0,'anonymous users'),(101,1,0,7,42,0,0,'User group for the anonymous user','ezstring','eng-GB',3,0,'user group for the anonymous user'),(102,9,0,155,1,NULL,NULL,'Ibexa Platform','ezstring','eng-GB',3,0,'ibexa platform'),(103,1,0,155,41,0,0,'','ezstring','eng-GB',3,0,''),(104,9,0,156,1,NULL,NULL,'<?xml version=\"1.0\" encoding=\"UTF-8\"?><section xmlns=\"http://docbook.org/ns/docbook\" xmlns:xlink=\"http://www.w3.org/1999/xlink\" xmlns:ezxhtml=\"http://ez.no/xmlns/ezpublish/docbook/xhtml\" xmlns:ezcustom=\"http://ez.no/xmlns/ezpublish/docbook/custom\" version=\"5.0-variant ezpublish-1.0\"><para>This is the clean installation coming with Ibexa Platform.</para><para>It\'s a bare-bones setup of the Platform, an excellent foundation to build upon if you want to start your project from scratch.</para></section>','ezrichtext','eng-GB',3,0,''),(105,1,0,156,41,0,1045487555,'<?xml version=\"1.0\" encoding=\"UTF-8\"?>\n<section xmlns=\"http://docbook.org/ns/docbook\" xmlns:xlink=\"http://www.w3.org/1999/xlink\" xmlns:ezxhtml=\"http://ez.no/xmlns/ezpublish/docbook/xhtml\" xmlns:ezcustom=\"http://ez.no/xmlns/ezpublish/docbook/custom\" version=\"5.0-variant ezpublish-1.0\"/>\n','ezrichtext','eng-GB',3,0,''),(142,1,0,4,49,0,0,'Images','ezstring','eng-GB',3,0,'images'),(143,1,0,155,49,0,0,'','ezstring','eng-GB',3,0,''),(144,1,0,119,49,0,1045487555,'<?xml version=\"1.0\" encoding=\"UTF-8\"?>\n<section xmlns=\"http://docbook.org/ns/docbook\" xmlns:xlink=\"http://www.w3.org/1999/xlink\" xmlns:ezxhtml=\"http://ez.no/xmlns/ezpublish/docbook/xhtml\" xmlns:ezcustom=\"http://ez.no/xmlns/ezpublish/docbook/custom\" version=\"5.0-variant ezpublish-1.0\"/>\n','ezrichtext','eng-GB',3,0,''),(145,1,0,156,49,0,1045487555,'<?xml version=\"1.0\" encoding=\"UTF-8\"?>\n<section xmlns=\"http://docbook.org/ns/docbook\" xmlns:xlink=\"http://www.w3.org/1999/xlink\" xmlns:ezxhtml=\"http://ez.no/xmlns/ezpublish/docbook/xhtml\" xmlns:ezcustom=\"http://ez.no/xmlns/ezpublish/docbook/custom\" version=\"5.0-variant ezpublish-1.0\"/>\n','ezrichtext','eng-GB',3,0,''),(147,1,0,4,50,0,0,'Files','ezstring','eng-GB',3,0,'files'),(148,1,0,155,50,0,0,'','ezstring','eng-GB',3,0,''),(149,1,0,119,50,0,1045487555,'<?xml version=\"1.0\" encoding=\"UTF-8\"?>\n<section xmlns=\"http://docbook.org/ns/docbook\" xmlns:xlink=\"http://www.w3.org/1999/xlink\" xmlns:ezxhtml=\"http://ez.no/xmlns/ezpublish/docbook/xhtml\" xmlns:ezcustom=\"http://ez.no/xmlns/ezpublish/docbook/custom\" version=\"5.0-variant ezpublish-1.0\"/>\n','ezrichtext','eng-GB',3,0,''),(150,1,0,156,50,0,1045487555,'<?xml version=\"1.0\" encoding=\"UTF-8\"?>\n<section xmlns=\"http://docbook.org/ns/docbook\" xmlns:xlink=\"http://www.w3.org/1999/xlink\" xmlns:ezxhtml=\"http://ez.no/xmlns/ezpublish/docbook/xhtml\" xmlns:ezcustom=\"http://ez.no/xmlns/ezpublish/docbook/custom\" version=\"5.0-variant ezpublish-1.0\"/>\n','ezrichtext','eng-GB',3,0,''),(152,1,0,4,51,0,0,'Multimedia','ezstring','eng-GB',3,0,'multimedia'),(153,1,0,155,51,0,0,'','ezstring','eng-GB',3,0,''),(154,1,0,119,51,0,1045487555,'<?xml version=\"1.0\" encoding=\"UTF-8\"?>\n<section xmlns=\"http://docbook.org/ns/docbook\" xmlns:xlink=\"http://www.w3.org/1999/xlink\" xmlns:ezxhtml=\"http://ez.no/xmlns/ezpublish/docbook/xhtml\" xmlns:ezcustom=\"http://ez.no/xmlns/ezpublish/docbook/custom\" version=\"5.0-variant ezpublish-1.0\"/>\n','ezrichtext','eng-GB',3,0,''),(155,1,0,156,51,0,1045487555,'<?xml version=\"1.0\" encoding=\"UTF-8\"?>\n<section xmlns=\"http://docbook.org/ns/docbook\" xmlns:xlink=\"http://www.w3.org/1999/xlink\" xmlns:ezxhtml=\"http://ez.no/xmlns/ezpublish/docbook/xhtml\" xmlns:ezcustom=\"http://ez.no/xmlns/ezpublish/docbook/custom\" version=\"5.0-variant ezpublish-1.0\"/>\n','ezrichtext','eng-GB',3,0,''),(177,2,0,179,10,0,0,'','eztext','eng-GB',3,0,''),(178,3,0,179,14,0,0,'','eztext','eng-GB',3,0,''),(179,2,0,180,10,0,0,'','ezimage','eng-GB',3,0,''),(180,3,0,180,14,0,0,'<?xml version=\"1.0\" encoding=\"utf-8\"?>\n<ezimage serial_number=\"1\" is_valid=\"\" filename=\"\" suffix=\"\" basename=\"\" dirpath=\"\" url=\"\" original_filename=\"\" mime_type=\"\" width=\"\" height=\"\" alternative_text=\"\" alias_key=\"1293033771\" timestamp=\"1301057722\"><original attribute_id=\"180\" attribute_version=\"3\" attribute_language=\"eng-GB\"/></ezimage>\n','ezimage','eng-GB',3,0,''),(242,1,0,185,52,NULL,NULL,'Ibexa Digital Experience Platform','ezstring','eng-GB',3,0,'ibexa digital experience platform'),(243,1,0,186,52,NULL,NULL,'You are now ready to start your project.','ezstring','eng-GB',3,0,'you are now ready to start your project.'),(244,1,0,187,52,NULL,NULL,NULL,'ezlandingpage','eng-GB',3,0,'ibexa digital experience platform'),(245,1,0,4,53,NULL,NULL,'Form Uploads','ezstring','eng-GB',3,0,'form uploads'),(246,1,0,155,53,NULL,NULL,'form uploads','ezstring','eng-GB',3,0,'form uploads'),(247,1,0,119,53,NULL,NULL,'<?xml version=\"1.0\" encoding=\"UTF-8\"?>\n<section xmlns=\"http://docbook.org/ns/docbook\" xmlns:xlink=\"http://www.w3.org/1999/xlink\" xmlns:ezxhtml=\"http://ez.no/xmlns/ezpublish/docbook/xhtml\" xmlns:ezcustom=\"http://ez.no/xmlns/ezpublish/docbook/custom\" version=\"5.0-variant ezpublish-1.0\"><para>Folder for file uploads</para></section>\n','ezrichtext','eng-GB',3,0,''),(248,1,0,156,53,NULL,NULL,'<?xml version=\"1.0\" encoding=\"UTF-8\"?>\n<section xmlns=\"http://docbook.org/ns/docbook\" xmlns:xlink=\"http://www.w3.org/1999/xlink\" version=\"5.0-variant ezpublish-1.0\"/>\n','ezrichtext','eng-GB',3,0,''),(249,1,0,4,54,NULL,NULL,'Forms','ezstring','eng-GB',2,0,'forms'),(250,1,0,155,54,NULL,NULL,NULL,'ezstring','eng-GB',2,0,''),(251,1,0,119,54,NULL,NULL,'<?xml version=\"1.0\" encoding=\"UTF-8\"?>\n<section xmlns=\"http://docbook.org/ns/docbook\" xmlns:xlink=\"http://www.w3.org/1999/xlink\" version=\"5.0-variant ezpublish-1.0\"/>\n','ezrichtext','eng-GB',2,0,''),(252,1,0,156,54,NULL,NULL,'<?xml version=\"1.0\" encoding=\"UTF-8\"?>\n<section xmlns=\"http://docbook.org/ns/docbook\" xmlns:xlink=\"http://www.w3.org/1999/xlink\" version=\"5.0-variant ezpublish-1.0\"/>\n','ezrichtext','eng-GB',2,0,''),(253,1,0,4,55,NULL,NULL,'Site skeletons','ezstring','eng-GB',3,0,'site skeletons'),(254,1,0,155,55,NULL,NULL,NULL,'ezstring','eng-GB',3,0,''),(255,1,0,119,55,NULL,NULL,'<?xml version=\"1.0\" encoding=\"UTF-8\"?>\n<section xmlns=\"http://docbook.org/ns/docbook\" xmlns:xlink=\"http://www.w3.org/1999/xlink\" version=\"5.0-variant ezpublish-1.0\"/>\n','ezrichtext','eng-GB',3,0,''),(256,1,0,156,55,NULL,NULL,'<?xml version=\"1.0\" encoding=\"UTF-8\"?>\n<section xmlns=\"http://docbook.org/ns/docbook\" xmlns:xlink=\"http://www.w3.org/1999/xlink\" version=\"5.0-variant ezpublish-1.0\"/>\n','ezrichtext','eng-GB',3,0,''),(259,27,0,190,57,NULL,NULL,'AXP Home','ezstring','eng-GB',3,0,'axp home'),(259,28,0,190,57,NULL,NULL,'AXP Home','ezstring','eng-GB',3,0,'axp home'),(259,29,0,190,57,NULL,NULL,'AXP Home','ezstring','eng-GB',3,0,'axp home'),(259,30,0,190,57,NULL,NULL,'AXP Home','ezstring','eng-GB',3,0,'axp home'),(259,31,0,190,57,NULL,NULL,'AXP Home','ezstring','eng-GB',3,0,'axp home'),(259,32,0,190,57,NULL,NULL,'AXP Home','ezstring','eng-GB',3,0,'axp home'),(260,27,0,191,57,NULL,NULL,NULL,'ezlandingpage','eng-GB',3,0,''),(260,28,0,191,57,NULL,NULL,NULL,'ezlandingpage','eng-GB',3,0,''),(260,29,0,191,57,NULL,NULL,NULL,'ezlandingpage','eng-GB',3,0,''),(260,30,0,191,57,NULL,NULL,NULL,'ezlandingpage','eng-GB',3,0,''),(260,31,0,191,57,NULL,NULL,NULL,'ezlandingpage','eng-GB',3,0,''),(260,32,0,191,57,NULL,NULL,NULL,'ezlandingpage','eng-GB',3,0,''),(264,1,0,116,59,NULL,NULL,'sfgdfg','ezstring','eng-GB',3,0,'sfgdfg'),(264,2,0,116,59,NULL,NULL,'sfgdfg','ezstring','eng-GB',3,0,'sfgdfg'),(264,3,0,116,59,NULL,NULL,'sfgdfg','ezstring','eng-GB',3,0,'sfgdfg'),(264,4,0,116,59,NULL,NULL,'Sit amet Dolor','ezstring','eng-GB',3,0,'sit amet dolor'),(265,1,0,117,59,NULL,NULL,'<?xml version=\"1.0\" encoding=\"UTF-8\"?>\n<section xmlns=\"http://docbook.org/ns/docbook\" xmlns:xlink=\"http://www.w3.org/1999/xlink\" xmlns:ezxhtml=\"http://ez.no/xmlns/ezpublish/docbook/xhtml\" xmlns:ezcustom=\"http://ez.no/xmlns/ezpublish/docbook/custom\" version=\"5.0-variant ezpublish-1.0\"><para>sgsdfg</para></section>\n','ezrichtext','eng-GB',3,0,'sgsdfg'),(265,2,0,117,59,NULL,NULL,'<?xml version=\"1.0\" encoding=\"UTF-8\"?>\n<section xmlns=\"http://docbook.org/ns/docbook\" xmlns:xlink=\"http://www.w3.org/1999/xlink\" xmlns:ezxhtml=\"http://ez.no/xmlns/ezpublish/docbook/xhtml\" xmlns:ezcustom=\"http://ez.no/xmlns/ezpublish/docbook/custom\" version=\"5.0-variant ezpublish-1.0\"><para>sgsdfg</para></section>\n','ezrichtext','eng-GB',3,0,'sgsdfg'),(265,3,0,117,59,NULL,NULL,'<?xml version=\"1.0\" encoding=\"UTF-8\"?>\n<section xmlns=\"http://docbook.org/ns/docbook\" xmlns:xlink=\"http://www.w3.org/1999/xlink\" xmlns:ezxhtml=\"http://ez.no/xmlns/ezpublish/docbook/xhtml\" xmlns:ezcustom=\"http://ez.no/xmlns/ezpublish/docbook/custom\" version=\"5.0-variant ezpublish-1.0\"><para>sgsdfg</para></section>\n','ezrichtext','eng-GB',3,0,'sgsdfg'),(265,4,0,117,59,NULL,NULL,'<?xml version=\"1.0\" encoding=\"UTF-8\"?>\n<section xmlns=\"http://docbook.org/ns/docbook\" xmlns:xlink=\"http://www.w3.org/1999/xlink\" xmlns:ezxhtml=\"http://ez.no/xmlns/ezpublish/docbook/xhtml\" xmlns:ezcustom=\"http://ez.no/xmlns/ezpublish/docbook/custom\" version=\"5.0-variant ezpublish-1.0\"><para>Sit Amet dolor</para></section>\n','ezrichtext','eng-GB',3,0,'Sit Amet dolor'),(266,1,0,118,59,NULL,NULL,'<?xml version=\"1.0\" encoding=\"utf-8\"?>\n<ezimage serial_number=\"1\" is_valid=\"1\" filename=\"basura.png\"\n    suffix=\"png\" basename=\"basura\" dirpath=\"var/site/storage/images/6/6/2/0/266-1-eng-GB\" url=\"var/site/storage/images/6/6/2/0/266-1-eng-GB/basura.png\"\n    original_filename=\"basura.png\" mime_type=\"image/png\" width=\"1340\"\n    height=\"697\" alternative_text=\"dfgdg\" alias_key=\"1293033771\" timestamp=\"1622948256\">\n  <original attribute_id=\"266\" attribute_version=\"1\" attribute_language=\"eng-GB\"/>\n  <information Height=\"697\" Width=\"1340\" IsColor=\"1\"/>\n  <additional_data/>\n</ezimage>','ezimage','eng-GB',3,0,''),(266,2,0,118,59,NULL,NULL,'<?xml version=\"1.0\" encoding=\"utf-8\"?>\n<ezimage serial_number=\"1\" is_valid=\"1\" filename=\"IMG_20210602_222637 (1).jpeg\"\n    suffix=\"jpeg\" basename=\"IMG_20210602_222637 (1)\" dirpath=\"var/site/storage/images/6/6/2/0/266-2-eng-GB\" url=\"var/site/storage/images/6/6/2/0/266-2-eng-GB/IMG_20210602_222637 (1).jpeg\"\n    original_filename=\"IMG_20210602_222637 (1).jpeg\" mime_type=\"image/jpeg\" width=\"4640\"\n    height=\"3472\" alternative_text=\"dfgdg\" alias_key=\"1293033771\" timestamp=\"1623686786\">\n  <original attribute_id=\"266\" attribute_version=\"2\" attribute_language=\"eng-GB\"/>\n  <information Height=\"3472\" Width=\"4640\" IsColor=\"1\"/>\n  <additional_data/>\n</ezimage>','ezimage','eng-GB',3,0,''),(266,3,0,118,59,NULL,NULL,'<?xml version=\"1.0\" encoding=\"utf-8\"?>\n<ezimage serial_number=\"1\" is_valid=\"1\" filename=\"Hero2.jpeg\"\n    suffix=\"jpeg\" basename=\"Hero2\" dirpath=\"var/site/storage/images/6/6/2/0/266-3-eng-GB\" url=\"var/site/storage/images/6/6/2/0/266-3-eng-GB/Hero2.jpeg\"\n    original_filename=\"Hero2.jpeg\" mime_type=\"image/jpeg\" width=\"5433\"\n    height=\"3056\" alternative_text=\"dfgdg\" alias_key=\"1293033771\" timestamp=\"1624404987\">\n  <original attribute_id=\"266\" attribute_version=\"3\" attribute_language=\"eng-GB\"/>\n  <information Height=\"3056\" Width=\"5433\" IsColor=\"1\"/>\n  <additional_data/>\n</ezimage>','ezimage','eng-GB',3,0,''),(266,4,0,118,59,NULL,NULL,'<?xml version=\"1.0\" encoding=\"utf-8\"?>\n<ezimage serial_number=\"1\" is_valid=\"1\" filename=\"Hero2.jpeg\"\n    suffix=\"jpeg\" basename=\"Hero2\" dirpath=\"var/site/storage/images/6/6/2/0/266-3-eng-GB\" url=\"var/site/storage/images/6/6/2/0/266-3-eng-GB/Hero2.jpeg\"\n    original_filename=\"Hero2.jpeg\" mime_type=\"image/jpeg\" width=\"5433\"\n    height=\"3056\" alternative_text=\"dfgdg\" alias_key=\"1293033771\" timestamp=\"1624483433\">\n  <original attribute_id=\"266\" attribute_version=\"4\" attribute_language=\"eng-GB\"/>\n  <information Height=\"3056\" Width=\"5433\" IsColor=\"1\"/>\n  <additional_data/>\n</ezimage>','ezimage','eng-GB',3,0,''),(267,1,0,116,60,NULL,NULL,'Lorem','ezstring','eng-GB',3,0,'lorem'),(268,1,0,117,60,NULL,NULL,'<?xml version=\"1.0\" encoding=\"UTF-8\"?>\n<section xmlns=\"http://docbook.org/ns/docbook\" xmlns:xlink=\"http://www.w3.org/1999/xlink\" version=\"5.0-variant ezpublish-1.0\"/>\n','ezrichtext','eng-GB',3,0,''),(269,1,0,118,60,NULL,NULL,'<?xml version=\"1.0\" encoding=\"utf-8\"?>\n<ezimage serial_number=\"1\" is_valid=\"1\" filename=\"IMG_20210522_181705 (1).jpeg\"\n    suffix=\"jpeg\" basename=\"IMG_20210522_181705 (1)\" dirpath=\"var/site/storage/images/9/6/2/0/269-1-eng-GB\" url=\"var/site/storage/images/9/6/2/0/269-1-eng-GB/IMG_20210522_181705 (1).jpeg\"\n    original_filename=\"IMG_20210522_181705 (1).jpeg\" mime_type=\"image/jpeg\" width=\"3472\"\n    height=\"4640\" alternative_text=\"\" alias_key=\"1293033771\" timestamp=\"1623796085\">\n  <original attribute_id=\"269\" attribute_version=\"1\" attribute_language=\"eng-GB\"/>\n  <information Height=\"4640\" Width=\"3472\" IsColor=\"1\"/>\n  <additional_data/>\n</ezimage>','ezimage','eng-GB',3,0,''),(270,27,0,192,57,NULL,NULL,NULL,'ezstring','eng-GB',3,0,''),(270,28,0,192,57,NULL,NULL,NULL,'ezstring','eng-GB',3,0,''),(270,29,0,192,57,NULL,NULL,NULL,'ezstring','eng-GB',3,0,''),(270,30,0,192,57,NULL,NULL,NULL,'ezstring','eng-GB',3,0,''),(270,31,0,192,57,NULL,NULL,NULL,'ezstring','eng-GB',3,0,''),(270,32,0,192,57,NULL,NULL,NULL,'ezstring','eng-GB',3,0,''),(271,27,0,193,57,NULL,NULL,'{\"destinationContentId\":null,\"alternativeText\":null,\"source\":null}','ezimageasset','eng-GB',3,0,''),(271,28,0,193,57,NULL,NULL,'{\"destinationContentId\":null,\"alternativeText\":null,\"source\":null}','ezimageasset','eng-GB',3,0,''),(271,29,0,193,57,NULL,NULL,'{\"destinationContentId\":null,\"alternativeText\":null,\"source\":null}','ezimageasset','eng-GB',3,0,''),(271,30,0,193,57,NULL,NULL,'{\"destinationContentId\":null,\"alternativeText\":null,\"source\":null}','ezimageasset','eng-GB',3,0,''),(271,31,0,193,57,NULL,NULL,'{\"destinationContentId\":null,\"alternativeText\":null,\"source\":null}','ezimageasset','eng-GB',3,0,''),(271,32,0,193,57,NULL,NULL,'{\"destinationContentId\":null,\"alternativeText\":null,\"source\":null}','ezimageasset','eng-GB',3,0,''),(272,27,0,194,57,NULL,NULL,'<?xml version=\"1.0\" encoding=\"UTF-8\"?>\n<section xmlns=\"http://docbook.org/ns/docbook\" xmlns:xlink=\"http://www.w3.org/1999/xlink\" version=\"5.0-variant ezpublish-1.0\"/>\n','ezrichtext','eng-GB',3,0,''),(272,28,0,194,57,NULL,NULL,'<?xml version=\"1.0\" encoding=\"UTF-8\"?>\n<section xmlns=\"http://docbook.org/ns/docbook\" xmlns:xlink=\"http://www.w3.org/1999/xlink\" version=\"5.0-variant ezpublish-1.0\"/>\n','ezrichtext','eng-GB',3,0,''),(272,29,0,194,57,NULL,NULL,'<?xml version=\"1.0\" encoding=\"UTF-8\"?>\n<section xmlns=\"http://docbook.org/ns/docbook\" xmlns:xlink=\"http://www.w3.org/1999/xlink\" version=\"5.0-variant ezpublish-1.0\"/>\n','ezrichtext','eng-GB',3,0,''),(272,30,0,194,57,NULL,NULL,'<?xml version=\"1.0\" encoding=\"UTF-8\"?>\n<section xmlns=\"http://docbook.org/ns/docbook\" xmlns:xlink=\"http://www.w3.org/1999/xlink\" version=\"5.0-variant ezpublish-1.0\"/>\n','ezrichtext','eng-GB',3,0,''),(272,31,0,194,57,NULL,NULL,'<?xml version=\"1.0\" encoding=\"UTF-8\"?>\n<section xmlns=\"http://docbook.org/ns/docbook\" xmlns:xlink=\"http://www.w3.org/1999/xlink\" version=\"5.0-variant ezpublish-1.0\"/>\n','ezrichtext','eng-GB',3,0,''),(272,32,0,194,57,NULL,NULL,'<?xml version=\"1.0\" encoding=\"UTF-8\"?>\n<section xmlns=\"http://docbook.org/ns/docbook\" xmlns:xlink=\"http://www.w3.org/1999/xlink\" version=\"5.0-variant ezpublish-1.0\"/>\n','ezrichtext','eng-GB',3,0,''),(283,1,0,195,63,NULL,NULL,'Lorem Ipsum sit amet','ezstring','eng-GB',3,0,'lorem ipsum sit amet'),(283,2,0,195,63,NULL,NULL,'Lorem Ipsum sit amet','ezstring','eng-GB',3,0,'lorem ipsum sit amet'),(284,1,0,196,63,NULL,NULL,NULL,'ezlandingpage','eng-GB',3,0,''),(284,2,0,196,63,NULL,NULL,NULL,'ezlandingpage','eng-GB',3,0,''),(285,1,0,197,63,NULL,NULL,'Promo lorem','ezstring','eng-GB',3,0,'promo lorem'),(285,2,0,197,63,NULL,NULL,'Mauris blandit aliquet elit','ezstring','eng-GB',3,0,'mauris blandit aliquet elit'),(286,1,0,198,63,NULL,NULL,'{\"destinationContentId\":\"64\",\"alternativeText\":null,\"source\":null}','ezimageasset','eng-GB',3,0,''),(286,2,0,198,63,NULL,NULL,'{\"destinationContentId\":\"75\",\"alternativeText\":null,\"source\":null}','ezimageasset','eng-GB',3,0,''),(287,1,0,199,63,NULL,NULL,'<?xml version=\"1.0\" encoding=\"UTF-8\"?>\n<section xmlns=\"http://docbook.org/ns/docbook\" xmlns:xlink=\"http://www.w3.org/1999/xlink\" xmlns:ezxhtml=\"http://ez.no/xmlns/ezpublish/docbook/xhtml\" xmlns:ezcustom=\"http://ez.no/xmlns/ezpublish/docbook/custom\" version=\"5.0-variant ezpublish-1.0\"><para>svdsvdsvdsv</para></section>\n','ezrichtext','eng-GB',3,0,'svdsvdsvdsv'),(287,2,0,199,63,NULL,NULL,'<?xml version=\"1.0\" encoding=\"UTF-8\"?>\n<section xmlns=\"http://docbook.org/ns/docbook\" xmlns:xlink=\"http://www.w3.org/1999/xlink\" xmlns:ezxhtml=\"http://ez.no/xmlns/ezpublish/docbook/xhtml\" xmlns:ezcustom=\"http://ez.no/xmlns/ezpublish/docbook/custom\" version=\"5.0-variant ezpublish-1.0\"><para>Mauris blandit aliquet elit, eget tincidunt nibh pulvinar a. Proin eget tortor risus. Praesent sapien massa, convallis a pellentesque nec, egestas non nisi. Praesent sapien massa, convallis a pellentesque nec, egestas non nisi. Praesent sapien massa, convallis a pellentesque nec, egestas non nisi. Vestibulum ac diam sit amet quam vehicula elementum sed sit amet dui. Praesent sapien massa, convallis a pellentesque nec, egestas non nisi. Nulla porttitor accumsan tincidunt. Mauris blandit aliquet elit, eget tincidunt nibh pulvinar a. Vestibulum ac diam sit amet quam vehicula elementum sed sit amet dui.</para></section>\n','ezrichtext','eng-GB',3,0,'Mauris blandit aliquet elit, eget tincidunt nibh pulvinar a. Proin eget tortor risus. Praesent sapien massa, convallis a pellentesque nec, egestas non nisi. Praesent sapien massa, convallis a pellentesque nec, egestas non nisi. Praesent sapien massa, conv'),(288,1,0,116,64,NULL,NULL,'basura.png','ezstring','eng-GB',3,0,'basura.png'),(289,1,0,117,64,NULL,NULL,'<?xml version=\"1.0\" encoding=\"UTF-8\"?>\n<section xmlns=\"http://docbook.org/ns/docbook\" xmlns:xlink=\"http://www.w3.org/1999/xlink\" version=\"5.0-variant ezpublish-1.0\"/>\n','ezrichtext','eng-GB',3,0,''),(290,1,0,118,64,NULL,NULL,'<?xml version=\"1.0\" encoding=\"utf-8\"?>\n<ezimage serial_number=\"1\" is_valid=\"1\" filename=\"basura.png\"\n    suffix=\"png\" basename=\"basura\" dirpath=\"var/site/storage/images/0/9/2/0/290-1-eng-GB\" url=\"var/site/storage/images/0/9/2/0/290-1-eng-GB/basura.png\"\n    original_filename=\"basura.png\" mime_type=\"image/png\" width=\"1340\"\n    height=\"697\" alternative_text=\"\" alias_key=\"1293033771\" timestamp=\"1624034225\">\n  <original attribute_id=\"290\" attribute_version=\"1\" attribute_language=\"eng-GB\"/>\n  <information Height=\"697\" Width=\"1340\" IsColor=\"1\"/>\n  <additional_data/>\n</ezimage>','ezimage','eng-GB',3,0,''),(291,1,0,4,65,NULL,NULL,'Test Content','ezstring','eng-GB',3,0,'test content'),(292,1,0,155,65,NULL,NULL,NULL,'ezstring','eng-GB',3,0,''),(293,1,0,119,65,NULL,NULL,'<?xml version=\"1.0\" encoding=\"UTF-8\"?>\n<section xmlns=\"http://docbook.org/ns/docbook\" xmlns:xlink=\"http://www.w3.org/1999/xlink\" version=\"5.0-variant ezpublish-1.0\"/>\n','ezrichtext','eng-GB',3,0,''),(294,1,0,156,65,NULL,NULL,'<?xml version=\"1.0\" encoding=\"UTF-8\"?>\n<section xmlns=\"http://docbook.org/ns/docbook\" xmlns:xlink=\"http://www.w3.org/1999/xlink\" version=\"5.0-variant ezpublish-1.0\"/>\n','ezrichtext','eng-GB',3,0,''),(295,1,0,4,66,NULL,NULL,'Hero images','ezstring','eng-GB',3,0,'hero images'),(296,1,0,155,66,NULL,NULL,NULL,'ezstring','eng-GB',3,0,''),(297,1,0,119,66,NULL,NULL,'<?xml version=\"1.0\" encoding=\"UTF-8\"?>\n<section xmlns=\"http://docbook.org/ns/docbook\" xmlns:xlink=\"http://www.w3.org/1999/xlink\" version=\"5.0-variant ezpublish-1.0\"/>\n','ezrichtext','eng-GB',3,0,''),(298,1,0,156,66,NULL,NULL,'<?xml version=\"1.0\" encoding=\"UTF-8\"?>\n<section xmlns=\"http://docbook.org/ns/docbook\" xmlns:xlink=\"http://www.w3.org/1999/xlink\" version=\"5.0-variant ezpublish-1.0\"/>\n','ezrichtext','eng-GB',3,0,''),(299,1,0,116,67,NULL,NULL,'Test1','ezstring','eng-GB',3,0,'test1'),(300,1,0,117,67,NULL,NULL,'<?xml version=\"1.0\" encoding=\"UTF-8\"?>\n<section xmlns=\"http://docbook.org/ns/docbook\" xmlns:xlink=\"http://www.w3.org/1999/xlink\" version=\"5.0-variant ezpublish-1.0\"/>\n','ezrichtext','eng-GB',3,0,''),(301,1,0,118,67,NULL,NULL,'<?xml version=\"1.0\" encoding=\"utf-8\"?>\n<ezimage serial_number=\"1\" is_valid=\"1\" filename=\"test1.jpeg\"\n    suffix=\"jpeg\" basename=\"test1\" dirpath=\"var/site/storage/images/1/0/3/0/301-1-eng-GB\" url=\"var/site/storage/images/1/0/3/0/301-1-eng-GB/test1.jpeg\"\n    original_filename=\"test1.jpeg\" mime_type=\"image/jpeg\" width=\"7952\"\n    height=\"5304\" alternative_text=\"\" alias_key=\"1293033771\" timestamp=\"1624244475\">\n  <original attribute_id=\"301\" attribute_version=\"1\" attribute_language=\"eng-GB\"/>\n  <information Height=\"5304\" Width=\"7952\" IsColor=\"1\"/>\n  <additional_data/>\n</ezimage>','ezimage','eng-GB',3,0,''),(302,1,0,200,68,NULL,NULL,'Lorem ipsum dolor','ezstring','eng-GB',3,0,'lorem ipsum dolor'),(302,2,0,200,68,NULL,NULL,'Lorem ipsum dolor','ezstring','eng-GB',3,0,'lorem ipsum dolor'),(303,1,0,204,68,NULL,NULL,'<?xml version=\"1.0\" encoding=\"UTF-8\"?>\n<section xmlns=\"http://docbook.org/ns/docbook\" xmlns:xlink=\"http://www.w3.org/1999/xlink\" xmlns:ezxhtml=\"http://ez.no/xmlns/ezpublish/docbook/xhtml\" xmlns:ezcustom=\"http://ez.no/xmlns/ezpublish/docbook/custom\" version=\"5.0-variant ezpublish-1.0\"><para>Consectetur adipiscing elit. Aliquam pulvinar faucibus sollicitudin. Nulla sed orci ac libero eleifend commodo quis vel justo.</para></section>\n','ezrichtext','eng-GB',3,0,'Consectetur adipiscing elit. Aliquam pulvinar faucibus sollicitudin. Nulla sed orci ac libero eleifend commodo quis vel justo.'),(303,2,0,204,68,NULL,NULL,'<?xml version=\"1.0\" encoding=\"UTF-8\"?>\n<section xmlns=\"http://docbook.org/ns/docbook\" xmlns:xlink=\"http://www.w3.org/1999/xlink\" xmlns:ezxhtml=\"http://ez.no/xmlns/ezpublish/docbook/xhtml\" xmlns:ezcustom=\"http://ez.no/xmlns/ezpublish/docbook/custom\" version=\"5.0-variant ezpublish-1.0\"><para>Consectetur adipiscing elit. Aliquam pulvinar faucibus sollicitudin. Nulla sed orci ac libero eleifend commodo quis vel justo.</para></section>\n','ezrichtext','eng-GB',3,0,'Consectetur adipiscing elit. Aliquam pulvinar faucibus sollicitudin. Nulla sed orci ac libero eleifend commodo quis vel justo.'),(304,1,0,203,68,NULL,NULL,'{\"destinationContentId\":null,\"alternativeText\":null,\"source\":null}','ezimageasset','eng-GB',3,0,''),(304,2,0,203,68,NULL,NULL,'{\"destinationContentId\":null,\"alternativeText\":null,\"source\":null}','ezimageasset','eng-GB',3,0,''),(305,1,0,202,68,NULL,NULL,'Lorem ipsum','ezstring','eng-GB',3,0,'lorem ipsum'),(305,2,0,202,68,NULL,NULL,'Lorem ipsum','ezstring','eng-GB',3,0,'lorem ipsum'),(306,1,0,205,68,NULL,NULL,NULL,'ezstring','eng-GB',3,0,''),(306,2,0,205,68,NULL,NULL,NULL,'ezstring','eng-GB',3,0,''),(307,1,0,206,68,NULL,63,NULL,'ezobjectrelation','eng-GB',3,63,''),(307,2,0,206,68,NULL,63,NULL,'ezobjectrelation','eng-GB',3,63,''),(308,1,0,116,69,NULL,NULL,'Test1','ezstring','eng-GB',3,0,'test1'),(309,1,0,117,69,NULL,NULL,'<?xml version=\"1.0\" encoding=\"UTF-8\"?>\n<section xmlns=\"http://docbook.org/ns/docbook\" xmlns:xlink=\"http://www.w3.org/1999/xlink\" version=\"5.0-variant ezpublish-1.0\"/>\n','ezrichtext','eng-GB',3,0,''),(310,1,0,118,69,NULL,NULL,'<?xml version=\"1.0\" encoding=\"utf-8\"?>\n<ezimage serial_number=\"1\" is_valid=\"1\" filename=\"test1.jpeg\"\n    suffix=\"jpeg\" basename=\"test1\" dirpath=\"var/site/storage/images/0/1/3/0/310-1-eng-GB\" url=\"var/site/storage/images/0/1/3/0/310-1-eng-GB/test1.jpeg\"\n    original_filename=\"test1.jpeg\" mime_type=\"image/jpeg\" width=\"7952\"\n    height=\"5304\" alternative_text=\"\" alias_key=\"1293033771\" timestamp=\"1624244667\">\n  <original attribute_id=\"310\" attribute_version=\"1\" attribute_language=\"eng-GB\"/>\n  <information Height=\"5304\" Width=\"7952\" IsColor=\"1\"/>\n  <additional_data/>\n</ezimage>','ezimage','eng-GB',3,0,''),(311,1,0,116,70,NULL,NULL,'basura.png','ezstring','eng-GB',3,0,'basura.png'),(312,1,0,117,70,NULL,NULL,'<?xml version=\"1.0\" encoding=\"UTF-8\"?>\n<section xmlns=\"http://docbook.org/ns/docbook\" xmlns:xlink=\"http://www.w3.org/1999/xlink\" version=\"5.0-variant ezpublish-1.0\"/>\n','ezrichtext','eng-GB',3,0,''),(313,1,0,118,70,NULL,NULL,'<?xml version=\"1.0\" encoding=\"utf-8\"?>\n<ezimage serial_number=\"1\" is_valid=\"1\" filename=\"basura.png\"\n    suffix=\"png\" basename=\"basura\" dirpath=\"var/site/storage/images/3/1/3/0/313-1-eng-GB\" url=\"var/site/storage/images/3/1/3/0/313-1-eng-GB/basura.png\"\n    original_filename=\"basura.png\" mime_type=\"image/png\" width=\"1340\"\n    height=\"697\" alternative_text=\"\" alias_key=\"1293033771\" timestamp=\"1624245926\">\n  <original attribute_id=\"313\" attribute_version=\"1\" attribute_language=\"eng-GB\"/>\n  <information Height=\"697\" Width=\"1340\" IsColor=\"1\"/>\n  <additional_data/>\n</ezimage>','ezimage','eng-GB',3,0,''),(314,1,0,200,71,NULL,NULL,'Lorem ipsum dolor','ezstring','eng-GB',3,0,'lorem ipsum dolor'),(314,2,0,200,71,NULL,NULL,'Lorem ipsum dolor','ezstring','eng-GB',3,0,'lorem ipsum dolor'),(315,1,0,204,71,NULL,NULL,'<?xml version=\"1.0\" encoding=\"UTF-8\"?>\n<section xmlns=\"http://docbook.org/ns/docbook\" xmlns:xlink=\"http://www.w3.org/1999/xlink\" xmlns:ezxhtml=\"http://ez.no/xmlns/ezpublish/docbook/xhtml\" xmlns:ezcustom=\"http://ez.no/xmlns/ezpublish/docbook/custom\" version=\"5.0-variant ezpublish-1.0\"><para>Consectetur adipiscing elit. Aliquam pulvinar faucibus sollicitudin. Nulla sed orci ac libero eleifend commodo quis vel justo.</para></section>\n','ezrichtext','eng-GB',3,0,'Consectetur adipiscing elit. Aliquam pulvinar faucibus sollicitudin. Nulla sed orci ac libero eleifend commodo quis vel justo.'),(315,2,0,204,71,NULL,NULL,'<?xml version=\"1.0\" encoding=\"UTF-8\"?>\n<section xmlns=\"http://docbook.org/ns/docbook\" xmlns:xlink=\"http://www.w3.org/1999/xlink\" xmlns:ezxhtml=\"http://ez.no/xmlns/ezpublish/docbook/xhtml\" xmlns:ezcustom=\"http://ez.no/xmlns/ezpublish/docbook/custom\" version=\"5.0-variant ezpublish-1.0\"><para>Consectetur adipiscing elit. Aliquam pulvinar faucibus sollicitudin. Nulla sed orci ac libero eleifend commodo quis vel justo.</para></section>\n','ezrichtext','eng-GB',3,0,'Consectetur adipiscing elit. Aliquam pulvinar faucibus sollicitudin. Nulla sed orci ac libero eleifend commodo quis vel justo.'),(316,1,0,203,71,NULL,NULL,'{\"destinationContentId\":\"72\",\"alternativeText\":null,\"source\":null}','ezimageasset','eng-GB',3,0,''),(316,2,0,203,71,NULL,NULL,'{\"destinationContentId\":\"75\",\"alternativeText\":null,\"source\":null}','ezimageasset','eng-GB',3,0,''),(317,1,0,202,71,NULL,NULL,'See more','ezstring','eng-GB',3,0,'see more'),(317,2,0,202,71,NULL,NULL,'See more','ezstring','eng-GB',3,0,'see more'),(318,1,0,205,71,NULL,NULL,NULL,'ezstring','eng-GB',3,0,''),(318,2,0,205,71,NULL,NULL,NULL,'ezstring','eng-GB',3,0,''),(319,1,0,206,71,NULL,63,NULL,'ezobjectrelation','eng-GB',3,63,''),(319,2,0,206,71,NULL,63,NULL,'ezobjectrelation','eng-GB',3,63,''),(320,1,0,116,72,NULL,NULL,'Captura de pantalla de 2021-06-18 09-59-26.png','ezstring','eng-GB',3,0,'captura de pantalla de 2021-06-18 09-59-26.png'),(321,1,0,117,72,NULL,NULL,'<?xml version=\"1.0\" encoding=\"UTF-8\"?>\n<section xmlns=\"http://docbook.org/ns/docbook\" xmlns:xlink=\"http://www.w3.org/1999/xlink\" version=\"5.0-variant ezpublish-1.0\"/>\n','ezrichtext','eng-GB',3,0,''),(322,1,0,118,72,NULL,NULL,'<?xml version=\"1.0\" encoding=\"utf-8\"?>\n<ezimage serial_number=\"1\" is_valid=\"1\" filename=\"Captura de pantalla de 2021-06-18 09-59-26.png\"\n    suffix=\"png\" basename=\"Captura de pantalla de 2021-06-18 09-59-26\" dirpath=\"var/site/storage/images/2/2/3/0/322-1-eng-GB\" url=\"var/site/storage/images/2/2/3/0/322-1-eng-GB/Captura de pantalla de 2021-06-18 09-59-26.png\"\n    original_filename=\"Captura de pantalla de 2021-06-18 09-59-26.png\" mime_type=\"image/png\" width=\"1366\"\n    height=\"768\" alternative_text=\"\" alias_key=\"1293033771\" timestamp=\"1624248872\">\n  <original attribute_id=\"322\" attribute_version=\"1\" attribute_language=\"eng-GB\"/>\n  <information Height=\"768\" Width=\"1366\" IsColor=\"1\"/>\n  <additional_data/>\n</ezimage>','ezimage','eng-GB',3,0,''),(323,1,0,200,73,NULL,NULL,'Integer facilisis semper','ezstring','eng-GB',3,0,'integer facilisis semper'),(323,2,0,200,73,NULL,NULL,'Integer facilisis semper','ezstring','eng-GB',3,0,'integer facilisis semper'),(324,1,0,204,73,NULL,NULL,'<?xml version=\"1.0\" encoding=\"UTF-8\"?>\n<section xmlns=\"http://docbook.org/ns/docbook\" xmlns:xlink=\"http://www.w3.org/1999/xlink\" xmlns:ezxhtml=\"http://ez.no/xmlns/ezpublish/docbook/xhtml\" xmlns:ezcustom=\"http://ez.no/xmlns/ezpublish/docbook/custom\" version=\"5.0-variant ezpublish-1.0\"><para>Nullam commodo massa vitae nibh aliquam auctor. Sed a lectus vel mauris aliquam tincidunt. Nullam mattis ex felis.</para></section>\n','ezrichtext','eng-GB',3,0,'Nullam commodo massa vitae nibh aliquam auctor. Sed a lectus vel mauris aliquam tincidunt. Nullam mattis ex felis.'),(324,2,0,204,73,NULL,NULL,'<?xml version=\"1.0\" encoding=\"UTF-8\"?>\n<section xmlns=\"http://docbook.org/ns/docbook\" xmlns:xlink=\"http://www.w3.org/1999/xlink\" xmlns:ezxhtml=\"http://ez.no/xmlns/ezpublish/docbook/xhtml\" xmlns:ezcustom=\"http://ez.no/xmlns/ezpublish/docbook/custom\" version=\"5.0-variant ezpublish-1.0\"><para>Nullam commodo massa vitae nibh aliquam auctor. Sed a lectus vel mauris aliquam tincidunt. Nullam mattis ex felis.</para></section>\n','ezrichtext','eng-GB',3,0,'Nullam commodo massa vitae nibh aliquam auctor. Sed a lectus vel mauris aliquam tincidunt. Nullam mattis ex felis.'),(325,1,0,203,73,NULL,NULL,'{\"destinationContentId\":\"74\",\"alternativeText\":null,\"source\":null}','ezimageasset','eng-GB',3,0,''),(325,2,0,203,73,NULL,NULL,'{\"destinationContentId\":\"59\",\"alternativeText\":\"dfgdg\",\"source\":null}','ezimageasset','eng-GB',3,0,''),(326,1,0,202,73,NULL,NULL,'See more','ezstring','eng-GB',3,0,'see more'),(326,2,0,202,73,NULL,NULL,'See more','ezstring','eng-GB',3,0,'see more'),(327,1,0,205,73,NULL,NULL,'https://www.google.com','ezstring','eng-GB',3,0,'https://www.google.com'),(327,2,0,205,73,NULL,NULL,'https://www.google.com','ezstring','eng-GB',3,0,'https://www.google.com'),(328,1,0,206,73,NULL,NULL,NULL,'ezobjectrelation','eng-GB',3,0,''),(328,2,0,206,73,NULL,NULL,NULL,'ezobjectrelation','eng-GB',3,0,''),(329,1,0,116,74,NULL,NULL,'basura.png','ezstring','eng-GB',3,0,'basura.png'),(330,1,0,117,74,NULL,NULL,'<?xml version=\"1.0\" encoding=\"UTF-8\"?>\n<section xmlns=\"http://docbook.org/ns/docbook\" xmlns:xlink=\"http://www.w3.org/1999/xlink\" version=\"5.0-variant ezpublish-1.0\"/>\n','ezrichtext','eng-GB',3,0,''),(331,1,0,118,74,NULL,NULL,'<?xml version=\"1.0\" encoding=\"utf-8\"?>\n<ezimage serial_number=\"1\" is_valid=\"1\" filename=\"basura.png\"\n    suffix=\"png\" basename=\"basura\" dirpath=\"var/site/storage/images/1/3/3/0/331-1-eng-GB\" url=\"var/site/storage/images/1/3/3/0/331-1-eng-GB/basura.png\"\n    original_filename=\"basura.png\" mime_type=\"image/png\" width=\"1340\"\n    height=\"697\" alternative_text=\"\" alias_key=\"1293033771\" timestamp=\"1624249203\">\n  <original attribute_id=\"331\" attribute_version=\"1\" attribute_language=\"eng-GB\"/>\n  <information Height=\"697\" Width=\"1340\" IsColor=\"1\"/>\n  <additional_data/>\n</ezimage>','ezimage','eng-GB',3,0,''),(332,1,0,116,75,NULL,NULL,'Hero1','ezstring','eng-GB',3,0,'hero1'),(333,1,0,117,75,NULL,NULL,'<?xml version=\"1.0\" encoding=\"UTF-8\"?>\n<section xmlns=\"http://docbook.org/ns/docbook\" xmlns:xlink=\"http://www.w3.org/1999/xlink\" version=\"5.0-variant ezpublish-1.0\"/>\n','ezrichtext','eng-GB',3,0,''),(334,1,0,118,75,NULL,NULL,'<?xml version=\"1.0\" encoding=\"utf-8\"?>\n<ezimage serial_number=\"1\" is_valid=\"1\" filename=\"Hero1.jpeg\"\n    suffix=\"jpeg\" basename=\"Hero1\" dirpath=\"var/site/storage/images/4/3/3/0/334-1-eng-GB\" url=\"var/site/storage/images/4/3/3/0/334-1-eng-GB/Hero1.jpeg\"\n    original_filename=\"Hero1.jpeg\" mime_type=\"image/jpeg\" width=\"2400\"\n    height=\"1350\" alternative_text=\"\" alias_key=\"1293033771\" timestamp=\"1624311259\">\n  <original attribute_id=\"334\" attribute_version=\"1\" attribute_language=\"eng-GB\"/>\n  <information Height=\"1350\" Width=\"2400\" IsColor=\"1\"/>\n  <additional_data/>\n</ezimage>','ezimage','eng-GB',3,0,''),(335,1,0,4,76,NULL,NULL,'AXP System','ezstring','eng-GB',3,0,'axp system'),(336,1,0,155,76,NULL,NULL,NULL,'ezstring','eng-GB',3,0,''),(337,1,0,119,76,NULL,NULL,'<?xml version=\"1.0\" encoding=\"UTF-8\"?>\n<section xmlns=\"http://docbook.org/ns/docbook\" xmlns:xlink=\"http://www.w3.org/1999/xlink\" version=\"5.0-variant ezpublish-1.0\"/>\n','ezrichtext','eng-GB',3,0,''),(338,1,0,156,76,NULL,NULL,'<?xml version=\"1.0\" encoding=\"UTF-8\"?>\n<section xmlns=\"http://docbook.org/ns/docbook\" xmlns:xlink=\"http://www.w3.org/1999/xlink\" version=\"5.0-variant ezpublish-1.0\"/>\n','ezrichtext','eng-GB',3,0,''),(339,1,0,211,77,NULL,NULL,'AXP Header','ezstring','eng-GB',3,0,'axp header'),(339,2,0,211,77,NULL,NULL,'AXP Header','ezstring','eng-GB',3,0,'axp header'),(340,1,0,212,77,NULL,NULL,'<?xml version=\"1.0\" encoding=\"utf-8\"?>\n<related-objects><relation-list/></related-objects>\n','ezobjectrelationlist','eng-GB',3,0,''),(340,2,0,212,77,NULL,NULL,'<?xml version=\"1.0\" encoding=\"utf-8\"?>\n<related-objects><relation-list><relation-item priority=\"1\" contentobject-id=\"81\"/></relation-list></related-objects>\n','ezobjectrelationlist','eng-GB',3,0,'81'),(341,1,0,213,78,NULL,NULL,'AXP Footer','ezstring','eng-GB',3,0,'axp footer'),(341,2,0,213,78,NULL,NULL,'AXP Footer','ezstring','eng-GB',3,0,'axp footer'),(342,1,0,214,78,NULL,NULL,'<?xml version=\"1.0\" encoding=\"utf-8\"?>\n<related-objects><relation-list/></related-objects>\n','ezobjectrelationlist','eng-GB',3,0,''),(342,2,0,214,78,NULL,NULL,'<?xml version=\"1.0\" encoding=\"utf-8\"?>\n<related-objects><relation-list><relation-item priority=\"1\" contentobject-id=\"81\"/></relation-list></related-objects>\n','ezobjectrelationlist','eng-GB',3,0,'81'),(343,1,0,4,79,NULL,NULL,'Utility Nav','ezstring','eng-GB',3,0,'utility nav'),(344,1,0,155,79,NULL,NULL,NULL,'ezstring','eng-GB',3,0,''),(345,1,0,119,79,NULL,NULL,'<?xml version=\"1.0\" encoding=\"UTF-8\"?>\n<section xmlns=\"http://docbook.org/ns/docbook\" xmlns:xlink=\"http://www.w3.org/1999/xlink\" version=\"5.0-variant ezpublish-1.0\"/>\n','ezrichtext','eng-GB',3,0,''),(346,1,0,156,79,NULL,NULL,'<?xml version=\"1.0\" encoding=\"UTF-8\"?>\n<section xmlns=\"http://docbook.org/ns/docbook\" xmlns:xlink=\"http://www.w3.org/1999/xlink\" version=\"5.0-variant ezpublish-1.0\"/>\n','ezrichtext','eng-GB',3,0,''),(347,1,0,4,80,NULL,NULL,'Folder','ezstring','eng-GB',3,0,'folder'),(347,2,0,4,80,NULL,NULL,'Notifications','ezstring','eng-GB',3,0,'notifications'),(348,1,0,155,80,NULL,NULL,NULL,'ezstring','eng-GB',3,0,''),(348,2,0,155,80,NULL,NULL,NULL,'ezstring','eng-GB',3,0,''),(349,1,0,119,80,NULL,NULL,'<?xml version=\"1.0\" encoding=\"UTF-8\"?>\n<section xmlns=\"http://docbook.org/ns/docbook\" xmlns:xlink=\"http://www.w3.org/1999/xlink\" version=\"5.0-variant ezpublish-1.0\"/>\n','ezrichtext','eng-GB',3,0,''),(349,2,0,119,80,NULL,NULL,'<?xml version=\"1.0\" encoding=\"UTF-8\"?>\n<section xmlns=\"http://docbook.org/ns/docbook\" xmlns:xlink=\"http://www.w3.org/1999/xlink\" version=\"5.0-variant ezpublish-1.0\"/>\n','ezrichtext','eng-GB',3,0,''),(350,1,0,156,80,NULL,NULL,'<?xml version=\"1.0\" encoding=\"UTF-8\"?>\n<section xmlns=\"http://docbook.org/ns/docbook\" xmlns:xlink=\"http://www.w3.org/1999/xlink\" version=\"5.0-variant ezpublish-1.0\"/>\n','ezrichtext','eng-GB',3,0,''),(350,2,0,156,80,NULL,NULL,'<?xml version=\"1.0\" encoding=\"UTF-8\"?>\n<section xmlns=\"http://docbook.org/ns/docbook\" xmlns:xlink=\"http://www.w3.org/1999/xlink\" version=\"5.0-variant ezpublish-1.0\"/>\n','ezrichtext','eng-GB',3,0,''),(351,1,0,207,81,NULL,NULL,'Integer facilisis semper','ezstring','eng-GB',3,0,'integer facilisis semper'),(352,1,0,209,81,NULL,NULL,'<?xml version=\"1.0\" encoding=\"UTF-8\"?>\n<section xmlns=\"http://docbook.org/ns/docbook\" xmlns:xlink=\"http://www.w3.org/1999/xlink\" xmlns:ezxhtml=\"http://ez.no/xmlns/ezpublish/docbook/xhtml\" xmlns:ezcustom=\"http://ez.no/xmlns/ezpublish/docbook/custom\" version=\"5.0-variant ezpublish-1.0\"><para>Nulla quis lorem ut libero malesuada feugiat. Nulla porttitor accumsan tincidunt. Nulla porttitor accumsan tincidunt. Proin eget tortor risus. Pellentesque in ipsum id orci porta dapibus. Vivamus magna justo, lacinia eget consectetur sed, convallis at tellus. Nulla quis lorem ut libero malesuada feugiat. Vivamus suscipit tortor eget felis porttitor volutpat. Lorem ipsum dolor sit amet, consectetur adipiscing elit. Sed porttitor lectus nibh.</para></section>\n','ezrichtext','eng-GB',3,0,'Nulla quis lorem ut libero malesuada feugiat. Nulla porttitor accumsan tincidunt. Nulla porttitor accumsan tincidunt. Proin eget tortor risus. Pellentesque in ipsum id orci porta dapibus. Vivamus magna justo, lacinia eget consectetur sed, convallis at tel'),(353,1,0,210,81,NULL,NULL,'Cerrar','ezstring','eng-GB',3,0,'cerrar'),(354,1,0,195,82,NULL,NULL,'Nulla porttitor accumsan tincidunt.','ezstring','eng-GB',3,0,'nulla porttitor accumsan tincidunt.'),(355,1,0,196,82,NULL,NULL,NULL,'ezlandingpage','eng-GB',3,0,''),(356,1,0,197,82,NULL,NULL,'Nulla porttitor accumsan tincidunt.','ezstring','eng-GB',3,0,'nulla porttitor accumsan tincidunt.'),(357,1,0,198,82,NULL,NULL,'{\"destinationContentId\":null,\"alternativeText\":null,\"source\":null}','ezimageasset','eng-GB',3,0,''),(358,1,0,199,82,NULL,NULL,'<?xml version=\"1.0\" encoding=\"UTF-8\"?>\n<section xmlns=\"http://docbook.org/ns/docbook\" xmlns:xlink=\"http://www.w3.org/1999/xlink\" xmlns:ezxhtml=\"http://ez.no/xmlns/ezpublish/docbook/xhtml\" xmlns:ezcustom=\"http://ez.no/xmlns/ezpublish/docbook/custom\" version=\"5.0-variant ezpublish-1.0\"><para>Vestibulum ac diam sit amet quam vehicula elementum sed sit amet dui. Vestibulum ante ipsum primis in faucibus orci luctus et ultrices posuere cubilia Curae; Donec velit neque, auctor sit amet aliquam vel, ullamcorper sit amet ligula. Vivamus suscipit tortor eget felis porttitor volutpat. Curabitur non nulla sit amet nisl tempus convallis quis ac lectus. Pellentesque in ipsum id orci porta dapibus. Mauris blandit aliquet elit, eget tincidunt nibh pulvinar a. Lorem ipsum dolor sit amet, consectetur adipiscing elit. Curabitur aliquet quam id dui posuere blandit. Quisque velit nisi, pretium ut lacinia in, elementum id enim. Cras ultricies ligula sed magna dictum porta.</para></section>\n','ezrichtext','eng-GB',3,0,'Vestibulum ac diam sit amet quam vehicula elementum sed sit amet dui. Vestibulum ante ipsum primis in faucibus orci luctus et ultrices posuere cubilia Curae; Donec velit neque, auctor sit amet aliquam vel, ullamcorper sit amet ligula. Vivamus suscipit tor'),(359,1,0,219,63,NULL,0,NULL,'ezboolean','eng-GB',3,0,''),(359,2,0,219,63,NULL,0,NULL,'ezboolean','eng-GB',3,0,''),(360,1,0,219,82,NULL,0,NULL,'ezboolean','eng-GB',3,0,''),(361,27,0,220,57,NULL,1,NULL,'ezboolean','eng-GB',3,1,''),(361,28,0,220,57,NULL,1,NULL,'ezboolean','eng-GB',3,1,''),(361,29,0,220,57,NULL,1,NULL,'ezboolean','eng-GB',3,1,''),(361,30,0,220,57,NULL,1,NULL,'ezboolean','eng-GB',3,1,''),(361,31,0,220,57,NULL,1,NULL,'ezboolean','eng-GB',3,1,''),(361,32,0,220,57,NULL,1,NULL,'ezboolean','eng-GB',3,1,''),(362,1,0,190,83,NULL,NULL,'Sed porttitor lectus nibh.','ezstring','eng-GB',3,0,'sed porttitor lectus nibh.'),(362,2,0,190,83,NULL,NULL,'Sed porttitor lectus nibh.','ezstring','eng-GB',3,0,'sed porttitor lectus nibh.'),(362,3,0,190,83,NULL,NULL,'Sed porttitor lectus nibh.','ezstring','eng-GB',3,0,'sed porttitor lectus nibh.'),(363,1,0,191,83,NULL,NULL,NULL,'ezlandingpage','eng-GB',3,0,''),(363,2,0,191,83,NULL,NULL,NULL,'ezlandingpage','eng-GB',3,0,''),(363,3,0,191,83,NULL,NULL,NULL,'ezlandingpage','eng-GB',3,0,''),(364,1,0,192,83,NULL,NULL,'Sed porttitor lectus nibh.','ezstring','eng-GB',3,0,'sed porttitor lectus nibh.'),(364,2,0,192,83,NULL,NULL,'Sed porttitor lectus nibh.','ezstring','eng-GB',3,0,'sed porttitor lectus nibh.'),(364,3,0,192,83,NULL,NULL,'Sed porttitor lectus nibh.','ezstring','eng-GB',3,0,'sed porttitor lectus nibh.'),(365,1,0,193,83,NULL,NULL,'{\"destinationContentId\":null,\"alternativeText\":null,\"source\":null}','ezimageasset','eng-GB',3,0,''),(365,2,0,193,83,NULL,NULL,'{\"destinationContentId\":null,\"alternativeText\":null,\"source\":null}','ezimageasset','eng-GB',3,0,''),(365,3,0,193,83,NULL,NULL,'{\"destinationContentId\":null,\"alternativeText\":null,\"source\":null}','ezimageasset','eng-GB',3,0,''),(366,1,0,194,83,NULL,NULL,'<?xml version=\"1.0\" encoding=\"UTF-8\"?>\n<section xmlns=\"http://docbook.org/ns/docbook\" xmlns:xlink=\"http://www.w3.org/1999/xlink\" xmlns:ezxhtml=\"http://ez.no/xmlns/ezpublish/docbook/xhtml\" xmlns:ezcustom=\"http://ez.no/xmlns/ezpublish/docbook/custom\" version=\"5.0-variant ezpublish-1.0\"><para>Sed porttitor lectus nibh. Proin eget tortor risus. Donec sollicitudin molestie malesuada. Vestibulum ac diam sit amet quam vehicula elementum sed sit amet dui. Curabitur aliquet quam id dui posuere blandit. Quisque velit nisi, pretium ut lacinia in, elementum id enim. Curabitur non nulla sit amet nisl tempus convallis quis ac lectus. Vestibulum ante ipsum primis in faucibus orci luctus et ultrices posuere cubilia Curae; Donec velit neque, auctor sit amet aliquam vel, ullamcorper sit amet ligula. Sed porttitor lectus nibh. Lorem ipsum dolor sit amet, consectetur adipiscing elit.</para></section>\n','ezrichtext','eng-GB',3,0,'Sed porttitor lectus nibh. Proin eget tortor risus. Donec sollicitudin molestie malesuada. Vestibulum ac diam sit amet quam vehicula elementum sed sit amet dui. Curabitur aliquet quam id dui posuere blandit. Quisque velit nisi, pretium ut lacinia in, elem'),(366,2,0,194,83,NULL,NULL,'<?xml version=\"1.0\" encoding=\"UTF-8\"?>\n<section xmlns=\"http://docbook.org/ns/docbook\" xmlns:xlink=\"http://www.w3.org/1999/xlink\" xmlns:ezxhtml=\"http://ez.no/xmlns/ezpublish/docbook/xhtml\" xmlns:ezcustom=\"http://ez.no/xmlns/ezpublish/docbook/custom\" version=\"5.0-variant ezpublish-1.0\"><para>Sed porttitor lectus nibh. Proin eget tortor risus. Donec sollicitudin molestie malesuada. Vestibulum ac diam sit amet quam vehicula elementum sed sit amet dui. Curabitur aliquet quam id dui posuere blandit. Quisque velit nisi, pretium ut lacinia in, elementum id enim. Curabitur non nulla sit amet nisl tempus convallis quis ac lectus. Vestibulum ante ipsum primis in faucibus orci luctus et ultrices posuere cubilia Curae; Donec velit neque, auctor sit amet aliquam vel, ullamcorper sit amet ligula. Sed porttitor lectus nibh. Lorem ipsum dolor sit amet, consectetur adipiscing elit.</para></section>\n','ezrichtext','eng-GB',3,0,'Sed porttitor lectus nibh. Proin eget tortor risus. Donec sollicitudin molestie malesuada. Vestibulum ac diam sit amet quam vehicula elementum sed sit amet dui. Curabitur aliquet quam id dui posuere blandit. Quisque velit nisi, pretium ut lacinia in, elem'),(366,3,0,194,83,NULL,NULL,'<?xml version=\"1.0\" encoding=\"UTF-8\"?>\n<section xmlns=\"http://docbook.org/ns/docbook\" xmlns:xlink=\"http://www.w3.org/1999/xlink\" xmlns:ezxhtml=\"http://ez.no/xmlns/ezpublish/docbook/xhtml\" xmlns:ezcustom=\"http://ez.no/xmlns/ezpublish/docbook/custom\" version=\"5.0-variant ezpublish-1.0\"><para>Sed porttitor lectus nibh. Proin eget tortor risus. Donec sollicitudin molestie malesuada. Vestibulum ac diam sit amet quam vehicula elementum sed sit amet dui. Curabitur aliquet quam id dui posuere blandit. Quisque velit nisi, pretium ut lacinia in, elementum id enim. Curabitur non nulla sit amet nisl tempus convallis quis ac lectus. Vestibulum ante ipsum primis in faucibus orci luctus et ultrices posuere cubilia Curae; Donec velit neque, auctor sit amet aliquam vel, ullamcorper sit amet ligula. Sed porttitor lectus nibh. Lorem ipsum dolor sit amet, consectetur adipiscing elit.</para></section>\n','ezrichtext','eng-GB',3,0,'Sed porttitor lectus nibh. Proin eget tortor risus. Donec sollicitudin molestie malesuada. Vestibulum ac diam sit amet quam vehicula elementum sed sit amet dui. Curabitur aliquet quam id dui posuere blandit. Quisque velit nisi, pretium ut lacinia in, elem'),(367,1,0,220,83,NULL,0,NULL,'ezboolean','eng-GB',3,0,''),(367,2,0,220,83,NULL,0,NULL,'ezboolean','eng-GB',3,0,''),(367,3,0,220,83,NULL,1,NULL,'ezboolean','eng-GB',3,1,''),(368,1,0,195,84,NULL,NULL,'Proin eget tortor risus.','ezstring','eng-GB',3,0,'proin eget tortor risus.'),(369,1,0,196,84,NULL,NULL,NULL,'ezlandingpage','eng-GB',3,0,''),(370,1,0,197,84,NULL,NULL,'Proin eget tortor risus.','ezstring','eng-GB',3,0,'proin eget tortor risus.'),(371,1,0,198,84,NULL,NULL,'{\"destinationContentId\":null,\"alternativeText\":null,\"source\":null}','ezimageasset','eng-GB',3,0,''),(372,1,0,199,84,NULL,NULL,'<?xml version=\"1.0\" encoding=\"UTF-8\"?>\n<section xmlns=\"http://docbook.org/ns/docbook\" xmlns:xlink=\"http://www.w3.org/1999/xlink\" xmlns:ezxhtml=\"http://ez.no/xmlns/ezpublish/docbook/xhtml\" xmlns:ezcustom=\"http://ez.no/xmlns/ezpublish/docbook/custom\" version=\"5.0-variant ezpublish-1.0\"><para>Curabitur aliquet quam id dui posuere blandit. Nulla quis lorem ut libero malesuada feugiat. Vivamus suscipit tortor eget felis porttitor volutpat. Cras ultricies ligula sed magna dictum porta. Proin eget tortor risus. Cras ultricies ligula sed magna dictum porta. Mauris blandit aliquet elit, eget tincidunt nibh pulvinar a. Curabitur aliquet quam id dui posuere blandit. Proin eget tortor risus. Curabitur arcu erat, accumsan id imperdiet et, porttitor at sem.</para></section>\n','ezrichtext','eng-GB',3,0,'Curabitur aliquet quam id dui posuere blandit. Nulla quis lorem ut libero malesuada feugiat. Vivamus suscipit tortor eget felis porttitor volutpat. Cras ultricies ligula sed magna dictum porta. Proin eget tortor risus. Cras ultricies ligula sed magna dict'),(373,1,0,219,84,NULL,0,NULL,'ezboolean','eng-GB',3,0,''),(374,1,0,195,85,NULL,NULL,'Curabitur arcu erat','ezstring','eng-GB',3,0,'curabitur arcu erat'),(375,1,0,196,85,NULL,NULL,NULL,'ezlandingpage','eng-GB',3,0,''),(376,1,0,197,85,NULL,NULL,'Curabitur arcu erat','ezstring','eng-GB',3,0,'curabitur arcu erat'),(377,1,0,198,85,NULL,NULL,'{\"destinationContentId\":null,\"alternativeText\":null,\"source\":null}','ezimageasset','eng-GB',3,0,''),(378,1,0,199,85,NULL,NULL,'<?xml version=\"1.0\" encoding=\"UTF-8\"?>\n<section xmlns=\"http://docbook.org/ns/docbook\" xmlns:xlink=\"http://www.w3.org/1999/xlink\" xmlns:ezxhtml=\"http://ez.no/xmlns/ezpublish/docbook/xhtml\" xmlns:ezcustom=\"http://ez.no/xmlns/ezpublish/docbook/custom\" version=\"5.0-variant ezpublish-1.0\"><para>Curabitur arcu erat, accumsan id imperdiet et, porttitor at sem. Lorem ipsum dolor sit amet, consectetur adipiscing elit. Lorem ipsum dolor sit amet, consectetur adipiscing elit. Donec rutrum congue leo eget malesuada. Curabitur arcu erat, accumsan id imperdiet et, porttitor at sem. Curabitur non nulla sit amet nisl tempus convallis quis ac lectus. Mauris blandit aliquet elit, eget tincidunt nibh pulvinar a. Vivamus suscipit tortor eget felis porttitor volutpat. Praesent sapien massa, convallis a pellentesque nec, egestas non nisi. Sed porttitor lectus nibh.</para></section>\n','ezrichtext','eng-GB',3,0,'Curabitur arcu erat, accumsan id imperdiet et, porttitor at sem. Lorem ipsum dolor sit amet, consectetur adipiscing elit. Lorem ipsum dolor sit amet, consectetur adipiscing elit. Donec rutrum congue leo eget malesuada. Curabitur arcu erat, accumsan id imp'),(379,1,0,219,85,NULL,0,NULL,'ezboolean','eng-GB',3,0,''),(380,1,0,217,86,NULL,NULL,'Custom Link Test 1','ezstring','eng-GB',3,0,'custom link test 1'),(381,1,0,215,86,NULL,63,NULL,'ezobjectrelation','eng-GB',3,63,''),(382,1,0,216,86,NULL,NULL,'www.google.com','ezstring','eng-GB',3,0,'www.google.com'),(383,1,0,217,87,NULL,NULL,'Custom Link Test 1','ezstring','eng-GB',3,0,'custom link test 1'),(383,2,0,217,87,NULL,NULL,'Custom Link Test 2','ezstring','eng-GB',3,0,'custom link test 2'),(383,3,0,217,87,NULL,NULL,'Custom Link Test 2','ezstring','eng-GB',3,0,'custom link test 2'),(384,1,0,215,87,NULL,63,NULL,'ezobjectrelation','eng-GB',3,63,''),(384,2,0,215,87,NULL,NULL,NULL,'ezobjectrelation','eng-GB',3,0,''),(384,3,0,215,87,NULL,NULL,NULL,'ezobjectrelation','eng-GB',3,0,''),(385,1,0,216,87,NULL,NULL,'www.google.com','ezstring','eng-GB',3,0,'www.google.com'),(385,2,0,216,87,NULL,NULL,'www.google.com','ezstring','eng-GB',3,0,'www.google.com'),(385,3,0,216,87,NULL,NULL,'https://www.google.com','ezstring','eng-GB',3,0,'https://www.google.com'),(386,2,0,217,88,NULL,NULL,'Custom Link Test 2','ezstring','eng-GB',3,0,'custom link test 2'),(386,3,0,217,88,NULL,NULL,'Custom Link Test 3','ezstring','eng-GB',3,0,'custom link test 3'),(387,2,0,215,88,NULL,NULL,NULL,'ezobjectrelation','eng-GB',3,0,''),(387,3,0,215,88,NULL,NULL,NULL,'ezobjectrelation','eng-GB',3,0,''),(388,2,0,216,88,NULL,NULL,'www.google.com','ezstring','eng-GB',3,0,'www.google.com'),(388,3,0,216,88,NULL,NULL,NULL,'ezstring','eng-GB',3,0,''),(389,1,0,217,88,NULL,NULL,'Custom Link Test 1','ezstring','eng-GB',3,0,'custom link test 1'),(390,1,0,215,88,NULL,63,NULL,'ezobjectrelation','eng-GB',3,63,''),(391,1,0,216,88,NULL,NULL,'www.google.com','ezstring','eng-GB',3,0,'www.google.com'),(392,1,0,200,89,NULL,NULL,'Pellentesque in ipsum','ezstring','eng-GB',3,0,'pellentesque in ipsum'),(393,1,0,204,89,NULL,NULL,'<?xml version=\"1.0\" encoding=\"UTF-8\"?>\n<section xmlns=\"http://docbook.org/ns/docbook\" xmlns:xlink=\"http://www.w3.org/1999/xlink\" xmlns:ezxhtml=\"http://ez.no/xmlns/ezpublish/docbook/xhtml\" xmlns:ezcustom=\"http://ez.no/xmlns/ezpublish/docbook/custom\" version=\"5.0-variant ezpublish-1.0\"><para>Vestibulum ac diam sit amet quam vehicula elementum sed sit amet dui. Mauris blandit aliquet elit, eget tincidunt nibh pulvinar a. Curabitur aliquet quam id dui posuere blandit. Sed porttitor lectus nibh. Vivamus magna justo, lacinia eget consectetur sed, convallis at tellus. Vestibulum ac diam sit amet quam vehicula elementum sed sit amet dui. Donec rutrum congue leo eget malesuada. Quisque velit nisi, pretium ut lacinia in, elementum id enim. Curabitur aliquet quam id dui posuere blandit. Nulla porttitor accumsan tincidunt.</para></section>\n','ezrichtext','eng-GB',3,0,'Vestibulum ac diam sit amet quam vehicula elementum sed sit amet dui. Mauris blandit aliquet elit, eget tincidunt nibh pulvinar a. Curabitur aliquet quam id dui posuere blandit. Sed porttitor lectus nibh. Vivamus magna justo, lacinia eget consectetur sed,'),(394,1,0,203,89,NULL,NULL,'{\"destinationContentId\":\"59\",\"alternativeText\":\"dfgdg\",\"source\":null}','ezimageasset','eng-GB',3,0,''),(395,1,0,202,89,NULL,NULL,'See more','ezstring','eng-GB',3,0,'see more'),(396,1,0,205,89,NULL,NULL,'https://www.google.com','ezstring','eng-GB',3,0,'https://www.google.com'),(397,1,0,206,89,NULL,NULL,NULL,'ezobjectrelation','eng-GB',3,0,''),(398,1,0,200,90,NULL,NULL,'Pellentesque in ipsum','ezstring','eng-GB',3,0,'pellentesque in ipsum'),(398,2,0,200,90,NULL,NULL,'Nulla porttitor accumsan tincidunt.','ezstring','eng-GB',3,0,'nulla porttitor accumsan tincidunt.'),(399,1,0,204,90,NULL,NULL,'<?xml version=\"1.0\" encoding=\"UTF-8\"?>\n<section xmlns=\"http://docbook.org/ns/docbook\" xmlns:xlink=\"http://www.w3.org/1999/xlink\" xmlns:ezxhtml=\"http://ez.no/xmlns/ezpublish/docbook/xhtml\" xmlns:ezcustom=\"http://ez.no/xmlns/ezpublish/docbook/custom\" version=\"5.0-variant ezpublish-1.0\"><para>Vestibulum ac diam sit amet quam vehicula elementum sed sit amet dui. Mauris blandit aliquet elit, eget tincidunt nibh pulvinar a. Curabitur aliquet quam id dui posuere blandit. Sed porttitor lectus nibh. Vivamus magna justo, lacinia eget consectetur sed, convallis at tellus. Vestibulum ac diam sit amet quam vehicula elementum sed sit amet dui. Donec rutrum congue leo eget malesuada. Quisque velit nisi, pretium ut lacinia in, elementum id enim. Curabitur aliquet quam id dui posuere blandit. Nulla porttitor accumsan tincidunt.</para></section>\n','ezrichtext','eng-GB',3,0,'Vestibulum ac diam sit amet quam vehicula elementum sed sit amet dui. Mauris blandit aliquet elit, eget tincidunt nibh pulvinar a. Curabitur aliquet quam id dui posuere blandit. Sed porttitor lectus nibh. Vivamus magna justo, lacinia eget consectetur sed,'),(399,2,0,204,90,NULL,NULL,'<?xml version=\"1.0\" encoding=\"UTF-8\"?>\n<section xmlns=\"http://docbook.org/ns/docbook\" xmlns:xlink=\"http://www.w3.org/1999/xlink\" xmlns:ezxhtml=\"http://ez.no/xmlns/ezpublish/docbook/xhtml\" xmlns:ezcustom=\"http://ez.no/xmlns/ezpublish/docbook/custom\" version=\"5.0-variant ezpublish-1.0\"><para>Vestibulum ac diam sit amet quam vehicula elementum sed sit amet dui. Mauris blandit aliquet elit, eget tincidunt nibh pulvinar a. Curabitur aliquet quam id dui posuere blandit. Sed porttitor lectus nibh. Vivamus magna justo, lacinia eget consectetur sed, convallis at tellus. Vestibulum ac diam sit amet quam vehicula elementum sed sit amet dui. Donec rutrum congue leo eget malesuada. Quisque velit nisi, pretium ut lacinia in, elementum id enim. Curabitur aliquet quam id dui posuere blandit. Nulla porttitor accumsan tincidunt.</para></section>\n','ezrichtext','eng-GB',3,0,'Vestibulum ac diam sit amet quam vehicula elementum sed sit amet dui. Mauris blandit aliquet elit, eget tincidunt nibh pulvinar a. Curabitur aliquet quam id dui posuere blandit. Sed porttitor lectus nibh. Vivamus magna justo, lacinia eget consectetur sed,'),(400,1,0,203,90,NULL,NULL,'{\"destinationContentId\":\"59\",\"alternativeText\":\"dfgdg\",\"source\":null}','ezimageasset','eng-GB',3,0,''),(400,2,0,203,90,NULL,NULL,'{\"destinationContentId\":\"75\",\"alternativeText\":null,\"source\":null}','ezimageasset','eng-GB',3,0,''),(401,1,0,202,90,NULL,NULL,'See more','ezstring','eng-GB',3,0,'see more'),(401,2,0,202,90,NULL,NULL,'See more','ezstring','eng-GB',3,0,'see more'),(402,1,0,205,90,NULL,NULL,'https://www.google.com','ezstring','eng-GB',3,0,'https://www.google.com'),(402,2,0,205,90,NULL,NULL,NULL,'ezstring','eng-GB',3,0,''),(403,1,0,206,90,NULL,NULL,NULL,'ezobjectrelation','eng-GB',3,0,''),(403,2,0,206,90,NULL,63,NULL,'ezobjectrelation','eng-GB',3,63,''),(404,1,0,4,91,NULL,NULL,'Folder','ezstring','eng-GB',3,0,'folder'),(405,1,0,155,91,NULL,NULL,'test','ezstring','eng-GB',3,0,'test'),(406,1,0,119,91,NULL,NULL,'<?xml version=\"1.0\" encoding=\"UTF-8\"?>\n<section xmlns=\"http://docbook.org/ns/docbook\" xmlns:xlink=\"http://www.w3.org/1999/xlink\" version=\"5.0-variant ezpublish-1.0\"/>\n','ezrichtext','eng-GB',3,0,''),(407,1,0,156,91,NULL,NULL,'<?xml version=\"1.0\" encoding=\"UTF-8\"?>\n<section xmlns=\"http://docbook.org/ns/docbook\" xmlns:xlink=\"http://www.w3.org/1999/xlink\" version=\"5.0-variant ezpublish-1.0\"/>\n','ezrichtext','eng-GB',3,0,'');
/*!40000 ALTER TABLE `ezcontentobject_attribute` ENABLE KEYS */;
UNLOCK TABLES;

--
-- Table structure for table `ezcontentobject_link`
--

DROP TABLE IF EXISTS `ezcontentobject_link`;
/*!40101 SET @saved_cs_client     = @@character_set_client */;
/*!40101 SET character_set_client = utf8 */;
CREATE TABLE `ezcontentobject_link` (
  `id` int(11) NOT NULL AUTO_INCREMENT,
  `contentclassattribute_id` int(11) NOT NULL DEFAULT 0,
  `from_contentobject_id` int(11) NOT NULL DEFAULT 0,
  `from_contentobject_version` int(11) NOT NULL DEFAULT 0,
  `relation_type` int(11) NOT NULL DEFAULT 1,
  `to_contentobject_id` int(11) NOT NULL DEFAULT 0,
  PRIMARY KEY (`id`),
  KEY `ezco_link_to_co_id` (`to_contentobject_id`),
  KEY `ezco_link_from` (`from_contentobject_id`,`from_contentobject_version`,`contentclassattribute_id`)
) ENGINE=InnoDB AUTO_INCREMENT=3642 DEFAULT CHARSET=utf8mb4 COLLATE=utf8mb4_unicode_520_ci;
/*!40101 SET character_set_client = @saved_cs_client */;

--
-- Dumping data for table `ezcontentobject_link`
--

LOCK TABLES `ezcontentobject_link` WRITE;
/*!40000 ALTER TABLE `ezcontentobject_link` DISABLE KEYS */;
INSERT INTO `ezcontentobject_link` VALUES (256,198,63,1,16,64),(257,196,63,1,8,0),(319,206,68,1,8,63),(321,206,68,2,8,63),(326,203,71,1,16,72),(327,206,71,1,8,63),(328,203,73,1,16,74),(343,206,71,2,8,63),(344,203,71,2,16,75),(511,214,78,2,8,81),(512,212,77,2,8,81),(1406,191,57,27,8,63),(1407,191,57,27,8,57),(1408,191,57,27,8,71),(1409,191,57,27,8,73),(1410,191,57,27,8,0),(1411,191,57,27,8,59),(1412,191,57,27,8,0),(1413,191,57,27,8,0),(1415,203,73,2,16,59),(1417,196,63,2,8,0),(1418,198,63,2,16,75),(1419,191,57,28,8,63),(1420,191,57,28,8,57),(1421,191,57,28,8,71),(1422,191,57,28,8,73),(1423,191,57,28,8,59),(1424,191,57,28,8,0),(1425,191,57,28,8,0),(3557,215,86,1,8,63),(3558,215,87,1,8,63),(3560,215,88,1,8,63),(3561,191,57,29,8,63),(3562,191,57,29,8,57),(3563,191,57,29,8,71),(3564,191,57,29,8,73),(3565,191,57,29,8,59),(3566,191,57,29,8,0),(3567,191,57,29,8,0),(3568,191,57,30,8,63),(3569,191,57,30,8,57),(3572,191,57,30,8,59),(3573,191,57,30,8,0),(3574,203,89,1,16,59),(3575,203,90,1,16,59),(3577,203,90,2,16,75),(3578,206,90,2,8,63),(3579,191,57,31,8,63),(3580,191,57,31,8,57),(3581,191,57,31,8,59),(3582,191,57,31,8,0),(3583,191,57,31,8,89),(3584,191,57,31,8,90),(3585,191,57,31,8,0),(3592,191,57,32,8,63),(3593,191,57,32,8,57),(3594,191,57,32,8,59),(3595,191,57,32,8,89),(3596,191,57,32,8,90),(3597,191,57,32,8,0),(3598,191,57,32,8,0),(3599,191,57,32,8,0),(3600,191,57,32,8,0),(3601,191,57,32,8,0),(3602,191,57,32,8,0),(3603,191,57,32,8,0),(3604,191,57,32,8,0),(3605,191,57,32,8,0),(3606,191,57,32,8,75),(3607,191,57,32,8,0),(3608,191,57,32,8,0),(3609,191,57,32,8,0),(3610,191,57,32,8,0),(3611,191,57,32,8,0),(3612,191,57,32,8,0),(3613,191,57,32,8,0),(3614,191,57,32,8,0);
/*!40000 ALTER TABLE `ezcontentobject_link` ENABLE KEYS */;
UNLOCK TABLES;

--
-- Table structure for table `ezcontentobject_name`
--

DROP TABLE IF EXISTS `ezcontentobject_name`;
/*!40101 SET @saved_cs_client     = @@character_set_client */;
/*!40101 SET character_set_client = utf8 */;
CREATE TABLE `ezcontentobject_name` (
  `contentobject_id` int(11) NOT NULL DEFAULT 0,
  `content_version` int(11) NOT NULL DEFAULT 0,
  `content_translation` varchar(20) COLLATE utf8mb4_unicode_520_ci NOT NULL DEFAULT '',
  `language_id` bigint(20) NOT NULL DEFAULT 0,
  `name` varchar(255) COLLATE utf8mb4_unicode_520_ci DEFAULT NULL,
  `real_translation` varchar(20) COLLATE utf8mb4_unicode_520_ci DEFAULT NULL,
  PRIMARY KEY (`contentobject_id`,`content_version`,`content_translation`),
  KEY `ezcontentobject_name_lang_id` (`language_id`),
  KEY `ezcontentobject_name_cov_id` (`content_version`),
  KEY `ezcontentobject_name_name` (`name`(191))
) ENGINE=InnoDB DEFAULT CHARSET=utf8mb4 COLLATE=utf8mb4_unicode_520_ci;
/*!40101 SET character_set_client = @saved_cs_client */;

--
-- Dumping data for table `ezcontentobject_name`
--

LOCK TABLES `ezcontentobject_name` WRITE;
/*!40000 ALTER TABLE `ezcontentobject_name` DISABLE KEYS */;
INSERT INTO `ezcontentobject_name` VALUES (1,9,'eng-GB',2,'Ibexa Platform','eng-GB'),(4,1,'eng-GB',3,'Users','eng-GB'),(10,2,'eng-GB',3,'Anonymous User','eng-GB'),(11,1,'eng-GB',3,'Guest accounts','eng-GB'),(12,1,'eng-GB',3,'Administrator users','eng-GB'),(13,1,'eng-GB',3,'Editors','eng-GB'),(14,3,'eng-GB',3,'Administrator User','eng-GB'),(41,1,'eng-GB',3,'Media','eng-GB'),(42,1,'eng-GB',3,'Anonymous Users','eng-GB'),(49,1,'eng-GB',3,'Images','eng-GB'),(50,1,'eng-GB',3,'Files','eng-GB'),(51,1,'eng-GB',3,'Multimedia','eng-GB'),(52,1,'eng-GB',2,'Ibexa Digital Experience Platform','eng-GB'),(53,1,'eng-GB',2,'Form Uploads','eng-GB'),(54,1,'eng-GB',3,'Forms','eng-GB'),(55,1,'eng-GB',3,'Site skeletons','eng-GB'),(57,27,'eng-GB',3,'AXP Home','eng-GB'),(57,28,'eng-GB',3,'AXP Home','eng-GB'),(57,29,'eng-GB',3,'AXP Home','eng-GB'),(57,30,'eng-GB',3,'AXP Home','eng-GB'),(57,31,'eng-GB',3,'AXP Home','eng-GB'),(57,32,'eng-GB',3,'AXP Home','eng-GB'),(59,1,'eng-GB',3,'sfgdfg','eng-GB'),(59,2,'eng-GB',3,'sfgdfg','eng-GB'),(59,3,'eng-GB',3,'sfgdfg','eng-GB'),(59,4,'eng-GB',3,'Sit amet Dolor','eng-GB'),(60,1,'eng-GB',3,'Lorem','eng-GB'),(63,1,'eng-GB',3,'Lorem Ipsum sit amet','eng-GB'),(63,2,'eng-GB',3,'Lorem Ipsum sit amet','eng-GB'),(64,1,'eng-GB',3,'basura.png','eng-GB'),(65,1,'eng-GB',3,'Test Content','eng-GB'),(66,1,'eng-GB',3,'Hero images','eng-GB'),(67,1,'eng-GB',3,'Test1','eng-GB'),(68,1,'eng-GB',3,'Lorem ipsum dolor','eng-GB'),(68,2,'eng-GB',3,'Lorem ipsum dolor','eng-GB'),(69,1,'eng-GB',3,'Test1','eng-GB'),(70,1,'eng-GB',3,'basura.png','eng-GB'),(71,1,'eng-GB',3,'Lorem ipsum dolor','eng-GB'),(71,2,'eng-GB',3,'Lorem ipsum dolor','eng-GB'),(72,1,'eng-GB',3,'Captura de pantalla de 2021-06-18 09-59-26.png','eng-GB'),(73,1,'eng-GB',3,'Integer facilisis semper','eng-GB'),(73,2,'eng-GB',3,'Integer facilisis semper','eng-GB'),(74,1,'eng-GB',3,'basura.png','eng-GB'),(75,1,'eng-GB',3,'Hero1','eng-GB'),(76,1,'eng-GB',3,'AXP System','eng-GB'),(77,1,'eng-GB',3,'AXP Header','eng-GB'),(77,2,'eng-GB',3,'AXP Header','eng-GB'),(78,1,'eng-GB',3,'AXP Footer','eng-GB'),(78,2,'eng-GB',3,'AXP Footer','eng-GB'),(79,1,'eng-GB',3,'Utility Nav','eng-GB'),(80,1,'eng-GB',3,'Folder','eng-GB'),(80,2,'eng-GB',3,'Notifications','eng-GB'),(81,1,'eng-GB',3,'Integer facilisis semper','eng-GB'),(82,1,'eng-GB',3,'Nulla porttitor accumsan tincidunt.','eng-GB'),(83,1,'eng-GB',3,'Sed porttitor lectus nibh.','eng-GB'),(83,2,'eng-GB',3,'Sed porttitor lectus nibh.','eng-GB'),(83,3,'eng-GB',3,'Sed porttitor lectus nibh.','eng-GB'),(84,1,'eng-GB',3,'Proin eget tortor risus.','eng-GB'),(85,1,'eng-GB',3,'Curabitur arcu erat','eng-GB'),(86,1,'eng-GB',3,'Custom Link Test 1','eng-GB'),(87,1,'eng-GB',3,'Custom Link Test 1','eng-GB'),(87,2,'eng-GB',3,'Custom Link Test 2','eng-GB'),(87,3,'eng-GB',3,'Custom Link Test 2','eng-GB'),(88,1,'eng-GB',3,'Custom Link Test 1','eng-GB'),(88,2,'eng-GB',3,'Custom Link Test 2','eng-GB'),(88,3,'eng-GB',3,'Custom Link Test 3','eng-GB'),(89,1,'eng-GB',3,'Pellentesque in ipsum','eng-GB'),(90,1,'eng-GB',3,'Pellentesque in ipsum','eng-GB'),(90,2,'eng-GB',3,'Nulla porttitor accumsan tincidunt.','eng-GB'),(91,1,'eng-GB',3,'test','eng-GB');
/*!40000 ALTER TABLE `ezcontentobject_name` ENABLE KEYS */;
UNLOCK TABLES;

--
-- Table structure for table `ezcontentobject_trash`
--

DROP TABLE IF EXISTS `ezcontentobject_trash`;
/*!40101 SET @saved_cs_client     = @@character_set_client */;
/*!40101 SET character_set_client = utf8 */;
CREATE TABLE `ezcontentobject_trash` (
  `node_id` int(11) NOT NULL DEFAULT 0,
  `contentobject_id` int(11) DEFAULT NULL,
  `contentobject_version` int(11) DEFAULT NULL,
  `depth` int(11) NOT NULL DEFAULT 0,
  `is_hidden` int(11) NOT NULL DEFAULT 0,
  `is_invisible` int(11) NOT NULL DEFAULT 0,
  `main_node_id` int(11) DEFAULT NULL,
  `modified_subnode` int(11) DEFAULT 0,
  `parent_node_id` int(11) NOT NULL DEFAULT 0,
  `path_identification_string` longtext COLLATE utf8mb4_unicode_520_ci DEFAULT NULL,
  `path_string` varchar(255) COLLATE utf8mb4_unicode_520_ci NOT NULL DEFAULT '',
  `priority` int(11) NOT NULL DEFAULT 0,
  `remote_id` varchar(100) COLLATE utf8mb4_unicode_520_ci NOT NULL DEFAULT '',
  `sort_field` int(11) DEFAULT 1,
  `sort_order` int(11) DEFAULT 1,
  `trashed` int(11) NOT NULL DEFAULT 0,
  PRIMARY KEY (`node_id`),
  KEY `ezcobj_trash_depth` (`depth`),
  KEY `ezcobj_trash_p_node_id` (`parent_node_id`),
  KEY `ezcobj_trash_path_ident` (`path_identification_string`(50)),
  KEY `ezcobj_trash_co_id` (`contentobject_id`),
  KEY `ezcobj_trash_modified_subnode` (`modified_subnode`),
  KEY `ezcobj_trash_path` (`path_string`(191))
) ENGINE=InnoDB DEFAULT CHARSET=utf8mb4 COLLATE=utf8mb4_unicode_520_ci;
/*!40101 SET character_set_client = @saved_cs_client */;

--
-- Dumping data for table `ezcontentobject_trash`
--

LOCK TABLES `ezcontentobject_trash` WRITE;
/*!40000 ALTER TABLE `ezcontentobject_trash` DISABLE KEYS */;
INSERT INTO `ezcontentobject_trash` VALUES (42,1,9,2,0,0,42,1486473151,2,'node_2/ez_platform','/1/2/42/',0,'581da01017b80b1afb1e5e2a3081c724',1,1,1622917112),(59,60,1,3,0,0,59,1623796085,51,'media/images/lorem','/1/43/51/59/',0,'e1a3ea42a9456cfa60c4e94c2b9fbc81',1,1,1627430732),(60,64,1,3,0,0,60,1624034225,51,'media/images/basura_png','/1/43/51/60/',0,'15094d7619d1628def18510460b33c5a',1,1,1627430759),(64,67,1,4,0,0,64,1624244475,63,'media/test_content/hero_images/test1','/1/43/62/63/64/',0,'5335b3bcb245f4225eb0bd2a1554f9e4',1,1,1624244509),(65,69,1,3,0,0,65,1624244667,51,'media/images/test1','/1/43/51/65/',0,'a29f755dfc90ea1aa4e3f5c95e889589',1,1,1624245059),(66,68,2,4,0,0,66,1624244721,63,'media/test_content/hero_images/lorem_ipsum_dolor','/1/43/62/63/66/',0,'143bd9bade8d016ba6fb79025e11f6f4',2,0,1624248731),(67,70,1,3,0,0,67,1624245926,51,'media/images/basura_png2','/1/43/51/67/',0,'b7d8a74aedda9631a2fcc902679d91d8',1,1,1627430908),(68,72,1,3,0,0,68,1624248872,51,'media/images/captura_de_pantalla_de_2021_06_18_09_59_26_png','/1/43/51/68/',0,'68176c08ef1f6e491e65bcfc1c15dc70',1,1,1627432561),(69,71,2,4,0,0,69,1624248941,63,'media/test_content/hero_images/lorem_ipsum_dolor','/1/43/62/63/69/',0,'31b29a56982e37f7f2b9e18113101c58',2,0,1627080336),(70,74,1,3,0,0,70,1624249203,51,'media/images/basura_png3','/1/43/51/70/',0,'f6b5421cbb9b1c9219fc1114d9e20484',1,1,1627430893),(71,73,2,4,0,0,71,1624249206,63,'media/test_content/hero_images/integer_facilisis_semper','/1/43/62/63/71/',0,'6b6f3985c1579e730ec3b0bc44d06072',2,0,1627080350),(90,91,1,3,0,0,90,1627506583,57,'node_2/axp_home/test','/1/2/57/90/',0,'242e324344fbac9c78d8dc0857d70662',1,1,1627579718);
/*!40000 ALTER TABLE `ezcontentobject_trash` ENABLE KEYS */;
UNLOCK TABLES;

--
-- Table structure for table `ezcontentobject_tree`
--

DROP TABLE IF EXISTS `ezcontentobject_tree`;
/*!40101 SET @saved_cs_client     = @@character_set_client */;
/*!40101 SET character_set_client = utf8 */;
CREATE TABLE `ezcontentobject_tree` (
  `node_id` int(11) NOT NULL AUTO_INCREMENT,
  `contentobject_id` int(11) DEFAULT NULL,
  `contentobject_is_published` int(11) DEFAULT NULL,
  `contentobject_version` int(11) DEFAULT NULL,
  `depth` int(11) NOT NULL DEFAULT 0,
  `is_hidden` int(11) NOT NULL DEFAULT 0,
  `is_invisible` int(11) NOT NULL DEFAULT 0,
  `main_node_id` int(11) DEFAULT NULL,
  `modified_subnode` int(11) DEFAULT 0,
  `parent_node_id` int(11) NOT NULL DEFAULT 0,
  `path_identification_string` longtext COLLATE utf8mb4_unicode_520_ci DEFAULT NULL,
  `path_string` varchar(255) COLLATE utf8mb4_unicode_520_ci NOT NULL DEFAULT '',
  `priority` int(11) NOT NULL DEFAULT 0,
  `remote_id` varchar(100) COLLATE utf8mb4_unicode_520_ci NOT NULL DEFAULT '',
  `sort_field` int(11) DEFAULT 1,
  `sort_order` int(11) DEFAULT 1,
  PRIMARY KEY (`node_id`),
  KEY `ezcontentobject_tree_p_node_id` (`parent_node_id`),
  KEY `ezcontentobject_tree_path_ident` (`path_identification_string`(50)),
  KEY `ezcontentobject_tree_contentobject_id_path_string` (`path_string`(191),`contentobject_id`),
  KEY `ezcontentobject_tree_co_id` (`contentobject_id`),
  KEY `ezcontentobject_tree_depth` (`depth`),
  KEY `ezcontentobject_tree_path` (`path_string`(191)),
  KEY `modified_subnode` (`modified_subnode`),
  KEY `ezcontentobject_tree_remote_id` (`remote_id`)
) ENGINE=InnoDB AUTO_INCREMENT=91 DEFAULT CHARSET=utf8mb4 COLLATE=utf8mb4_unicode_520_ci;
/*!40101 SET character_set_client = @saved_cs_client */;

--
-- Dumping data for table `ezcontentobject_tree`
--

LOCK TABLES `ezcontentobject_tree` WRITE;
/*!40000 ALTER TABLE `ezcontentobject_tree` DISABLE KEYS */;
INSERT INTO `ezcontentobject_tree` VALUES (1,0,1,1,0,0,0,1,1627579718,1,'','/1/',0,'629709ba256fe317c3ddcee35453a96a',1,1),(2,52,1,1,1,0,0,2,1627579718,1,'node_2','/1/2/',0,'f3e90596361e31d496d4026eb624c983',8,1),(5,4,1,1,1,0,0,5,1301062024,1,'users','/1/5/',0,'3f6d92f8044aed134f32153517850f5a',1,1),(12,11,1,1,2,0,0,12,1081860719,5,'users/guest_accounts','/1/5/12/',0,'602dcf84765e56b7f999eaafd3821dd3',1,1),(13,12,1,1,2,0,0,13,1301062024,5,'users/administrator_users','/1/5/13/',0,'769380b7aa94541679167eab817ca893',1,1),(14,13,1,1,2,0,0,14,1081860719,5,'users/editors','/1/5/14/',0,'f7dda2854fc68f7c8455d9cb14bd04a9',1,1),(15,14,1,3,3,0,0,15,1301062024,13,'users/administrator_users/administrator_user','/1/5/13/15/',0,'e5161a99f733200b9ed4e80f9c16187b',1,1),(43,41,1,1,1,0,0,43,1627432561,1,'media','/1/43/',0,'75c715a51699d2d309a924eca6a95145',9,1),(44,42,1,1,2,0,0,44,1081860719,5,'users/anonymous_users','/1/5/44/',0,'4fdf0072da953bb276c0c7e0141c5c9b',9,1),(45,10,1,2,3,0,0,45,1081860719,44,'users/anonymous_users/anonymous_user','/1/5/44/45/',0,'2cf8343bee7b482bab82b269d8fecd76',9,1),(51,49,1,1,2,0,0,51,1627432561,43,'media/images','/1/43/51/',0,'1b26c0454b09bb49dfb1b9190ffd67cb',9,1),(52,50,1,1,2,0,0,52,1081860720,43,'media/files','/1/43/52/',0,'0b113a208f7890f9ad3c24444ff5988c',9,1),(53,51,1,1,2,0,0,53,1081860720,43,'media/multimedia','/1/43/53/',0,'4f18b82c75f10aad476cae5adf98c11f',9,1),(54,53,1,1,3,0,0,54,1486473151,52,'media/files/form_uploads','/1/43/52/54/',0,'0543630fa051a1e2be54dbd32da2420f',1,1),(55,54,1,1,1,0,0,55,1537166893,1,'forms','/1/55/',0,'1dad43be47e3a5c12cd06010aab65112',9,1),(56,55,1,1,2,0,0,56,1586855342,1,'site_skeletons','/1/56/',0,'9658f6deaeef9fc27300df5d5f566b37',9,1),(57,57,1,32,2,0,0,57,1627579718,2,'node_2/axp_home','/1/2/57/',0,'048ea4920b8b6d7f10eec53cd5d92548',2,0),(58,59,1,4,3,0,0,58,1622948256,51,'media/images/sit_amet_dolor','/1/43/51/58/',0,'101ebf34be2eea3a1db0744c6cf6aabb',1,1),(61,63,1,2,3,0,0,61,1624034263,57,'node_2/axp_home/lorem_ipsum_sit_amet','/1/2/57/61/',0,'5b6c1c26df1c9969e3f98afd1c503e34',2,0),(62,65,1,1,2,0,0,62,1627080350,43,'media/test_content','/1/43/62/',0,'40fbc0817534765477dc1ae89fc9f1d3',1,1),(63,66,1,1,3,0,0,63,1627080350,62,'media/test_content/hero_images','/1/43/62/63/',0,'b24a2d09cf1b495826b005c3b8f31751',1,1),(72,75,1,1,3,0,0,72,1624311259,51,'media/images/hero1','/1/43/51/72/',0,'5e07c0be5f00686820e07de51762d5a0',1,1),(73,76,1,1,2,0,0,73,1625982954,43,'media/axp_system','/1/43/73/',0,'438015907726186eb578b3f04fe7a925',1,1),(74,77,1,2,3,0,0,74,1625982986,73,'media/axp_system/axp_header','/1/43/73/74/',0,'66fb601761566d492ada03af0254a040',2,0),(75,78,1,2,3,0,0,75,1625983007,73,'media/axp_system/axp_footer','/1/43/73/75/',0,'5305850d453a5d2919af2728f1b92301',2,0),(76,79,1,1,4,0,0,76,1626057079,74,'media/axp_system/axp_header/utility_nav','/1/43/73/74/76/',0,'82748115b5a7f482100be90a2085f9a6',1,1),(77,63,1,2,5,0,0,61,1626065120,76,'media/axp_system/axp_header/utility_nav/lorem_ipsum_sit_amet','/1/43/73/74/76/77/',0,'dc58d4ec2a7c0da9b0af86a2d4c86f39',2,0),(78,80,1,2,3,0,0,78,1626139045,62,'media/test_content/notifications','/1/43/62/78/',0,'f6d85e2058d7418806dca83223bca93f',1,1),(79,81,1,1,4,0,0,79,1626139101,78,'media/test_content/notifications/integer_facilisis_semper','/1/43/62/78/79/',0,'cefb5dd414c2cb5bac5e1c703a9ce9c0',2,0),(80,82,1,1,3,0,0,80,1626214974,57,'node_2/axp_home/nulla_porttitor_accumsan_tincidunt','/1/2/57/80/',0,'600620f20806ed8fed18e9ab01cd49e0',2,0),(81,82,1,1,5,0,0,80,1626215027,76,'media/axp_system/axp_header/utility_nav/nulla_porttitor_accumsan_tincidunt','/1/43/73/74/76/81/',0,'a877e6c2694a84596c35796c2598f841',2,0),(82,83,1,3,4,0,0,82,1626475829,80,'node_2/axp_home/nulla_porttitor_accumsan_tincidunt/sed_porttitor_lectus_nibh','/1/2/57/80/82/',0,'6ede018f843ea0977cf406d805141e2b',2,0),(83,84,1,1,5,0,0,83,1626475928,82,'node_2/axp_home/nulla_porttitor_accumsan_tincidunt/sed_porttitor_lectus_nibh/proin_eget_tortor_risus','/1/2/57/80/82/83/',0,'5f7f2f4504e672b8d1a0db8db414913c',2,0),(84,85,1,1,6,0,0,84,1626476557,83,'node_2/axp_home/nulla_porttitor_accumsan_tincidunt/sed_porttitor_lectus_nibh/proin_eget_tortor_risus/curabitur_arcu_erat','/1/2/57/80/82/83/84/',0,'9de429c128e0353a6c148e69c011c96c',2,0),(85,86,1,1,3,0,0,85,1627068312,57,'node_2/axp_home/custom_link_test_1','/1/2/57/85/',0,'42be61d0af81f53fa2568b212d173b99',2,0),(86,87,1,3,3,0,0,86,1627068326,57,'node_2/axp_home/custom_link_test_2','/1/2/57/86/',0,'837b122bcfbc61985c0e0cd10ed487f3',2,0),(87,88,1,3,3,0,0,87,1627068373,57,'node_2/axp_home/custom_link_test_3','/1/2/57/87/',0,'3720c9fb040fbe15188555186042c429',2,0),(88,89,1,1,4,0,0,88,1627081305,63,'media/test_content/hero_images/pellentesque_in_ipsum','/1/43/62/63/88/',0,'334e89614e377e405108160dadb1d989',2,0),(89,90,1,2,4,0,0,89,1627081333,63,'media/test_content/hero_images/nulla_porttitor_accumsan_tincidunt','/1/43/62/63/89/',0,'6db56d993aa75a3b04201f6388489451',2,0);
/*!40000 ALTER TABLE `ezcontentobject_tree` ENABLE KEYS */;
UNLOCK TABLES;

--
-- Table structure for table `ezcontentobject_version`
--

DROP TABLE IF EXISTS `ezcontentobject_version`;
/*!40101 SET @saved_cs_client     = @@character_set_client */;
/*!40101 SET character_set_client = utf8 */;
CREATE TABLE `ezcontentobject_version` (
  `id` int(11) NOT NULL AUTO_INCREMENT,
  `contentobject_id` int(11) DEFAULT NULL,
  `created` int(11) NOT NULL DEFAULT 0,
  `creator_id` int(11) NOT NULL DEFAULT 0,
  `initial_language_id` bigint(20) NOT NULL DEFAULT 0,
  `language_mask` bigint(20) NOT NULL DEFAULT 0,
  `modified` int(11) NOT NULL DEFAULT 0,
  `status` int(11) NOT NULL DEFAULT 0,
  `user_id` int(11) NOT NULL DEFAULT 0,
  `version` int(11) NOT NULL DEFAULT 0,
  `workflow_event_pos` int(11) DEFAULT 0,
  PRIMARY KEY (`id`),
  KEY `ezcobj_version_status` (`status`),
  KEY `idx_object_version_objver` (`contentobject_id`,`version`),
  KEY `ezcontobj_version_obj_status` (`contentobject_id`,`status`),
  KEY `ezcobj_version_creator_id` (`creator_id`)
) ENGINE=InnoDB AUTO_INCREMENT=664 DEFAULT CHARSET=utf8mb4 COLLATE=utf8mb4_unicode_520_ci;
/*!40101 SET character_set_client = @saved_cs_client */;

--
-- Dumping data for table `ezcontentobject_version`
--

LOCK TABLES `ezcontentobject_version` WRITE;
/*!40000 ALTER TABLE `ezcontentobject_version` DISABLE KEYS */;
INSERT INTO `ezcontentobject_version` VALUES (4,4,0,14,2,3,0,1,0,1,1),(439,11,1033920737,14,2,3,1033920746,1,0,1,0),(440,12,1033920760,14,2,3,1033920775,1,0,1,0),(441,13,1033920786,14,2,3,1033920794,1,0,1,0),(472,41,1060695450,14,2,3,1060695457,1,0,1,0),(473,42,1072180278,14,2,3,1072180330,1,0,1,0),(474,10,1072180337,14,2,3,1072180405,1,0,2,0),(488,49,1080220181,14,2,3,1080220197,1,0,1,0),(489,50,1080220211,14,2,3,1080220220,1,0,1,0),(490,51,1080220225,14,2,3,1080220233,1,0,1,0),(499,14,1301061783,14,2,3,1301062024,1,0,3,0),(506,1,1448889045,14,2,3,1448889046,1,0,9,0),(512,52,1442481742,14,2,3,1442481743,1,0,1,0),(513,53,1486473143,14,2,3,1486473151,1,0,1,0),(514,54,1537166893,14,2,2,1537166893,1,0,1,0),(515,55,1586855342,14,2,3,1586855342,1,0,1,0),(553,59,1622948237,14,2,3,1623686787,3,0,1,0),(558,59,1623686772,14,2,3,1624404987,3,0,2,0),(560,60,1623796069,14,2,3,1623796085,1,0,1,0),(571,63,1624034179,14,2,3,1626536674,3,0,1,0),(572,64,1624034225,14,2,3,1624034225,1,0,1,0),(578,65,1624244197,14,2,3,1624244274,1,0,1,0),(579,66,1624244302,14,2,3,1624244309,1,0,1,0),(580,67,1624244453,14,2,3,1624244475,1,0,1,0),(581,68,1624244517,14,2,3,1624245500,3,0,1,0),(582,69,1624244654,14,2,3,1624244667,1,0,1,0),(584,68,1624245092,14,2,3,1624245500,1,0,2,0),(586,70,1624245926,14,2,3,1624245926,1,0,1,0),(589,71,1624248786,14,2,3,1624311325,3,0,1,0),(590,72,1624248872,14,2,3,1624248872,1,0,1,0),(591,73,1624249058,14,2,3,1626536591,3,0,1,0),(592,74,1624249203,14,2,3,1624249203,1,0,1,0),(595,71,1624289976,14,2,3,1624311325,1,0,2,0),(596,75,1624311240,14,2,3,1624311259,1,0,1,0),(599,59,1624404972,14,2,3,1624483434,3,0,3,0),(602,59,1624483420,14,2,3,1624483434,1,0,4,0),(606,76,1625982943,14,2,3,1625982954,1,0,1,0),(607,77,1625982974,14,2,3,1626139185,3,0,1,0),(608,78,1625982999,14,2,3,1626139144,3,0,1,0),(609,79,1626057013,14,2,3,1626057079,1,0,1,0),(611,80,1626139041,14,2,3,1626139062,3,0,1,0),(612,80,1626139052,14,2,3,1626139062,1,0,2,0),(613,81,1626139072,14,2,3,1626139101,1,0,1,0),(614,78,1626139125,14,2,3,1626139144,1,0,2,0),(615,77,1626139171,14,2,3,1626139185,1,0,2,0),(617,82,1626214906,14,2,3,1626214974,1,0,1,0),(629,83,1626475656,14,2,3,1626477328,3,0,1,0),(630,84,1626475880,14,2,3,1626475928,1,0,1,0),(631,85,1626476518,14,2,3,1626476557,1,0,1,0),(634,83,1626477306,14,2,3,1626480204,3,0,2,0),(637,83,1626480192,14,2,3,1626480204,1,0,3,0),(638,57,1626536238,14,2,3,1626536807,3,0,27,0),(640,73,1626536575,14,2,3,1626536591,1,0,2,0),(641,63,1626536629,14,2,3,1626536674,1,0,2,0),(642,57,1626536729,14,2,3,1627068979,3,0,28,0),(645,86,1627068207,14,2,3,1627068312,1,0,1,0),(646,87,1627068326,14,2,3,1627068353,3,0,1,0),(647,87,1627068330,14,2,3,1627076626,3,0,2,0),(648,88,1627068373,14,2,3,1627068386,3,0,2,0),(649,88,1627068373,14,2,3,1627068373,3,0,1,0),(650,88,1627068377,14,2,3,1627068386,1,0,3,0),(651,57,1627068911,14,2,3,1627079771,3,0,29,0),(653,87,1627076610,14,2,3,1627076626,1,0,3,0),(654,57,1627079748,14,2,3,1627081493,3,0,30,0),(655,89,1627081272,14,2,3,1627081305,1,0,1,0),(656,90,1627081333,14,2,3,1627081377,3,0,1,0),(657,90,1627081337,14,2,3,1627081377,1,0,2,0),(658,57,1627081412,14,2,3,1627083408,3,0,31,0),(660,57,1627082427,14,2,3,1627083408,1,0,32,0),(663,91,1627506574,14,2,3,1627506583,1,0,1,0);
/*!40000 ALTER TABLE `ezcontentobject_version` ENABLE KEYS */;
UNLOCK TABLES;

--
-- Table structure for table `ezdatebasedpublisher_scheduled_entries`
--

DROP TABLE IF EXISTS `ezdatebasedpublisher_scheduled_entries`;
/*!40101 SET @saved_cs_client     = @@character_set_client */;
/*!40101 SET character_set_client = utf8 */;
CREATE TABLE `ezdatebasedpublisher_scheduled_entries` (
  `id` int(11) NOT NULL AUTO_INCREMENT,
  `content_id` int(11) NOT NULL,
  `version_id` int(11) DEFAULT NULL,
  `version_number` int(11) DEFAULT NULL,
  `user_id` int(11) NOT NULL,
  `action_timestamp` int(11) NOT NULL,
  `action` varchar(32) COLLATE utf8mb4_unicode_520_ci NOT NULL,
  `url_root` varchar(255) COLLATE utf8mb4_unicode_520_ci NOT NULL,
  PRIMARY KEY (`id`),
  UNIQUE KEY `content_id_version_number_action` (`content_id`,`version_number`,`action`),
  KEY `content_id` (`content_id`),
  KEY `version_id` (`version_id`)
) ENGINE=InnoDB DEFAULT CHARSET=utf8mb4 COLLATE=utf8mb4_unicode_520_ci;
/*!40101 SET character_set_client = @saved_cs_client */;

--
-- Dumping data for table `ezdatebasedpublisher_scheduled_entries`
--

LOCK TABLES `ezdatebasedpublisher_scheduled_entries` WRITE;
/*!40000 ALTER TABLE `ezdatebasedpublisher_scheduled_entries` DISABLE KEYS */;
/*!40000 ALTER TABLE `ezdatebasedpublisher_scheduled_entries` ENABLE KEYS */;
UNLOCK TABLES;

--
-- Table structure for table `ezdfsfile`
--

DROP TABLE IF EXISTS `ezdfsfile`;
/*!40101 SET @saved_cs_client     = @@character_set_client */;
/*!40101 SET character_set_client = utf8 */;
CREATE TABLE `ezdfsfile` (
  `name_hash` varchar(34) COLLATE utf8mb4_unicode_520_ci NOT NULL DEFAULT '',
  `name` text COLLATE utf8mb4_unicode_520_ci NOT NULL,
  `name_trunk` text COLLATE utf8mb4_unicode_520_ci NOT NULL,
  `datatype` varchar(255) COLLATE utf8mb4_unicode_520_ci NOT NULL DEFAULT 'application/octet-stream',
  `scope` varchar(25) COLLATE utf8mb4_unicode_520_ci NOT NULL DEFAULT '',
  `size` bigint(20) unsigned NOT NULL DEFAULT 0,
  `mtime` int(11) NOT NULL DEFAULT 0,
  `expired` tinyint(1) NOT NULL DEFAULT 0,
  `status` tinyint(1) NOT NULL DEFAULT 0,
  PRIMARY KEY (`name_hash`),
  KEY `ezdfsfile_name_trunk` (`name_trunk`(191)),
  KEY `ezdfsfile_expired_name` (`expired`,`name`(191)),
  KEY `ezdfsfile_name` (`name`(191)),
  KEY `ezdfsfile_mtime` (`mtime`)
) ENGINE=InnoDB DEFAULT CHARSET=utf8mb4 COLLATE=utf8mb4_unicode_520_ci;
/*!40101 SET character_set_client = @saved_cs_client */;

--
-- Dumping data for table `ezdfsfile`
--

LOCK TABLES `ezdfsfile` WRITE;
/*!40000 ALTER TABLE `ezdfsfile` DISABLE KEYS */;
INSERT INTO `ezdfsfile` VALUES ('0e639c5e17cd54ad7e90d76292aa2d2f','var/site/storage/images/6/6/2/0/266-3-eng-GB/Hero2.jpeg','var/site/storage/images/6/6/2/0/266-3-eng-GB/Hero2.jpeg','image/jpeg','image',1195883,1624404987,0,0),('2945eb4bd163ae88eef8586e17dc14de','var/site/storage/images/_aliases/feature_promo/6/6/2/0/266-3-eng-GB/Hero2.jpeg','var/site/storage/images/_aliases/feature_promo/6/6/2/0/266-3-eng-GB/Hero2.jpeg','image/jpeg','image',16053,1626536316,0,0),('300356a0fa1531aa7072d888497310a8','var/site/storage/images/4/3/3/0/334-1-eng-GB/Hero1.jpeg','var/site/storage/images/4/3/3/0/334-1-eng-GB/Hero1.jpeg','image/jpeg','image',957548,1624311259,0,0),('3b33827e8b29e497faaee11ecc459fa9','var/site/storage/images/_aliases/feature_promo/6/6/2/0/266-2-eng-GB/IMG_20210602_222637 (1).jpeg','var/site/storage/images/_aliases/feature_promo/6/6/2/0/266-2-eng-GB/IMG_20210602_222637 (1).jpeg','image/jpeg','image',31943,1623686791,0,0),('492bdeec91201a50654a7ad267a1a9eb','var/site/storage/images/_aliases/feature_promo/9/6/2/0/269-1-eng-GB/IMG_20210522_181705 (1).jpeg','var/site/storage/images/_aliases/feature_promo/9/6/2/0/269-1-eng-GB/IMG_20210522_181705 (1).jpeg','image/jpeg','image',18098,1623796092,0,0),('69fcb70af4cdbd6d490715f3104e5ce2','var/site/storage/images/1/0/3/0/301-1-eng-GB/test1.jpeg','var/site/storage/images/1/0/3/0/301-1-eng-GB/test1.jpeg','image/jpeg','image',1921273,1624244475,0,0),('708f5b2932df60864c37d8359bb6b59c','var/site/storage/images/3/1/3/0/313-1-eng-GB/basura.png','var/site/storage/images/3/1/3/0/313-1-eng-GB/basura.png','image/png','image',45901,1624245926,0,0),('8ec3380862f0d6578055e012c5c05d53','var/site/storage/images/6/6/2/0/266-2-eng-GB/IMG_20210602_222637 (1).jpeg','var/site/storage/images/6/6/2/0/266-2-eng-GB/IMG_20210602_222637 (1).jpeg','image/jpeg','image',2762246,1623686786,0,0),('91ce8ad80e6b639c0fd4acf1e14024a2','var/site/storage/images/_aliases/feature_promo/4/3/3/0/334-1-eng-GB/Hero1.jpeg','var/site/storage/images/_aliases/feature_promo/4/3/3/0/334-1-eng-GB/Hero1.jpeg','image/jpeg','image',28616,1626536678,0,0),('990f5e8ea5a492583201863972dfbd7e','var/site/storage/images/0/1/3/0/310-1-eng-GB/test1.jpeg','var/site/storage/images/0/1/3/0/310-1-eng-GB/test1.jpeg','image/jpeg','image',1921273,1624244667,0,0),('b9ac562cc3e4256d5fb3d1446f4b3b99','var/site/storage/images/_aliases/feature_promo/0/9/2/0/290-1-eng-GB/basura.png','var/site/storage/images/_aliases/feature_promo/0/9/2/0/290-1-eng-GB/basura.png','image/png','image',95471,1624222018,0,0),('c0a65a9d61b4aac6b27503477fef9a40','var/site/storage/images/0/9/2/0/290-1-eng-GB/basura.png','var/site/storage/images/0/9/2/0/290-1-eng-GB/basura.png','image/png','image',45901,1624034225,0,0),('cd8f3e5c4c27758e698a254d37a93abb','var/site/storage/images/2/2/3/0/322-1-eng-GB/Captura de pantalla de 2021-06-18 09-59-26.png','var/site/storage/images/2/2/3/0/322-1-eng-GB/Captura de pantalla de 2021-06-18 09-59-26.png','image/png','image',320359,1624248872,0,0),('e019b46d24beea05472b2b2c7067fdbe','var/site/storage/images/9/6/2/0/269-1-eng-GB/IMG_20210522_181705 (1).jpeg','var/site/storage/images/9/6/2/0/269-1-eng-GB/IMG_20210522_181705 (1).jpeg','image/jpeg','image',1448961,1623796085,0,0),('e87bdaa0b42afaf71dac6e5cc65a69f9','var/site/storage/images/1/3/3/0/331-1-eng-GB/basura.png','var/site/storage/images/1/3/3/0/331-1-eng-GB/basura.png','image/png','image',45901,1624249203,0,0);
/*!40000 ALTER TABLE `ezdfsfile` ENABLE KEYS */;
UNLOCK TABLES;

--
-- Table structure for table `ezeditorialworkflow_markings`
--

DROP TABLE IF EXISTS `ezeditorialworkflow_markings`;
/*!40101 SET @saved_cs_client     = @@character_set_client */;
/*!40101 SET character_set_client = utf8 */;
CREATE TABLE `ezeditorialworkflow_markings` (
  `id` int(11) NOT NULL AUTO_INCREMENT,
  `workflow_id` int(11) NOT NULL,
  `name` varchar(255) COLLATE utf8mb4_unicode_520_ci NOT NULL DEFAULT '',
  `message` text COLLATE utf8mb4_unicode_520_ci NOT NULL,
  `reviewer_id` int(11) DEFAULT NULL,
  `result` text COLLATE utf8mb4_unicode_520_ci DEFAULT NULL,
  PRIMARY KEY (`id`),
  KEY `fk_workflow_id_markings` (`workflow_id`),
  CONSTRAINT `fk_ezeditorialworkflow_markings_workflow_id` FOREIGN KEY (`workflow_id`) REFERENCES `ezeditorialworkflow_workflows` (`id`) ON DELETE CASCADE
) ENGINE=InnoDB AUTO_INCREMENT=34 DEFAULT CHARSET=utf8mb4 COLLATE=utf8mb4_unicode_520_ci;
/*!40101 SET character_set_client = @saved_cs_client */;

--
-- Dumping data for table `ezeditorialworkflow_markings`
--

LOCK TABLES `ezeditorialworkflow_markings` WRITE;
/*!40000 ALTER TABLE `ezeditorialworkflow_markings` DISABLE KEYS */;
INSERT INTO `ezeditorialworkflow_markings` VALUES (2,2,'draft','',NULL,'[]'),(4,4,'draft','',NULL,'[]'),(5,5,'draft','',NULL,'[]'),(8,8,'draft','',NULL,'[]'),(9,9,'draft','',NULL,'[]'),(10,10,'draft','',NULL,'[]'),(11,11,'draft','',NULL,'[]'),(12,12,'draft','',NULL,'[]'),(13,13,'draft','',NULL,'[]'),(14,14,'draft','',NULL,'[]'),(15,15,'draft','',NULL,'[]'),(16,16,'draft','',NULL,'[]'),(17,17,'draft','',NULL,'[]'),(18,18,'draft','',NULL,'[]'),(19,19,'draft','',NULL,'[]'),(20,20,'draft','',NULL,'[]'),(21,21,'draft','',NULL,'[]'),(22,22,'draft','',NULL,'[]'),(23,23,'draft','',NULL,'[]'),(24,24,'draft','',NULL,'[]'),(25,25,'draft','',NULL,'[]'),(26,26,'draft','',NULL,'[]'),(27,27,'draft','',NULL,'[]'),(28,28,'draft','',NULL,'[]'),(29,29,'draft','',NULL,'[]'),(30,30,'draft','',NULL,'[]'),(31,31,'draft','',NULL,'[]'),(32,32,'draft','',NULL,'[]'),(33,33,'draft','',NULL,'[]');
/*!40000 ALTER TABLE `ezeditorialworkflow_markings` ENABLE KEYS */;
UNLOCK TABLES;

--
-- Table structure for table `ezeditorialworkflow_transitions`
--

DROP TABLE IF EXISTS `ezeditorialworkflow_transitions`;
/*!40101 SET @saved_cs_client     = @@character_set_client */;
/*!40101 SET character_set_client = utf8 */;
CREATE TABLE `ezeditorialworkflow_transitions` (
  `id` int(11) NOT NULL AUTO_INCREMENT,
  `workflow_id` int(11) NOT NULL,
  `name` varchar(255) COLLATE utf8mb4_unicode_520_ci NOT NULL DEFAULT '',
  `timestamp` int(11) NOT NULL,
  `user_id` int(11) DEFAULT NULL,
  `comment` text COLLATE utf8mb4_unicode_520_ci DEFAULT NULL,
  PRIMARY KEY (`id`),
  KEY `fk_workflow_id_transitions` (`workflow_id`),
  CONSTRAINT `fk_ezeditorialworkflow_transitions_workflow_id` FOREIGN KEY (`workflow_id`) REFERENCES `ezeditorialworkflow_workflows` (`id`) ON DELETE CASCADE
) ENGINE=InnoDB DEFAULT CHARSET=utf8mb4 COLLATE=utf8mb4_unicode_520_ci;
/*!40101 SET character_set_client = @saved_cs_client */;

--
-- Dumping data for table `ezeditorialworkflow_transitions`
--

LOCK TABLES `ezeditorialworkflow_transitions` WRITE;
/*!40000 ALTER TABLE `ezeditorialworkflow_transitions` DISABLE KEYS */;
/*!40000 ALTER TABLE `ezeditorialworkflow_transitions` ENABLE KEYS */;
UNLOCK TABLES;

--
-- Table structure for table `ezeditorialworkflow_workflows`
--

DROP TABLE IF EXISTS `ezeditorialworkflow_workflows`;
/*!40101 SET @saved_cs_client     = @@character_set_client */;
/*!40101 SET character_set_client = utf8 */;
CREATE TABLE `ezeditorialworkflow_workflows` (
  `id` int(11) NOT NULL AUTO_INCREMENT,
  `content_id` int(11) NOT NULL,
  `version_no` int(11) NOT NULL,
  `workflow_name` varchar(255) COLLATE utf8mb4_unicode_520_ci NOT NULL DEFAULT '',
  `initial_owner_id` int(11) DEFAULT NULL,
  `start_date` int(11) DEFAULT NULL,
  PRIMARY KEY (`id`),
  KEY `idx_workflow_id` (`id`),
  KEY `idx_workflow_co_id_ver` (`content_id`,`version_no`),
  KEY `idx_workflow_name` (`workflow_name`),
  KEY `initial_owner_id` (`initial_owner_id`)
) ENGINE=InnoDB AUTO_INCREMENT=34 DEFAULT CHARSET=utf8mb4 COLLATE=utf8mb4_unicode_520_ci;
/*!40101 SET character_set_client = @saved_cs_client */;

--
-- Dumping data for table `ezeditorialworkflow_workflows`
--

LOCK TABLES `ezeditorialworkflow_workflows` WRITE;
/*!40000 ALTER TABLE `ezeditorialworkflow_workflows` DISABLE KEYS */;
INSERT INTO `ezeditorialworkflow_workflows` VALUES (2,57,1,'quick_review',14,1622836765),(4,59,1,'quick_review',14,1622948237),(5,60,1,'quick_review',14,1623796069),(8,63,1,'quick_review',14,1624034179),(9,64,1,'quick_review',14,1624034225),(10,65,1,'quick_review',14,1624244197),(11,66,1,'quick_review',14,1624244302),(12,67,1,'quick_review',14,1624244453),(13,68,1,'quick_review',14,1624244517),(14,69,1,'quick_review',14,1624244654),(15,70,1,'quick_review',14,1624245926),(16,71,1,'quick_review',14,1624248786),(17,72,1,'quick_review',14,1624248872),(18,73,1,'quick_review',14,1624249058),(19,74,1,'quick_review',14,1624249203),(20,75,1,'quick_review',14,1624311240),(21,76,1,'quick_review',14,1625982943),(22,77,1,'quick_review',14,1625982974),(23,78,1,'quick_review',14,1625982999),(24,79,1,'quick_review',14,1626057013),(25,80,1,'quick_review',14,1626139041),(26,81,1,'quick_review',14,1626139072),(27,82,1,'quick_review',14,1626214906),(28,83,1,'quick_review',14,1626475656),(29,84,1,'quick_review',14,1626475880),(30,85,1,'quick_review',14,1626476518),(31,86,1,'quick_review',14,1627068207),(32,89,1,'quick_review',14,1627081272),(33,91,1,'quick_review',14,1627506574);
/*!40000 ALTER TABLE `ezeditorialworkflow_workflows` ENABLE KEYS */;
UNLOCK TABLES;

--
-- Table structure for table `ezform_field_attributes`
--

DROP TABLE IF EXISTS `ezform_field_attributes`;
/*!40101 SET @saved_cs_client     = @@character_set_client */;
/*!40101 SET character_set_client = utf8 */;
CREATE TABLE `ezform_field_attributes` (
  `id` int(11) NOT NULL AUTO_INCREMENT,
  `field_id` int(11) DEFAULT NULL,
  `identifier` varchar(128) COLLATE utf8mb4_unicode_520_ci DEFAULT NULL,
  `value` text COLLATE utf8mb4_unicode_520_ci DEFAULT NULL,
  PRIMARY KEY (`id`)
) ENGINE=InnoDB DEFAULT CHARSET=utf8mb4 COLLATE=utf8mb4_unicode_520_ci;
/*!40101 SET character_set_client = @saved_cs_client */;

--
-- Dumping data for table `ezform_field_attributes`
--

LOCK TABLES `ezform_field_attributes` WRITE;
/*!40000 ALTER TABLE `ezform_field_attributes` DISABLE KEYS */;
/*!40000 ALTER TABLE `ezform_field_attributes` ENABLE KEYS */;
UNLOCK TABLES;

--
-- Table structure for table `ezform_field_validators`
--

DROP TABLE IF EXISTS `ezform_field_validators`;
/*!40101 SET @saved_cs_client     = @@character_set_client */;
/*!40101 SET character_set_client = utf8 */;
CREATE TABLE `ezform_field_validators` (
  `id` int(11) NOT NULL AUTO_INCREMENT,
  `field_id` int(11) DEFAULT NULL,
  `identifier` varchar(128) COLLATE utf8mb4_unicode_520_ci DEFAULT NULL,
  `value` text COLLATE utf8mb4_unicode_520_ci DEFAULT NULL,
  PRIMARY KEY (`id`)
) ENGINE=InnoDB DEFAULT CHARSET=utf8mb4 COLLATE=utf8mb4_unicode_520_ci;
/*!40101 SET character_set_client = @saved_cs_client */;

--
-- Dumping data for table `ezform_field_validators`
--

LOCK TABLES `ezform_field_validators` WRITE;
/*!40000 ALTER TABLE `ezform_field_validators` DISABLE KEYS */;
/*!40000 ALTER TABLE `ezform_field_validators` ENABLE KEYS */;
UNLOCK TABLES;

--
-- Table structure for table `ezform_fields`
--

DROP TABLE IF EXISTS `ezform_fields`;
/*!40101 SET @saved_cs_client     = @@character_set_client */;
/*!40101 SET character_set_client = utf8 */;
CREATE TABLE `ezform_fields` (
  `id` int(11) NOT NULL AUTO_INCREMENT,
  `form_id` int(11) DEFAULT NULL,
  `name` varchar(128) COLLATE utf8mb4_unicode_520_ci NOT NULL,
  `identifier` varchar(128) COLLATE utf8mb4_unicode_520_ci DEFAULT NULL,
  PRIMARY KEY (`id`)
) ENGINE=InnoDB DEFAULT CHARSET=utf8mb4 COLLATE=utf8mb4_unicode_520_ci;
/*!40101 SET character_set_client = @saved_cs_client */;

--
-- Dumping data for table `ezform_fields`
--

LOCK TABLES `ezform_fields` WRITE;
/*!40000 ALTER TABLE `ezform_fields` DISABLE KEYS */;
/*!40000 ALTER TABLE `ezform_fields` ENABLE KEYS */;
UNLOCK TABLES;

--
-- Table structure for table `ezform_form_submission_data`
--

DROP TABLE IF EXISTS `ezform_form_submission_data`;
/*!40101 SET @saved_cs_client     = @@character_set_client */;
/*!40101 SET character_set_client = utf8 */;
CREATE TABLE `ezform_form_submission_data` (
  `id` int(11) NOT NULL AUTO_INCREMENT,
  `form_submission_id` int(11) NOT NULL,
  `name` varchar(128) COLLATE utf8mb4_unicode_520_ci NOT NULL,
  `identifier` varchar(128) COLLATE utf8mb4_unicode_520_ci NOT NULL,
  `value` text COLLATE utf8mb4_unicode_520_ci DEFAULT NULL,
  PRIMARY KEY (`id`)
) ENGINE=InnoDB DEFAULT CHARSET=utf8mb4 COLLATE=utf8mb4_unicode_520_ci;
/*!40101 SET character_set_client = @saved_cs_client */;

--
-- Dumping data for table `ezform_form_submission_data`
--

LOCK TABLES `ezform_form_submission_data` WRITE;
/*!40000 ALTER TABLE `ezform_form_submission_data` DISABLE KEYS */;
/*!40000 ALTER TABLE `ezform_form_submission_data` ENABLE KEYS */;
UNLOCK TABLES;

--
-- Table structure for table `ezform_form_submissions`
--

DROP TABLE IF EXISTS `ezform_form_submissions`;
/*!40101 SET @saved_cs_client     = @@character_set_client */;
/*!40101 SET character_set_client = utf8 */;
CREATE TABLE `ezform_form_submissions` (
  `id` int(11) NOT NULL AUTO_INCREMENT,
  `content_id` int(11) NOT NULL,
  `language_code` varchar(6) COLLATE utf8mb4_unicode_520_ci NOT NULL,
  `user_id` int(11) NOT NULL,
  `created` int(11) NOT NULL,
  PRIMARY KEY (`id`)
) ENGINE=InnoDB DEFAULT CHARSET=utf8mb4 COLLATE=utf8mb4_unicode_520_ci;
/*!40101 SET character_set_client = @saved_cs_client */;

--
-- Dumping data for table `ezform_form_submissions`
--

LOCK TABLES `ezform_form_submissions` WRITE;
/*!40000 ALTER TABLE `ezform_form_submissions` DISABLE KEYS */;
/*!40000 ALTER TABLE `ezform_form_submissions` ENABLE KEYS */;
UNLOCK TABLES;

--
-- Table structure for table `ezform_forms`
--

DROP TABLE IF EXISTS `ezform_forms`;
/*!40101 SET @saved_cs_client     = @@character_set_client */;
/*!40101 SET character_set_client = utf8 */;
CREATE TABLE `ezform_forms` (
  `id` int(11) NOT NULL AUTO_INCREMENT,
  `content_id` int(11) DEFAULT NULL,
  `version_no` int(11) DEFAULT NULL,
  `content_field_id` int(11) DEFAULT NULL,
  `language_code` varchar(16) COLLATE utf8mb4_unicode_520_ci DEFAULT NULL,
  PRIMARY KEY (`id`)
) ENGINE=InnoDB DEFAULT CHARSET=utf8mb4 COLLATE=utf8mb4_unicode_520_ci;
/*!40101 SET character_set_client = @saved_cs_client */;

--
-- Dumping data for table `ezform_forms`
--

LOCK TABLES `ezform_forms` WRITE;
/*!40000 ALTER TABLE `ezform_forms` DISABLE KEYS */;
/*!40000 ALTER TABLE `ezform_forms` ENABLE KEYS */;
UNLOCK TABLES;

--
-- Table structure for table `ezgmaplocation`
--

DROP TABLE IF EXISTS `ezgmaplocation`;
/*!40101 SET @saved_cs_client     = @@character_set_client */;
/*!40101 SET character_set_client = utf8 */;
CREATE TABLE `ezgmaplocation` (
  `contentobject_attribute_id` int(11) NOT NULL DEFAULT 0,
  `contentobject_version` int(11) NOT NULL DEFAULT 0,
  `latitude` double NOT NULL DEFAULT 0,
  `longitude` double NOT NULL DEFAULT 0,
  `address` varchar(150) COLLATE utf8mb4_unicode_520_ci DEFAULT NULL,
  PRIMARY KEY (`contentobject_attribute_id`,`contentobject_version`),
  KEY `latitude_longitude_key` (`latitude`,`longitude`)
) ENGINE=InnoDB DEFAULT CHARSET=utf8mb4 COLLATE=utf8mb4_unicode_520_ci;
/*!40101 SET character_set_client = @saved_cs_client */;

--
-- Dumping data for table `ezgmaplocation`
--

LOCK TABLES `ezgmaplocation` WRITE;
/*!40000 ALTER TABLE `ezgmaplocation` DISABLE KEYS */;
/*!40000 ALTER TABLE `ezgmaplocation` ENABLE KEYS */;
UNLOCK TABLES;

--
-- Table structure for table `ezimagefile`
--

DROP TABLE IF EXISTS `ezimagefile`;
/*!40101 SET @saved_cs_client     = @@character_set_client */;
/*!40101 SET character_set_client = utf8 */;
CREATE TABLE `ezimagefile` (
  `id` int(11) NOT NULL AUTO_INCREMENT,
  `contentobject_attribute_id` int(11) NOT NULL DEFAULT 0,
  `filepath` longtext COLLATE utf8mb4_unicode_520_ci NOT NULL,
  PRIMARY KEY (`id`),
  KEY `ezimagefile_file` (`filepath`(191)),
  KEY `ezimagefile_coid` (`contentobject_attribute_id`)
) ENGINE=InnoDB AUTO_INCREMENT=16 DEFAULT CHARSET=utf8mb4 COLLATE=utf8mb4_unicode_520_ci;
/*!40101 SET character_set_client = @saved_cs_client */;

--
-- Dumping data for table `ezimagefile`
--

LOCK TABLES `ezimagefile` WRITE;
/*!40000 ALTER TABLE `ezimagefile` DISABLE KEYS */;
INSERT INTO `ezimagefile` VALUES (1,266,'var/site/storage/images/6/6/2/0/266-1-eng-GB/basura.png'),(2,266,'var/site/storage/images-versioned/images/6/6/2/0/266-1-eng-GB/basura.png'),(3,266,'var/site/storage/images/6/6/2/0/266-2-eng-GB/IMG_20210602_222637 (1).jpeg'),(4,269,'var/site/storage/images/9/6/2/0/269-1-eng-GB/IMG_20210522_181705 (1).jpeg'),(5,290,'var/site/storage/images/0/9/2/0/290-1-eng-GB/basura.png'),(6,301,'var/site/storage/images/1/0/3/0/301-1-eng-GB/test1.jpeg'),(7,310,'var/site/storage/images/0/1/3/0/310-1-eng-GB/test1.jpeg'),(8,313,'var/site/storage/images/3/1/3/0/313-1-eng-GB/basura.png'),(9,322,'var/site/storage/images/2/2/3/0/322-1-eng-GB/Captura de pantalla de 2021-06-18 09-59-26.png'),(10,331,'var/site/storage/images/1/3/3/0/331-1-eng-GB/basura.png'),(11,334,'var/site/storage/images/4/3/3/0/334-1-eng-GB/Hero1.jpeg'),(12,266,'var/site/storage/images/6/6/2/0/266-2-eng-GB/IMG_20210602_222637 (1).jpeg'),(13,266,'var/site/storage/images/6/6/2/0/266-3-eng-GB/Hero2.jpeg'),(14,266,'var/site/storage/images/6/6/2/0/266-3-eng-GB/Hero2.jpeg'),(15,266,'var/site/storage/images/6/6/2/0/266-3-eng-GB/Hero2.jpeg');
/*!40000 ALTER TABLE `ezimagefile` ENABLE KEYS */;
UNLOCK TABLES;

--
-- Table structure for table `ezkeyword`
--

DROP TABLE IF EXISTS `ezkeyword`;
/*!40101 SET @saved_cs_client     = @@character_set_client */;
/*!40101 SET character_set_client = utf8 */;
CREATE TABLE `ezkeyword` (
  `id` int(11) NOT NULL AUTO_INCREMENT,
  `class_id` int(11) NOT NULL DEFAULT 0,
  `keyword` varchar(255) COLLATE utf8mb4_unicode_520_ci DEFAULT NULL,
  PRIMARY KEY (`id`),
  KEY `ezkeyword_keyword` (`keyword`(191))
) ENGINE=InnoDB DEFAULT CHARSET=utf8mb4 COLLATE=utf8mb4_unicode_520_ci;
/*!40101 SET character_set_client = @saved_cs_client */;

--
-- Dumping data for table `ezkeyword`
--

LOCK TABLES `ezkeyword` WRITE;
/*!40000 ALTER TABLE `ezkeyword` DISABLE KEYS */;
/*!40000 ALTER TABLE `ezkeyword` ENABLE KEYS */;
UNLOCK TABLES;

--
-- Table structure for table `ezkeyword_attribute_link`
--

DROP TABLE IF EXISTS `ezkeyword_attribute_link`;
/*!40101 SET @saved_cs_client     = @@character_set_client */;
/*!40101 SET character_set_client = utf8 */;
CREATE TABLE `ezkeyword_attribute_link` (
  `id` int(11) NOT NULL AUTO_INCREMENT,
  `keyword_id` int(11) NOT NULL DEFAULT 0,
  `objectattribute_id` int(11) NOT NULL DEFAULT 0,
  `version` int(11) NOT NULL DEFAULT 0,
  PRIMARY KEY (`id`),
  KEY `ezkeyword_attr_link_oaid` (`objectattribute_id`),
  KEY `ezkeyword_attr_link_kid_oaid` (`keyword_id`,`objectattribute_id`),
  KEY `ezkeyword_attr_link_oaid_ver` (`objectattribute_id`,`version`)
) ENGINE=InnoDB DEFAULT CHARSET=utf8mb4 COLLATE=utf8mb4_unicode_520_ci;
/*!40101 SET character_set_client = @saved_cs_client */;

--
-- Dumping data for table `ezkeyword_attribute_link`
--

LOCK TABLES `ezkeyword_attribute_link` WRITE;
/*!40000 ALTER TABLE `ezkeyword_attribute_link` DISABLE KEYS */;
/*!40000 ALTER TABLE `ezkeyword_attribute_link` ENABLE KEYS */;
UNLOCK TABLES;

--
-- Table structure for table `ezmedia`
--

DROP TABLE IF EXISTS `ezmedia`;
/*!40101 SET @saved_cs_client     = @@character_set_client */;
/*!40101 SET character_set_client = utf8 */;
CREATE TABLE `ezmedia` (
  `contentobject_attribute_id` int(11) NOT NULL DEFAULT 0,
  `version` int(11) NOT NULL DEFAULT 0,
  `controls` varchar(50) COLLATE utf8mb4_unicode_520_ci DEFAULT NULL,
  `filename` varchar(255) COLLATE utf8mb4_unicode_520_ci NOT NULL DEFAULT '',
  `has_controller` int(11) DEFAULT 0,
  `height` int(11) DEFAULT NULL,
  `is_autoplay` int(11) DEFAULT 0,
  `is_loop` int(11) DEFAULT 0,
  `mime_type` varchar(50) COLLATE utf8mb4_unicode_520_ci NOT NULL DEFAULT '',
  `original_filename` varchar(255) COLLATE utf8mb4_unicode_520_ci NOT NULL DEFAULT '',
  `pluginspage` varchar(255) COLLATE utf8mb4_unicode_520_ci DEFAULT NULL,
  `quality` varchar(50) COLLATE utf8mb4_unicode_520_ci DEFAULT NULL,
  `width` int(11) DEFAULT NULL,
  PRIMARY KEY (`contentobject_attribute_id`,`version`)
) ENGINE=InnoDB DEFAULT CHARSET=utf8mb4 COLLATE=utf8mb4_unicode_520_ci;
/*!40101 SET character_set_client = @saved_cs_client */;

--
-- Dumping data for table `ezmedia`
--

LOCK TABLES `ezmedia` WRITE;
/*!40000 ALTER TABLE `ezmedia` DISABLE KEYS */;
/*!40000 ALTER TABLE `ezmedia` ENABLE KEYS */;
UNLOCK TABLES;

--
-- Table structure for table `eznode_assignment`
--

DROP TABLE IF EXISTS `eznode_assignment`;
/*!40101 SET @saved_cs_client     = @@character_set_client */;
/*!40101 SET character_set_client = utf8 */;
CREATE TABLE `eznode_assignment` (
  `id` int(11) NOT NULL AUTO_INCREMENT,
  `contentobject_id` int(11) DEFAULT NULL,
  `contentobject_version` int(11) DEFAULT NULL,
  `from_node_id` int(11) DEFAULT 0,
  `is_main` int(11) NOT NULL DEFAULT 0,
  `op_code` int(11) NOT NULL DEFAULT 0,
  `parent_node` int(11) DEFAULT NULL,
  `parent_remote_id` varchar(100) COLLATE utf8mb4_unicode_520_ci NOT NULL DEFAULT '',
  `remote_id` varchar(100) COLLATE utf8mb4_unicode_520_ci NOT NULL DEFAULT '0',
  `sort_field` int(11) DEFAULT 1,
  `sort_order` int(11) DEFAULT 1,
  `priority` int(11) NOT NULL DEFAULT 0,
  `is_hidden` int(11) NOT NULL DEFAULT 0,
  PRIMARY KEY (`id`),
  KEY `eznode_assignment_is_main` (`is_main`),
  KEY `eznode_assignment_coid_cov` (`contentobject_id`,`contentobject_version`),
  KEY `eznode_assignment_parent_node` (`parent_node`),
  KEY `eznode_assignment_co_version` (`contentobject_version`)
) ENGINE=InnoDB AUTO_INCREMENT=81 DEFAULT CHARSET=utf8mb4 COLLATE=utf8mb4_unicode_520_ci;
/*!40101 SET character_set_client = @saved_cs_client */;

--
-- Dumping data for table `eznode_assignment`
--

LOCK TABLES `eznode_assignment` WRITE;
/*!40000 ALTER TABLE `eznode_assignment` DISABLE KEYS */;
INSERT INTO `eznode_assignment` VALUES (4,8,2,0,1,2,5,'','0',1,1,0,0),(5,42,1,0,1,2,5,'','0',9,1,0,0),(6,10,2,-1,1,2,44,'','0',9,1,0,0),(7,4,1,0,1,2,1,'','0',1,1,0,0),(8,12,1,0,1,2,5,'','0',1,1,0,0),(9,13,1,0,1,2,5,'','0',1,1,0,0),(11,41,1,0,1,2,1,'','0',1,1,0,0),(12,11,1,0,1,2,5,'','0',1,1,0,0),(27,49,1,0,1,2,43,'','0',9,1,0,0),(28,50,1,0,1,2,43,'','0',9,1,0,0),(29,51,1,0,1,2,43,'','0',9,1,0,0),(38,14,3,-1,1,2,13,'','0',1,1,0,0),(40,53,1,0,1,2,52,'0543630fa051a1e2be54dbd32da2420f','0',1,1,0,0),(41,54,1,0,1,2,2,'1dad43be47e3a5c12cd06010aab65112','0',9,1,0,0),(42,55,1,0,1,2,2,'9658f6deaeef9fc27300df5d5f566b37','0',9,1,0,0),(43,56,1,0,1,3,2,'7dc29bfd0aab97149b3ffc3dbaff9aec','0',2,0,0,0),(45,58,1,0,1,3,51,'5c31a3d49b6e7cd81c4dbcbb9a78fba9','0',1,1,0,0),(46,59,1,0,1,2,51,'101ebf34be2eea3a1db0744c6cf6aabb','0',1,1,0,0),(47,60,1,0,1,2,51,'e1a3ea42a9456cfa60c4e94c2b9fbc81','0',1,1,0,0),(48,61,1,0,1,3,2,'b72c8e1f2a5b73507716dfcb84d2bfb2','0',2,0,0,0),(49,62,1,0,1,3,57,'7978735d90b4eac04a4ae8cb8291c0c1','0',2,0,0,0),(50,63,1,0,1,2,57,'5b6c1c26df1c9969e3f98afd1c503e34','0',2,0,0,0),(51,64,1,0,1,2,51,'15094d7619d1628def18510460b33c5a','0',1,1,0,0),(52,65,1,0,1,2,43,'40fbc0817534765477dc1ae89fc9f1d3','0',1,1,0,0),(53,66,1,0,1,2,62,'b24a2d09cf1b495826b005c3b8f31751','0',1,1,0,0),(54,67,1,0,1,2,63,'5335b3bcb245f4225eb0bd2a1554f9e4','0',1,1,0,0),(55,68,1,0,1,2,63,'143bd9bade8d016ba6fb79025e11f6f4','0',2,0,0,0),(56,69,1,0,1,2,51,'a29f755dfc90ea1aa4e3f5c95e889589','0',1,1,0,0),(57,70,1,0,1,2,51,'b7d8a74aedda9631a2fcc902679d91d8','0',1,1,0,0),(58,71,1,0,1,2,63,'31b29a56982e37f7f2b9e18113101c58','0',2,0,0,0),(59,72,1,0,1,2,51,'68176c08ef1f6e491e65bcfc1c15dc70','0',1,1,0,0),(60,73,1,0,1,2,63,'6b6f3985c1579e730ec3b0bc44d06072','0',2,0,0,0),(61,74,1,0,1,2,51,'f6b5421cbb9b1c9219fc1114d9e20484','0',1,1,0,0),(62,75,1,0,1,2,51,'5e07c0be5f00686820e07de51762d5a0','0',1,1,0,0),(63,76,1,0,1,2,43,'438015907726186eb578b3f04fe7a925','0',1,1,0,0),(64,77,1,0,1,2,73,'66fb601761566d492ada03af0254a040','0',2,0,0,0),(65,78,1,0,1,2,73,'5305850d453a5d2919af2728f1b92301','0',2,0,0,0),(66,79,1,0,1,2,74,'82748115b5a7f482100be90a2085f9a6','0',1,1,0,0),(67,63,1,0,0,2,76,'dc58d4ec2a7c0da9b0af86a2d4c86f39','0',2,0,0,0),(68,80,1,0,1,2,62,'f6d85e2058d7418806dca83223bca93f','0',1,1,0,0),(69,81,1,0,1,2,78,'cefb5dd414c2cb5bac5e1c703a9ce9c0','0',2,0,0,0),(70,82,1,0,1,2,57,'600620f20806ed8fed18e9ab01cd49e0','0',2,0,0,0),(71,82,1,0,0,2,76,'a877e6c2694a84596c35796c2598f841','0',2,0,0,0),(72,83,1,0,1,2,80,'6ede018f843ea0977cf406d805141e2b','0',2,0,0,0),(73,84,1,0,1,2,82,'5f7f2f4504e672b8d1a0db8db414913c','0',2,0,0,0),(74,85,1,0,1,2,83,'9de429c128e0353a6c148e69c011c96c','0',2,0,0,0),(75,86,1,0,1,2,57,'42be61d0af81f53fa2568b212d173b99','0',2,0,0,0),(76,87,1,0,1,2,57,'837b122bcfbc61985c0e0cd10ed487f3','0',2,0,0,0),(77,88,2,0,1,2,57,'3720c9fb040fbe15188555186042c429','0',2,0,0,0),(78,89,1,0,1,2,63,'334e89614e377e405108160dadb1d989','0',2,0,0,0),(79,90,1,0,1,2,63,'6db56d993aa75a3b04201f6388489451','0',2,0,0,0),(80,91,1,0,1,2,57,'242e324344fbac9c78d8dc0857d70662','0',1,1,0,0);
/*!40000 ALTER TABLE `eznode_assignment` ENABLE KEYS */;
UNLOCK TABLES;

--
-- Table structure for table `eznotification`
--

DROP TABLE IF EXISTS `eznotification`;
/*!40101 SET @saved_cs_client     = @@character_set_client */;
/*!40101 SET character_set_client = utf8 */;
CREATE TABLE `eznotification` (
  `id` int(11) NOT NULL AUTO_INCREMENT,
  `owner_id` int(11) NOT NULL DEFAULT 0,
  `is_pending` tinyint(1) NOT NULL DEFAULT 1,
  `type` varchar(128) COLLATE utf8mb4_unicode_520_ci NOT NULL DEFAULT '',
  `created` int(11) NOT NULL DEFAULT 0,
  `data` longtext COLLATE utf8mb4_unicode_520_ci DEFAULT NULL,
  PRIMARY KEY (`id`),
  KEY `eznotification_owner_is_pending` (`owner_id`,`is_pending`),
  KEY `eznotification_owner` (`owner_id`)
) ENGINE=InnoDB DEFAULT CHARSET=utf8mb4 COLLATE=utf8mb4_unicode_520_ci;
/*!40101 SET character_set_client = @saved_cs_client */;

--
-- Dumping data for table `eznotification`
--

LOCK TABLES `eznotification` WRITE;
/*!40000 ALTER TABLE `eznotification` DISABLE KEYS */;
/*!40000 ALTER TABLE `eznotification` ENABLE KEYS */;
UNLOCK TABLES;

--
-- Table structure for table `ezpackage`
--

DROP TABLE IF EXISTS `ezpackage`;
/*!40101 SET @saved_cs_client     = @@character_set_client */;
/*!40101 SET character_set_client = utf8 */;
CREATE TABLE `ezpackage` (
  `id` int(11) NOT NULL AUTO_INCREMENT,
  `install_date` int(11) NOT NULL DEFAULT 0,
  `name` varchar(100) COLLATE utf8mb4_unicode_520_ci NOT NULL DEFAULT '',
  `version` varchar(30) COLLATE utf8mb4_unicode_520_ci NOT NULL DEFAULT '0',
  PRIMARY KEY (`id`)
) ENGINE=InnoDB DEFAULT CHARSET=utf8mb4 COLLATE=utf8mb4_unicode_520_ci;
/*!40101 SET character_set_client = @saved_cs_client */;

--
-- Dumping data for table `ezpackage`
--

LOCK TABLES `ezpackage` WRITE;
/*!40000 ALTER TABLE `ezpackage` DISABLE KEYS */;
/*!40000 ALTER TABLE `ezpackage` ENABLE KEYS */;
UNLOCK TABLES;

--
-- Table structure for table `ezpage_attributes`
--

DROP TABLE IF EXISTS `ezpage_attributes`;
/*!40101 SET @saved_cs_client     = @@character_set_client */;
/*!40101 SET character_set_client = utf8 */;
CREATE TABLE `ezpage_attributes` (
  `id` int(11) NOT NULL AUTO_INCREMENT,
  `name` varchar(255) COLLATE utf8mb4_unicode_520_ci NOT NULL DEFAULT '',
  `value` longtext COLLATE utf8mb4_unicode_520_ci DEFAULT NULL,
  PRIMARY KEY (`id`)
) ENGINE=InnoDB AUTO_INCREMENT=159577 DEFAULT CHARSET=utf8mb4 COLLATE=utf8mb4_unicode_520_ci;
/*!40101 SET character_set_client = @saved_cs_client */;

--
-- Dumping data for table `ezpage_attributes`
--

LOCK TABLES `ezpage_attributes` WRITE;
/*!40000 ALTER TABLE `ezpage_attributes` DISABLE KEYS */;
INSERT INTO `ezpage_attributes` VALUES (1,'content','<p>This is the clean installation coming with Ibexa Digital Experience Platform.<br>It\'s a bare-bones setup of the Platform, an excellent foundation to build upon if you want to start your project from scratch.</p>'),(4977,'title','svs'),(4978,'description','<?xml version=\"1.0\" encoding=\"UTF-8\"?>\n<section xmlns=\"http://docbook.org/ns/docbook\" xmlns:xlink=\"http://www.w3.org/1999/xlink\" xmlns:ezxhtml=\"http://ez.no/xmlns/ezpublish/docbook/xhtml\" xmlns:ezcustom=\"http://ez.no/xmlns/ezpublish/docbook/custom\" version=\"5.0-variant ezpublish-1.0\"><para>sdvsv</para></section>\n'),(4979,'image',NULL),(4980,'cta_label',NULL),(4981,'cta_link',NULL),(4982,'color','Default'),(4983,'image_left','No'),(10455,'content','<?xml version=\"1.0\" encoding=\"UTF-8\"?>\n<section xmlns=\"http://docbook.org/ns/docbook\" xmlns:xlink=\"http://www.w3.org/1999/xlink\" xmlns:ezxhtml=\"http://ez.no/xmlns/ezpublish/docbook/xhtml\" xmlns:ezcustom=\"http://ez.no/xmlns/ezpublish/docbook/custom\" version=\"5.0-variant ezpublish-1.0\"><para>Vestibulum ac diam sit amet quam vehicula elementum sed sit amet dui. Vestibulum ante ipsum primis in faucibus orci luctus et ultrices posuere cubilia Curae; Donec velit neque, auctor sit amet aliquam vel, ullamcorper sit amet ligula. Vivamus suscipit tortor eget felis porttitor volutpat. Curabitur non nulla sit amet nisl tempus convallis quis ac lectus. Pellentesque in ipsum id orci porta dapibus. Mauris blandit aliquet elit, eget tincidunt nibh pulvinar a. Lorem ipsum dolor sit amet, consectetur adipiscing elit. Curabitur aliquet quam id dui posuere blandit. Quisque velit nisi, pretium ut lacinia in, elementum id enim. Cras ultricies ligula sed magna dictum porta.</para></section>\n'),(49509,'content','<?xml version=\"1.0\" encoding=\"UTF-8\"?>\n<section xmlns=\"http://docbook.org/ns/docbook\" xmlns:xlink=\"http://www.w3.org/1999/xlink\" xmlns:ezxhtml=\"http://ez.no/xmlns/ezpublish/docbook/xhtml\" xmlns:ezcustom=\"http://ez.no/xmlns/ezpublish/docbook/custom\" version=\"5.0-variant ezpublish-1.0\"><para>Sed porttitor lectus nibh. Proin eget tortor risus. Donec sollicitudin molestie malesuada. Vestibulum ac diam sit amet quam vehicula elementum sed sit amet dui. Curabitur aliquet quam id dui posuere blandit. Quisque velit nisi, pretium ut lacinia in, elementum id enim. Curabitur non nulla sit amet nisl tempus convallis quis ac lectus. Vestibulum ante ipsum primis in faucibus orci luctus et ultrices posuere cubilia Curae; Donec velit neque, auctor sit amet aliquam vel, ullamcorper sit amet ligula. Sed porttitor lectus nibh. Lorem ipsum dolor sit amet, consectetur adipiscing elit.</para></section>\n'),(49510,'content','<?xml version=\"1.0\" encoding=\"UTF-8\"?>\n<section xmlns=\"http://docbook.org/ns/docbook\" xmlns:xlink=\"http://www.w3.org/1999/xlink\" xmlns:ezxhtml=\"http://ez.no/xmlns/ezpublish/docbook/xhtml\" xmlns:ezcustom=\"http://ez.no/xmlns/ezpublish/docbook/custom\" version=\"5.0-variant ezpublish-1.0\"><para>Proin eget tortor risus. Donec sollicitudin molestie malesuada. Quisque velit nisi, pretium ut lacinia in, elementum id enim. Nulla porttitor accumsan tincidunt. Lorem ipsum dolor sit amet, consectetur adipiscing elit. Donec sollicitudin molestie malesuada. Mauris blandit aliquet elit, eget tincidunt nibh pulvinar a. Quisque velit nisi, pretium ut lacinia in, elementum id enim. Proin eget tortor risus. Vivamus suscipit tortor eget felis porttitor volutpat.</para></section>\n'),(49511,'content','<?xml version=\"1.0\" encoding=\"UTF-8\"?>\n<section xmlns=\"http://docbook.org/ns/docbook\" xmlns:xlink=\"http://www.w3.org/1999/xlink\" xmlns:ezxhtml=\"http://ez.no/xmlns/ezpublish/docbook/xhtml\" xmlns:ezcustom=\"http://ez.no/xmlns/ezpublish/docbook/custom\" version=\"5.0-variant ezpublish-1.0\"><para>Curabitur arcu erat, accumsan id imperdiet et, porttitor at sem. Lorem ipsum dolor sit amet, consectetur adipiscing elit. Lorem ipsum dolor sit amet, consectetur adipiscing elit. Donec rutrum congue leo eget malesuada. Curabitur arcu erat, accumsan id imperdiet et, porttitor at sem. Curabitur non nulla sit amet nisl tempus convallis quis ac lectus. Mauris blandit aliquet elit, eget tincidunt nibh pulvinar a. Vivamus suscipit tortor eget felis porttitor volutpat. Praesent sapien massa, convallis a pellentesque nec, egestas non nisi. Sed porttitor lectus nibh.</para></section>\n'),(49758,'content','<?xml version=\"1.0\" encoding=\"UTF-8\"?>\n<section xmlns=\"http://docbook.org/ns/docbook\" xmlns:xlink=\"http://www.w3.org/1999/xlink\" xmlns:ezxhtml=\"http://ez.no/xmlns/ezpublish/docbook/xhtml\" xmlns:ezcustom=\"http://ez.no/xmlns/ezpublish/docbook/custom\" version=\"5.0-variant ezpublish-1.0\"><para>Sed porttitor lectus nibh. Proin eget tortor risus. Donec sollicitudin molestie malesuada. Vestibulum ac diam sit amet quam vehicula elementum sed sit amet dui. Curabitur aliquet quam id dui posuere blandit. Quisque velit nisi, pretium ut lacinia in, elementum id enim. Curabitur non nulla sit amet nisl tempus convallis quis ac lectus. Vestibulum ante ipsum primis in faucibus orci luctus et ultrices posuere cubilia Curae; Donec velit neque, auctor sit amet aliquam vel, ullamcorper sit amet ligula. Sed porttitor lectus nibh. Lorem ipsum dolor sit amet, consectetur adipiscing elit.</para></section>\n'),(49759,'title',NULL),(49760,'content_types','axp_infopage,axp_landing_page'),(49761,'items_limit',NULL),(49762,'deep_level_limit','2'),(50537,'content','<?xml version=\"1.0\" encoding=\"UTF-8\"?>\n<section xmlns=\"http://docbook.org/ns/docbook\" xmlns:xlink=\"http://www.w3.org/1999/xlink\" xmlns:ezxhtml=\"http://ez.no/xmlns/ezpublish/docbook/xhtml\" xmlns:ezcustom=\"http://ez.no/xmlns/ezpublish/docbook/custom\" version=\"5.0-variant ezpublish-1.0\"><para>Sed porttitor lectus nibh. Proin eget tortor risus. Donec sollicitudin molestie malesuada. Vestibulum ac diam sit amet quam vehicula elementum sed sit amet dui. Curabitur aliquet quam id dui posuere blandit. Quisque velit nisi, pretium ut lacinia in, elementum id enim. Curabitur non nulla sit amet nisl tempus convallis quis ac lectus. Vestibulum ante ipsum primis in faucibus orci luctus et ultrices posuere cubilia Curae; Donec velit neque, auctor sit amet aliquam vel, ullamcorper sit amet ligula. Sed porttitor lectus nibh. Lorem ipsum dolor sit amet, consectetur adipiscing elit.</para></section>\n'),(50538,'title',NULL),(50539,'content_types','axp_infopage,axp_landing_page'),(50540,'items_limit',NULL),(50541,'deep_level_limit','2'),(50685,'contents','69,71'),(50686,'contents','61,57'),(50687,'color','Default'),(50688,'image_left','No'),(50689,'size','Full'),(50690,'height','Default'),(50691,'background','Default'),(50692,'border','Default'),(50693,'shadow','Default'),(50694,'title','Donec sollicitudin molestie malesuada.'),(50695,'description','<?xml version=\"1.0\" encoding=\"UTF-8\"?>\n<section xmlns=\"http://docbook.org/ns/docbook\" xmlns:xlink=\"http://www.w3.org/1999/xlink\" xmlns:ezxhtml=\"http://ez.no/xmlns/ezpublish/docbook/xhtml\" xmlns:ezcustom=\"http://ez.no/xmlns/ezpublish/docbook/custom\" version=\"5.0-variant ezpublish-1.0\"><para>Donec sollicitudin molestie malesuada. Donec sollicitudin molestie malesuada. Lorem ipsum dolor sit amet, consectetur adipiscing elit. Donec sollicitudin molestie malesuada. Vivamus magna justo, lacinia eget consectetur sed, convallis at tellus. Lorem ipsum dolor sit amet, consectetur adipiscing elit. Vivamus suscipit tortor eget felis porttitor volutpat. Vestibulum ac diam sit amet quam vehicula elementum sed sit amet dui. Vestibulum ac diam sit amet quam vehicula elementum sed sit amet dui. Vestibulum ac diam sit amet quam vehicula elementum sed sit amet dui.</para></section>\n'),(50696,'image','59'),(50697,'cta_label','Ver más'),(50698,'cta_link','https://www.google.com'),(50699,'size','Full'),(50700,'height','Default'),(50701,'background','Default'),(50702,'color','Default'),(50703,'border','Default'),(50704,'shadow','Default'),(50705,'title','Cras ultricies ligula sed magna'),(50706,'description','<?xml version=\"1.0\" encoding=\"UTF-8\"?>\n<section xmlns=\"http://docbook.org/ns/docbook\" xmlns:xlink=\"http://www.w3.org/1999/xlink\" xmlns:ezxhtml=\"http://ez.no/xmlns/ezpublish/docbook/xhtml\" xmlns:ezcustom=\"http://ez.no/xmlns/ezpublish/docbook/custom\" version=\"5.0-variant ezpublish-1.0\"><title ezxhtml:level=\"3\">Subtitle</title><para>Nulla porttitor accumsan tincidunt. Donec sollicitudin molestie malesuada. Sed porttitor lectus nibh. Cras ultricies ligula sed magna dictum porta. Nulla porttitor accumsan tincidunt. Nulla porttitor accumsan tincidunt. Cras ultricies ligula sed magna dictum porta. Mauris blandit aliquet elit, eget tincidunt nibh pulvinar a. Proin eget tortor risus. Sed porttitor lectus nibh.</para></section>\n'),(50707,'image',NULL),(50708,'cta_label','Lorem ipsum'),(50709,'cta_link','https://www.google.com'),(50710,'size','Full'),(50711,'height','Default'),(50712,'background','Green'),(50713,'color','Green'),(50714,'border','Default'),(50715,'shadow','Default'),(50716,'title','Vestibulum non mattis nibh.'),(50717,'description','<?xml version=\"1.0\" encoding=\"UTF-8\"?>\n<section xmlns=\"http://docbook.org/ns/docbook\" xmlns:xlink=\"http://www.w3.org/1999/xlink\" xmlns:ezxhtml=\"http://ez.no/xmlns/ezpublish/docbook/xhtml\" xmlns:ezcustom=\"http://ez.no/xmlns/ezpublish/docbook/custom\" version=\"5.0-variant ezpublish-1.0\"><para>Sed efficitur porttitor libero vel faucibus. Proin bibendum sit amet odio in facilisis. Donec suscipit in mi in commodo. Mauris at hendrerit lectus. Donec imperdiet pellentesque odio, a ornare <emphasis role=\"strong\">mauris</emphasis> blandit non. Donec efficitur tempor vehicula. Vivamus fringilla feugiat efficitur. Integer id commodo tortor. Vivamus laoreet tortor at turpis rhoncus sollicitudin.</para></section>\n'),(50718,'image',NULL),(50719,'cta_label','Sit amet'),(50720,'cta_link','https://www.google.com'),(50721,'size','Full'),(50722,'height','Default'),(50723,'background','Red'),(50724,'color','Red'),(50725,'border','Default'),(50726,'shadow','Default'),(50727,'title',NULL),(50728,'content_types','axp_infopage,axp_landing_page'),(50729,'items_limit',NULL),(50730,'deep_level_limit','3'),(50739,'title','svs'),(50740,'description','<?xml version=\"1.0\" encoding=\"UTF-8\"?>\n<section xmlns=\"http://docbook.org/ns/docbook\" xmlns:xlink=\"http://www.w3.org/1999/xlink\" xmlns:ezxhtml=\"http://ez.no/xmlns/ezpublish/docbook/xhtml\" xmlns:ezcustom=\"http://ez.no/xmlns/ezpublish/docbook/custom\" version=\"5.0-variant ezpublish-1.0\"><para>sdvsv</para></section>\n'),(50741,'image',NULL),(50742,'cta_label',NULL),(50743,'cta_link',NULL),(50744,'color','Default'),(50745,'image_left','No'),(50746,'size','Full'),(50747,'height','Default'),(50748,'background','Default'),(50749,'border','Default'),(50750,'shadow','Default'),(50843,'contents','69,71'),(50844,'contents','61,57'),(50845,'color','Default'),(50846,'image_left','No'),(50847,'size','Full'),(50848,'height','Default'),(50849,'background','Default'),(50850,'border','Default'),(50851,'shadow','Default'),(50852,'title','Donec sollicitudin molestie malesuada.'),(50853,'description','<?xml version=\"1.0\" encoding=\"UTF-8\"?>\n<section xmlns=\"http://docbook.org/ns/docbook\" xmlns:xlink=\"http://www.w3.org/1999/xlink\" xmlns:ezxhtml=\"http://ez.no/xmlns/ezpublish/docbook/xhtml\" xmlns:ezcustom=\"http://ez.no/xmlns/ezpublish/docbook/custom\" version=\"5.0-variant ezpublish-1.0\"><para>Donec sollicitudin molestie malesuada. Donec sollicitudin molestie malesuada. Lorem ipsum dolor sit amet, consectetur adipiscing elit. Donec sollicitudin molestie malesuada. Vivamus magna justo, lacinia eget consectetur sed, convallis at tellus. Lorem ipsum dolor sit amet, consectetur adipiscing elit. Vivamus suscipit tortor eget felis porttitor volutpat. Vestibulum ac diam sit amet quam vehicula elementum sed sit amet dui. Vestibulum ac diam sit amet quam vehicula elementum sed sit amet dui. Vestibulum ac diam sit amet quam vehicula elementum sed sit amet dui.</para></section>\n'),(50854,'image','59'),(50855,'cta_label','Ver más'),(50856,'cta_link','https://www.google.com'),(50857,'size','Full'),(50858,'height','Default'),(50859,'background','Default'),(50860,'color','Default'),(50861,'border','Default'),(50862,'shadow','Default'),(50863,'title','Cras ultricies ligula sed magna'),(50864,'description','<?xml version=\"1.0\" encoding=\"UTF-8\"?>\n<section xmlns=\"http://docbook.org/ns/docbook\" xmlns:xlink=\"http://www.w3.org/1999/xlink\" xmlns:ezxhtml=\"http://ez.no/xmlns/ezpublish/docbook/xhtml\" xmlns:ezcustom=\"http://ez.no/xmlns/ezpublish/docbook/custom\" version=\"5.0-variant ezpublish-1.0\"><title ezxhtml:level=\"3\">Subtitle</title><para>Nulla porttitor accumsan tincidunt. Donec sollicitudin molestie malesuada. Sed porttitor lectus nibh. Cras ultricies ligula sed magna dictum porta. Nulla porttitor accumsan tincidunt. Nulla porttitor accumsan tincidunt. Cras ultricies ligula sed magna dictum porta. Mauris blandit aliquet elit, eget tincidunt nibh pulvinar a. Proin eget tortor risus. Sed porttitor lectus nibh.</para></section>\n'),(50865,'image',NULL),(50866,'cta_label','Lorem ipsum'),(50867,'cta_link','https://www.google.com'),(50868,'size','Full'),(50869,'height','Default'),(50870,'background','Green'),(50871,'color','Green'),(50872,'border','Default'),(50873,'shadow','Default'),(50874,'title','Vestibulum non mattis nibh.'),(50875,'description','<?xml version=\"1.0\" encoding=\"UTF-8\"?>\n<section xmlns=\"http://docbook.org/ns/docbook\" xmlns:xlink=\"http://www.w3.org/1999/xlink\" xmlns:ezxhtml=\"http://ez.no/xmlns/ezpublish/docbook/xhtml\" xmlns:ezcustom=\"http://ez.no/xmlns/ezpublish/docbook/custom\" version=\"5.0-variant ezpublish-1.0\"><para>Sed efficitur porttitor libero vel faucibus. Proin bibendum sit amet odio in facilisis. Donec suscipit in mi in commodo. Mauris at hendrerit lectus. Donec imperdiet pellentesque odio, a ornare <emphasis role=\"strong\">mauris</emphasis> blandit non. Donec efficitur tempor vehicula. Vivamus fringilla feugiat efficitur. Integer id commodo tortor. Vivamus laoreet tortor at turpis rhoncus sollicitudin.</para></section>\n'),(50876,'image',NULL),(50877,'cta_label','Sit amet'),(50878,'cta_link','https://www.google.com'),(50879,'size','Full'),(50880,'height','Default'),(50881,'background','Red'),(50882,'color','Red'),(50883,'border','Default'),(50884,'shadow','Default'),(50885,'title',NULL),(50886,'content_types','axp_infopage,axp_landing_page'),(50887,'items_limit',NULL),(50888,'deep_level_limit','3'),(157107,'contents','69,71'),(157108,'contents','61,57'),(157109,'color','Default'),(157110,'image_left','No'),(157111,'size','Full'),(157112,'height','Default'),(157113,'background','Default'),(157114,'border','Default'),(157115,'shadow','Default'),(157116,'title','Donec sollicitudin molestie malesuada.'),(157117,'description','<?xml version=\"1.0\" encoding=\"UTF-8\"?>\n<section xmlns=\"http://docbook.org/ns/docbook\" xmlns:xlink=\"http://www.w3.org/1999/xlink\" xmlns:ezxhtml=\"http://ez.no/xmlns/ezpublish/docbook/xhtml\" xmlns:ezcustom=\"http://ez.no/xmlns/ezpublish/docbook/custom\" version=\"5.0-variant ezpublish-1.0\"><para>Donec sollicitudin molestie malesuada. Donec sollicitudin molestie malesuada. Lorem ipsum dolor sit amet, consectetur adipiscing elit. Donec sollicitudin molestie malesuada. Vivamus magna justo, lacinia eget consectetur sed, convallis at tellus. Lorem ipsum dolor sit amet, consectetur adipiscing elit. Vivamus suscipit tortor eget felis porttitor volutpat. Vestibulum ac diam sit amet quam vehicula elementum sed sit amet dui. Vestibulum ac diam sit amet quam vehicula elementum sed sit amet dui. Vestibulum ac diam sit amet quam vehicula elementum sed sit amet dui.</para></section>\n'),(157118,'image','59'),(157119,'cta_label','Ver más'),(157120,'cta_link','https://www.google.com'),(157121,'size','Full'),(157122,'height','Default'),(157123,'background','Default'),(157124,'color','Default'),(157125,'border','Default'),(157126,'shadow','Default'),(157127,'title','Cras ultricies ligula sed magna'),(157128,'description','<?xml version=\"1.0\" encoding=\"UTF-8\"?>\n<section xmlns=\"http://docbook.org/ns/docbook\" xmlns:xlink=\"http://www.w3.org/1999/xlink\" xmlns:ezxhtml=\"http://ez.no/xmlns/ezpublish/docbook/xhtml\" xmlns:ezcustom=\"http://ez.no/xmlns/ezpublish/docbook/custom\" version=\"5.0-variant ezpublish-1.0\"><title ezxhtml:level=\"3\">Subtitle</title><para>Nulla porttitor accumsan tincidunt. Donec sollicitudin molestie malesuada. Sed porttitor lectus nibh. Cras ultricies ligula sed magna dictum porta. Nulla porttitor accumsan tincidunt. Nulla porttitor accumsan tincidunt. Cras ultricies ligula sed magna dictum porta. Mauris blandit aliquet elit, eget tincidunt nibh pulvinar a. Proin eget tortor risus. Sed porttitor lectus nibh.</para></section>\n'),(157129,'image',NULL),(157130,'cta_label','Lorem ipsum'),(157131,'cta_link','https://www.google.com'),(157132,'size','Full'),(157133,'height','Default'),(157134,'background','Green'),(157135,'color','Green'),(157136,'border','Default'),(157137,'shadow','Default'),(157138,'title','Vestibulum non mattis nibh.'),(157139,'description','<?xml version=\"1.0\" encoding=\"UTF-8\"?>\n<section xmlns=\"http://docbook.org/ns/docbook\" xmlns:xlink=\"http://www.w3.org/1999/xlink\" xmlns:ezxhtml=\"http://ez.no/xmlns/ezpublish/docbook/xhtml\" xmlns:ezcustom=\"http://ez.no/xmlns/ezpublish/docbook/custom\" version=\"5.0-variant ezpublish-1.0\"><para>Sed efficitur porttitor libero vel faucibus. Proin bibendum sit amet odio in facilisis. Donec suscipit in mi in commodo. Mauris at hendrerit lectus. Donec imperdiet pellentesque odio, a ornare <emphasis role=\"strong\">mauris</emphasis> blandit non. Donec efficitur tempor vehicula. Vivamus fringilla feugiat efficitur. Integer id commodo tortor. Vivamus laoreet tortor at turpis rhoncus sollicitudin.</para></section>\n'),(157140,'image',NULL),(157141,'cta_label','Sit amet'),(157142,'cta_link','https://www.google.com'),(157143,'size','Full'),(157144,'height','Default'),(157145,'background','Red'),(157146,'color','Red'),(157147,'border','Default'),(157148,'shadow','Default'),(157149,'title',NULL),(157150,'content_types','axp_infopage,axp_landing_page,axp_link'),(157151,'items_limit',NULL),(157152,'deep_level_limit','3'),(157199,'contents','61,57'),(157200,'color','Default'),(157201,'image_left','No'),(157202,'size','Full'),(157203,'height','Default'),(157204,'background','Default'),(157205,'border','Default'),(157206,'shadow','Default'),(157207,'title','Donec sollicitudin molestie malesuada.'),(157208,'description','<?xml version=\"1.0\" encoding=\"UTF-8\"?>\n<section xmlns=\"http://docbook.org/ns/docbook\" xmlns:xlink=\"http://www.w3.org/1999/xlink\" xmlns:ezxhtml=\"http://ez.no/xmlns/ezpublish/docbook/xhtml\" xmlns:ezcustom=\"http://ez.no/xmlns/ezpublish/docbook/custom\" version=\"5.0-variant ezpublish-1.0\"><para>Donec sollicitudin molestie malesuada. Donec sollicitudin molestie malesuada. Lorem ipsum dolor sit amet, consectetur adipiscing elit. Donec sollicitudin molestie malesuada. Vivamus magna justo, lacinia eget consectetur sed, convallis at tellus. Lorem ipsum dolor sit amet, consectetur adipiscing elit. Vivamus suscipit tortor eget felis porttitor volutpat. Vestibulum ac diam sit amet quam vehicula elementum sed sit amet dui. Vestibulum ac diam sit amet quam vehicula elementum sed sit amet dui. Vestibulum ac diam sit amet quam vehicula elementum sed sit amet dui.</para></section>\n'),(157209,'image','59'),(157210,'cta_label','Ver más'),(157211,'cta_link','https://www.google.com'),(157212,'size','Full'),(157213,'height','Default'),(157214,'background','Default'),(157215,'color','Default'),(157216,'border','Default'),(157217,'shadow','Default'),(157218,'title','Cras ultricies ligula sed magna'),(157219,'description','<?xml version=\"1.0\" encoding=\"UTF-8\"?>\n<section xmlns=\"http://docbook.org/ns/docbook\" xmlns:xlink=\"http://www.w3.org/1999/xlink\" xmlns:ezxhtml=\"http://ez.no/xmlns/ezpublish/docbook/xhtml\" xmlns:ezcustom=\"http://ez.no/xmlns/ezpublish/docbook/custom\" version=\"5.0-variant ezpublish-1.0\"><title ezxhtml:level=\"3\">Subtitle</title><para>Nulla porttitor accumsan tincidunt. Donec sollicitudin molestie malesuada. Sed porttitor lectus nibh. Cras ultricies ligula sed magna dictum porta. Nulla porttitor accumsan tincidunt. Nulla porttitor accumsan tincidunt. Cras ultricies ligula sed magna dictum porta. Mauris blandit aliquet elit, eget tincidunt nibh pulvinar a. Proin eget tortor risus. Sed porttitor lectus nibh.</para></section>\n'),(157220,'image',NULL),(157221,'cta_label','Lorem ipsum'),(157222,'cta_link','https://www.google.com'),(157223,'size','Full'),(157224,'height','Default'),(157225,'background','Green'),(157226,'color','Green'),(157227,'border','Default'),(157228,'shadow','Default'),(157229,'title','Vestibulum non mattis nibh.'),(157230,'description','<?xml version=\"1.0\" encoding=\"UTF-8\"?>\n<section xmlns=\"http://docbook.org/ns/docbook\" xmlns:xlink=\"http://www.w3.org/1999/xlink\" xmlns:ezxhtml=\"http://ez.no/xmlns/ezpublish/docbook/xhtml\" xmlns:ezcustom=\"http://ez.no/xmlns/ezpublish/docbook/custom\" version=\"5.0-variant ezpublish-1.0\"><para>Sed efficitur porttitor libero vel faucibus. Proin bibendum sit amet odio in facilisis. Donec suscipit in mi in commodo. Mauris at hendrerit lectus. Donec imperdiet pellentesque odio, a ornare <emphasis role=\"strong\">mauris</emphasis> blandit non. Donec efficitur tempor vehicula. Vivamus fringilla feugiat efficitur. Integer id commodo tortor. Vivamus laoreet tortor at turpis rhoncus sollicitudin.</para></section>\n'),(157231,'image',NULL),(157232,'cta_label','Sit amet'),(157233,'cta_link','https://www.google.com'),(157234,'size','Full'),(157235,'height','Default'),(157236,'background','Red'),(157237,'color','Red'),(157238,'border','Default'),(157239,'shadow','Default'),(157240,'title',NULL),(157241,'content_types','axp_infopage,axp_landing_page,axp_link'),(157242,'items_limit',NULL),(157243,'deep_level_limit','3'),(157335,'contents','88,89'),(157336,'title','Donec sollicitudin molestie malesuada.'),(157337,'description','<?xml version=\"1.0\" encoding=\"UTF-8\"?>\n<section xmlns=\"http://docbook.org/ns/docbook\" xmlns:xlink=\"http://www.w3.org/1999/xlink\" xmlns:ezxhtml=\"http://ez.no/xmlns/ezpublish/docbook/xhtml\" xmlns:ezcustom=\"http://ez.no/xmlns/ezpublish/docbook/custom\" version=\"5.0-variant ezpublish-1.0\"><para>Donec sollicitudin molestie malesuada. Donec sollicitudin molestie malesuada. Lorem ipsum dolor sit amet, consectetur adipiscing elit. Donec sollicitudin molestie malesuada. Vivamus magna justo, lacinia eget consectetur sed, convallis at tellus. Lorem ipsum dolor sit amet, consectetur adipiscing elit. Vivamus suscipit tortor eget felis porttitor volutpat. Vestibulum ac diam sit amet quam vehicula elementum sed sit amet dui. Vestibulum ac diam sit amet quam vehicula elementum sed sit amet dui. Vestibulum ac diam sit amet quam vehicula elementum sed sit amet dui.</para></section>\n'),(157338,'image','59'),(157339,'cta_label','Ver más'),(157340,'cta_link','https://www.google.com'),(157341,'size','Full'),(157342,'height','Default'),(157343,'background','Default'),(157344,'color','Default'),(157345,'border','Default'),(157346,'shadow','Default'),(157347,'contents','61,57'),(157348,'color','Default'),(157349,'image_left','No'),(157350,'size','Full'),(157351,'height','Default'),(157352,'background','Default'),(157353,'border','Default'),(157354,'shadow','Default'),(157355,'title','Cras ultricies ligula sed magna'),(157356,'description','<?xml version=\"1.0\" encoding=\"UTF-8\"?>\n<section xmlns=\"http://docbook.org/ns/docbook\" xmlns:xlink=\"http://www.w3.org/1999/xlink\" xmlns:ezxhtml=\"http://ez.no/xmlns/ezpublish/docbook/xhtml\" xmlns:ezcustom=\"http://ez.no/xmlns/ezpublish/docbook/custom\" version=\"5.0-variant ezpublish-1.0\"><title ezxhtml:level=\"3\">Subtitle</title><para>Nulla porttitor accumsan tincidunt. Donec sollicitudin molestie malesuada. Sed porttitor lectus nibh. Cras ultricies ligula sed magna dictum porta. Nulla porttitor accumsan tincidunt. Nulla porttitor accumsan tincidunt. Cras ultricies ligula sed magna dictum porta. Mauris blandit aliquet elit, eget tincidunt nibh pulvinar a. Proin eget tortor risus. Sed porttitor lectus nibh.</para></section>\n'),(157357,'image',NULL),(157358,'cta_label','Lorem ipsum'),(157359,'cta_link','https://www.google.com'),(157360,'size','Full'),(157361,'height','Default'),(157362,'background','Green'),(157363,'color','Green'),(157364,'border','Default'),(157365,'shadow','Default'),(157366,'title','Vestibulum non mattis nibh.'),(157367,'description','<?xml version=\"1.0\" encoding=\"UTF-8\"?>\n<section xmlns=\"http://docbook.org/ns/docbook\" xmlns:xlink=\"http://www.w3.org/1999/xlink\" xmlns:ezxhtml=\"http://ez.no/xmlns/ezpublish/docbook/xhtml\" xmlns:ezcustom=\"http://ez.no/xmlns/ezpublish/docbook/custom\" version=\"5.0-variant ezpublish-1.0\"><para>Sed efficitur porttitor libero vel faucibus. Proin bibendum sit amet odio in facilisis. Donec suscipit in mi in commodo. Mauris at hendrerit lectus. Donec imperdiet pellentesque odio, a ornare <emphasis role=\"strong\">mauris</emphasis> blandit non. Donec efficitur tempor vehicula. Vivamus fringilla feugiat efficitur. Integer id commodo tortor. Vivamus laoreet tortor at turpis rhoncus sollicitudin.</para></section>\n'),(157368,'image',NULL),(157369,'cta_label','Sit amet'),(157370,'cta_link','https://www.google.com'),(157371,'size','Full'),(157372,'height','Default'),(157373,'background','Red'),(157374,'color','Red'),(157375,'border','Default'),(157376,'shadow','Default'),(157377,'title',NULL),(157378,'content_types','axp_infopage,axp_landing_page,axp_link'),(157379,'items_limit',NULL),(157380,'deep_level_limit','3'),(158497,'contents','88,89'),(158498,'title','Donec sollicitudin molestie malesuada.'),(158499,'description','<?xml version=\"1.0\" encoding=\"UTF-8\"?>\n<section xmlns=\"http://docbook.org/ns/docbook\" xmlns:xlink=\"http://www.w3.org/1999/xlink\" xmlns:ezxhtml=\"http://ez.no/xmlns/ezpublish/docbook/xhtml\" xmlns:ezcustom=\"http://ez.no/xmlns/ezpublish/docbook/custom\" version=\"5.0-variant ezpublish-1.0\"><para>Donec sollicitudin molestie malesuada. Donec sollicitudin molestie malesuada. Lorem ipsum dolor sit amet, consectetur adipiscing elit. Donec sollicitudin molestie malesuada. Vivamus magna justo, lacinia eget consectetur sed, convallis at tellus. Lorem ipsum dolor sit amet, consectetur adipiscing elit. Vivamus suscipit tortor eget felis porttitor volutpat. Vestibulum ac diam sit amet quam vehicula elementum sed sit amet dui. Vestibulum ac diam sit amet quam vehicula elementum sed sit amet dui. Vestibulum ac diam sit amet quam vehicula elementum sed sit amet dui.</para></section>\n'),(158500,'image','59'),(158501,'cta_label','Ver más'),(158502,'cta_link','https://www.google.com'),(158503,'size','Full'),(158504,'height','Default'),(158505,'background','Default'),(158506,'color','Default'),(158507,'border','Default'),(158508,'shadow','Default'),(158509,'contents','61,57'),(158510,'color','Default'),(158511,'image_left','No'),(158512,'size','Full'),(158513,'height','Default'),(158514,'background','Default'),(158515,'border','Default'),(158516,'shadow','Default'),(158517,'title','Curabitur aliquet'),(158518,'description','<?xml version=\"1.0\" encoding=\"UTF-8\"?>\n<section xmlns=\"http://docbook.org/ns/docbook\" xmlns:xlink=\"http://www.w3.org/1999/xlink\" xmlns:ezxhtml=\"http://ez.no/xmlns/ezpublish/docbook/xhtml\" xmlns:ezcustom=\"http://ez.no/xmlns/ezpublish/docbook/custom\" version=\"5.0-variant ezpublish-1.0\"><para>Curabitur aliquet quam id dui posuere blandit. Vestibulum ante ipsum primis in faucibus orci luctus et ultrices posuere cubilia Curae; Donec velit neque, auctor sit amet aliquam vel, ullamcorper sit amet ligula. Nulla quis lorem ut libero malesuada feugiat.</para></section>\n'),(158519,'image','75'),(158520,'cta_label','See more'),(158521,'cta_link','https://www.google.com'),(158522,'size','Two_Third'),(158523,'height','Default'),(158524,'background','Red'),(158525,'color','Default'),(158526,'border','Default'),(158527,'shadow','Default'),(158528,'title','Mauris blandit aliquet elit'),(158529,'description','<?xml version=\"1.0\" encoding=\"UTF-8\"?>\n<section xmlns=\"http://docbook.org/ns/docbook\" xmlns:xlink=\"http://www.w3.org/1999/xlink\" xmlns:ezxhtml=\"http://ez.no/xmlns/ezpublish/docbook/xhtml\" xmlns:ezcustom=\"http://ez.no/xmlns/ezpublish/docbook/custom\" version=\"5.0-variant ezpublish-1.0\"><para>Mauris blandit aliquet elit, eget tincidunt nibh pulvinar a. Pellentesque in ipsum id orci porta dapibus. Curabitur non nulla sit amet nisl tempus convallis quis ac lectus. Quisque velit nisi, pretium ut lacinia in, elementum id enim. Nulla porttitor accumsan tincidunt. Sed porttitor lectus nibh. Vivamus magna justo, lacinia eget consectetur sed, convallis at tellus. Quisque velit nisi, pretium ut lacinia in, elementum id enim. Curabitur arcu erat, accumsan id imperdiet et, porttitor at sem. Donec rutrum congue leo eget malesuada.</para></section>\n'),(158530,'image',NULL),(158531,'cta_label','See more'),(158532,'cta_link','https://www.google.com'),(158533,'size','One_Third'),(158534,'height','Two_Rows'),(158535,'background','Black'),(158536,'color','White'),(158537,'border','Default'),(158538,'shadow','XL'),(158539,'title','Praesent sapien massa'),(158540,'description','<?xml version=\"1.0\" encoding=\"UTF-8\"?>\n<section xmlns=\"http://docbook.org/ns/docbook\" xmlns:xlink=\"http://www.w3.org/1999/xlink\" xmlns:ezxhtml=\"http://ez.no/xmlns/ezpublish/docbook/xhtml\" xmlns:ezcustom=\"http://ez.no/xmlns/ezpublish/docbook/custom\" version=\"5.0-variant ezpublish-1.0\"><para>Praesent sapien massa, convallis a pellentesque nec, egestas non nisi. Cras ultricies ligula sed magna dictum porta. Nulla quis lorem ut libero malesuada feugiat. Mauris blandit aliquet elit, eget tincidunt nibh pulvinar a. Sed porttitor lectus nibh. Curabitur aliquet quam id dui posuere blandit. Proin eget tortor risus. Quisque velit nisi, pretium ut lacinia in, elementum id enim. Mauris blandit aliquet elit, eget tincidunt nibh pulvinar a. Pellentesque in ipsum id orci porta dapibus.</para></section>\n'),(158541,'image','59'),(158542,'cta_label','See more'),(158543,'cta_link','https://www.google.com'),(158544,'size','Two_Third'),(158545,'height','Default'),(158546,'background','Default'),(158547,'color','Red'),(158548,'border','Default'),(158549,'shadow','Default'),(158550,'title','Cras ultricies ligula sed magna'),(158551,'description','<?xml version=\"1.0\" encoding=\"UTF-8\"?>\n<section xmlns=\"http://docbook.org/ns/docbook\" xmlns:xlink=\"http://www.w3.org/1999/xlink\" xmlns:ezxhtml=\"http://ez.no/xmlns/ezpublish/docbook/xhtml\" xmlns:ezcustom=\"http://ez.no/xmlns/ezpublish/docbook/custom\" version=\"5.0-variant ezpublish-1.0\"><title ezxhtml:level=\"3\">Subtitle</title><para>Nulla porttitor accumsan tincidunt. Donec sollicitudin molestie malesuada. Sed porttitor lectus nibh. Cras ultricies ligula sed magna dictum porta. Nulla porttitor accumsan tincidunt. Nulla porttitor accumsan tincidunt. Cras ultricies ligula sed magna dictum porta. Mauris blandit aliquet elit, eget tincidunt nibh pulvinar a. Proin eget tortor risus. Sed porttitor lectus nibh.</para></section>\n'),(158552,'image',NULL),(158553,'cta_label','Lorem ipsum'),(158554,'cta_link','https://www.google.com'),(158555,'size','Full'),(158556,'height','Default'),(158557,'background','Green'),(158558,'color','Green'),(158559,'border','Default'),(158560,'shadow','Default'),(158561,'title','Vestibulum non mattis nibh.'),(158562,'description','<?xml version=\"1.0\" encoding=\"UTF-8\"?>\n<section xmlns=\"http://docbook.org/ns/docbook\" xmlns:xlink=\"http://www.w3.org/1999/xlink\" xmlns:ezxhtml=\"http://ez.no/xmlns/ezpublish/docbook/xhtml\" xmlns:ezcustom=\"http://ez.no/xmlns/ezpublish/docbook/custom\" version=\"5.0-variant ezpublish-1.0\"><para>Sed efficitur porttitor libero vel faucibus. Proin bibendum sit amet odio in facilisis. Donec suscipit in mi in commodo. Mauris at hendrerit lectus. Donec imperdiet pellentesque odio, a ornare <emphasis role=\"strong\">mauris</emphasis> blandit non. Donec efficitur tempor vehicula. Vivamus fringilla feugiat efficitur. Integer id commodo tortor. Vivamus laoreet tortor at turpis rhoncus sollicitudin.</para></section>\n'),(158563,'image',NULL),(158564,'cta_label','Sit amet'),(158565,'cta_link','https://www.google.com'),(158566,'size','Full'),(158567,'height','Default'),(158568,'background','Red'),(158569,'color','Red'),(158570,'border','Default'),(158571,'shadow','Default'),(158572,'title',NULL),(158573,'content_types','axp_infopage,axp_landing_page,axp_link'),(158574,'items_limit',NULL),(158575,'deep_level_limit','3');
/*!40000 ALTER TABLE `ezpage_attributes` ENABLE KEYS */;
UNLOCK TABLES;

--
-- Table structure for table `ezpage_blocks`
--

DROP TABLE IF EXISTS `ezpage_blocks`;
/*!40101 SET @saved_cs_client     = @@character_set_client */;
/*!40101 SET character_set_client = utf8 */;
CREATE TABLE `ezpage_blocks` (
  `id` int(11) NOT NULL AUTO_INCREMENT,
  `type` varchar(255) COLLATE utf8mb4_unicode_520_ci NOT NULL DEFAULT '',
  `view` varchar(255) COLLATE utf8mb4_unicode_520_ci NOT NULL DEFAULT '',
  `name` varchar(255) COLLATE utf8mb4_unicode_520_ci NOT NULL DEFAULT '',
  PRIMARY KEY (`id`)
) ENGINE=InnoDB AUTO_INCREMENT=22251 DEFAULT CHARSET=utf8mb4 COLLATE=utf8mb4_unicode_520_ci;
/*!40101 SET character_set_client = @saved_cs_client */;

--
-- Dumping data for table `ezpage_blocks`
--

LOCK TABLES `ezpage_blocks` WRITE;
/*!40000 ALTER TABLE `ezpage_blocks` DISABLE KEYS */;
INSERT INTO `ezpage_blocks` VALUES (1,'tag','default','Tag'),(1072,'axp_promo_text','axp_promo_text','AXP Promo Text'),(2037,'richtext','default','Donec velit neque,'),(2049,'axp_sub_nav','axp_sub_nav','AXP Sub Nav'),(2055,'axp_sub_nav','axp_sub_nav','AXP Sub Nav'),(2061,'axp_sub_nav','axp_sub_nav','AXP Sub Nav'),(2067,'axp_sub_nav','axp_sub_nav','AXP Sub Nav'),(2073,'axp_sub_nav','axp_sub_nav','AXP Sub Nav'),(2079,'axp_sub_nav','axp_sub_nav','AXP Sub Nav'),(2085,'axp_sub_nav','axp_sub_nav','AXP Sub Nav'),(2091,'axp_sub_nav','axp_sub_nav','AXP Sub Nav'),(2097,'axp_sub_nav','axp_sub_nav','AXP Sub Nav'),(2103,'axp_sub_nav','axp_sub_nav','AXP Sub Nav'),(2109,'axp_sub_nav','axp_sub_nav','AXP Sub Nav'),(2115,'axp_sub_nav','axp_sub_nav','AXP Sub Nav'),(2139,'axp_sub_nav','axp_sub_nav','AXP Sub Nav'),(2181,'axp_sub_nav','axp_sub_nav','AXP Sub Nav'),(2193,'axp_sub_nav','axp_sub_nav','AXP Sub Nav'),(6911,'richtext','default','Text'),(6912,'richtext','default','Proin eget tortor risus.'),(6913,'richtext','default','Text'),(6947,'richtext','default','Text'),(6948,'axp_sub_nav','axp_sub_nav','AXP Sub Nav'),(7048,'richtext','default','Text'),(7049,'axp_sub_nav','axp_sub_nav','AXP Sub Nav'),(7068,'axp_hero','axp_hero','AXP Hero'),(7069,'axp_promo_content','axp_promo_content','AXP Promo Content'),(7070,'axp_promo_text','axp_promo_text','AXP Promo Text'),(7071,'axp_promo_text','axp_promo_text','AXP Promo Text'),(7072,'axp_promo_text','axp_promo_text','AXP Promo Text'),(7073,'axp_sub_nav','axp_sub_nav','AXP Sub Nav'),(7076,'axp_promo_text','axp_promo_text','AXP Promo Text'),(7089,'axp_hero','axp_hero','AXP Hero'),(7090,'axp_promo_content','axp_promo_content','AXP Promo Content'),(7091,'axp_promo_text','axp_promo_text','AXP Promo Text'),(7092,'axp_promo_text','axp_promo_text','AXP Promo Text'),(7093,'axp_promo_text','axp_promo_text','AXP Promo Text'),(7094,'axp_sub_nav','axp_sub_nav','AXP Sub Nav'),(21962,'axp_hero','axp_hero','AXP Hero'),(21963,'axp_promo_content','axp_promo_content','AXP Promo Content'),(21964,'axp_promo_text','axp_promo_text','AXP Promo Text'),(21965,'axp_promo_text','axp_promo_text','AXP Promo Text'),(21966,'axp_promo_text','axp_promo_text','AXP Promo Text'),(21967,'axp_sub_nav','axp_sub_nav','AXP Sub Nav'),(21974,'axp_promo_content','axp_promo_content','AXP Promo Content'),(21975,'axp_promo_text','axp_promo_text','AXP Promo Text'),(21976,'axp_promo_text','axp_promo_text','AXP Promo Text'),(21977,'axp_promo_text','axp_promo_text','AXP Promo Text'),(21978,'axp_sub_nav','axp_sub_nav','AXP Sub Nav'),(21990,'axp_hero','axp_hero','AXP Hero'),(21991,'axp_promo_text','axp_promo_text','AXP Promo Text'),(21992,'axp_promo_content','axp_promo_content','AXP Promo Content'),(21993,'axp_promo_text','axp_promo_text','AXP Promo Text'),(21994,'axp_promo_text','axp_promo_text','AXP Promo Text'),(21995,'axp_sub_nav','axp_sub_nav','AXP Sub Nav'),(22132,'axp_hero','axp_hero','AXP Hero'),(22133,'axp_promo_text','axp_promo_text','AXP Promo Text'),(22134,'axp_promo_content','axp_promo_content','AXP Promo Content'),(22135,'axp_promo_text','axp_promo_text','AXP Promo Text'),(22136,'axp_promo_text','axp_promo_text','AXP Promo Text'),(22137,'axp_promo_text','axp_promo_text','AXP Promo Text'),(22138,'axp_promo_text','axp_promo_text','AXP Promo Text'),(22139,'axp_promo_text','axp_promo_text','AXP Promo Text'),(22140,'axp_sub_nav','axp_sub_nav','AXP Sub Nav');
/*!40000 ALTER TABLE `ezpage_blocks` ENABLE KEYS */;
UNLOCK TABLES;

--
-- Table structure for table `ezpage_blocks_design`
--

DROP TABLE IF EXISTS `ezpage_blocks_design`;
/*!40101 SET @saved_cs_client     = @@character_set_client */;
/*!40101 SET character_set_client = utf8 */;
CREATE TABLE `ezpage_blocks_design` (
  `id` int(11) NOT NULL AUTO_INCREMENT,
  `block_id` int(11) NOT NULL,
  `style` text COLLATE utf8mb4_unicode_520_ci DEFAULT NULL,
  `compiled` text COLLATE utf8mb4_unicode_520_ci DEFAULT NULL,
  `class` varchar(255) COLLATE utf8mb4_unicode_520_ci DEFAULT NULL,
  PRIMARY KEY (`id`),
  KEY `ezpage_blocks_design_block_id` (`block_id`)
) ENGINE=InnoDB AUTO_INCREMENT=22250 DEFAULT CHARSET=utf8mb4 COLLATE=utf8mb4_unicode_520_ci;
/*!40101 SET character_set_client = @saved_cs_client */;

--
-- Dumping data for table `ezpage_blocks_design`
--

LOCK TABLES `ezpage_blocks_design` WRITE;
/*!40000 ALTER TABLE `ezpage_blocks_design` DISABLE KEYS */;
INSERT INTO `ezpage_blocks_design` VALUES (1071,1072,NULL,'',NULL),(2036,2037,NULL,'',NULL),(2048,2049,NULL,'',NULL),(2054,2055,NULL,'',NULL),(2060,2061,NULL,'',NULL),(2066,2067,NULL,'',NULL),(2072,2073,NULL,'',NULL),(2078,2079,NULL,'',NULL),(2084,2085,NULL,'',NULL),(2090,2091,NULL,'',NULL),(2096,2097,NULL,'',NULL),(2102,2103,NULL,'',NULL),(2108,2109,NULL,'',NULL),(2114,2115,NULL,'',NULL),(2138,2139,NULL,'',NULL),(2180,2181,NULL,'',NULL),(2192,2193,NULL,'',NULL),(6910,6911,NULL,'',NULL),(6911,6912,NULL,'',NULL),(6912,6913,NULL,'',NULL),(6946,6947,NULL,'',NULL),(6947,6948,NULL,'',NULL),(7047,7048,NULL,'',NULL),(7048,7049,NULL,'',NULL),(7067,7068,NULL,'',NULL),(7068,7069,NULL,'',NULL),(7069,7070,NULL,'',NULL),(7070,7071,NULL,'',NULL),(7071,7072,NULL,'',NULL),(7072,7073,NULL,'',NULL),(7075,7076,NULL,'',NULL),(7088,7089,NULL,'',NULL),(7089,7090,NULL,'',NULL),(7090,7091,NULL,'',NULL),(7091,7092,NULL,'',NULL),(7092,7093,NULL,'',NULL),(7093,7094,NULL,'',NULL),(21961,21962,NULL,'',NULL),(21962,21963,NULL,'',NULL),(21963,21964,NULL,'',NULL),(21964,21965,NULL,'',NULL),(21965,21966,NULL,'',NULL),(21966,21967,NULL,'',NULL),(21973,21974,NULL,'',NULL),(21974,21975,NULL,'',NULL),(21975,21976,NULL,'',NULL),(21976,21977,NULL,'',NULL),(21977,21978,NULL,'',NULL),(21989,21990,NULL,'',NULL),(21990,21991,NULL,'',NULL),(21991,21992,NULL,'',NULL),(21992,21993,NULL,'',NULL),(21993,21994,NULL,'',NULL),(21994,21995,NULL,'',NULL),(22131,22132,NULL,'',NULL),(22132,22133,NULL,'',NULL),(22133,22134,NULL,'',NULL),(22134,22135,NULL,'',NULL),(22135,22136,NULL,'',NULL),(22136,22137,NULL,'',NULL),(22137,22138,NULL,'',NULL),(22138,22139,NULL,'',NULL),(22139,22140,NULL,'',NULL);
/*!40000 ALTER TABLE `ezpage_blocks_design` ENABLE KEYS */;
UNLOCK TABLES;

--
-- Table structure for table `ezpage_blocks_visibility`
--

DROP TABLE IF EXISTS `ezpage_blocks_visibility`;
/*!40101 SET @saved_cs_client     = @@character_set_client */;
/*!40101 SET character_set_client = utf8 */;
CREATE TABLE `ezpage_blocks_visibility` (
  `id` int(11) NOT NULL AUTO_INCREMENT,
  `block_id` int(11) NOT NULL,
  `since` int(11) DEFAULT NULL,
  `till` int(11) DEFAULT NULL,
  PRIMARY KEY (`id`),
  KEY `ezpage_blocks_visibility_block_id` (`block_id`)
) ENGINE=InnoDB AUTO_INCREMENT=22250 DEFAULT CHARSET=utf8mb4 COLLATE=utf8mb4_unicode_520_ci;
/*!40101 SET character_set_client = @saved_cs_client */;

--
-- Dumping data for table `ezpage_blocks_visibility`
--

LOCK TABLES `ezpage_blocks_visibility` WRITE;
/*!40000 ALTER TABLE `ezpage_blocks_visibility` DISABLE KEYS */;
INSERT INTO `ezpage_blocks_visibility` VALUES (1071,1072,NULL,NULL),(2036,2037,NULL,NULL),(2048,2049,NULL,NULL),(2054,2055,NULL,NULL),(2060,2061,NULL,NULL),(2066,2067,NULL,NULL),(2072,2073,NULL,NULL),(2078,2079,NULL,NULL),(2084,2085,NULL,NULL),(2090,2091,NULL,NULL),(2096,2097,NULL,NULL),(2102,2103,NULL,NULL),(2108,2109,NULL,NULL),(2114,2115,NULL,NULL),(2138,2139,NULL,NULL),(2180,2181,NULL,NULL),(2192,2193,NULL,NULL),(6910,6911,NULL,NULL),(6911,6912,NULL,NULL),(6912,6913,NULL,NULL),(6946,6947,NULL,NULL),(6947,6948,NULL,NULL),(7047,7048,NULL,NULL),(7048,7049,NULL,NULL),(7067,7068,NULL,NULL),(7068,7069,NULL,NULL),(7069,7070,NULL,NULL),(7070,7071,NULL,NULL),(7071,7072,NULL,NULL),(7072,7073,NULL,NULL),(7075,7076,NULL,NULL),(7088,7089,NULL,NULL),(7089,7090,NULL,NULL),(7090,7091,NULL,NULL),(7091,7092,NULL,NULL),(7092,7093,NULL,NULL),(7093,7094,NULL,NULL),(21961,21962,NULL,NULL),(21962,21963,NULL,NULL),(21963,21964,NULL,NULL),(21964,21965,NULL,NULL),(21965,21966,NULL,NULL),(21966,21967,NULL,NULL),(21973,21974,NULL,NULL),(21974,21975,NULL,NULL),(21975,21976,NULL,NULL),(21976,21977,NULL,NULL),(21977,21978,NULL,NULL),(21989,21990,NULL,NULL),(21990,21991,NULL,NULL),(21991,21992,NULL,NULL),(21992,21993,NULL,NULL),(21993,21994,NULL,NULL),(21994,21995,NULL,NULL),(22131,22132,NULL,NULL),(22132,22133,NULL,NULL),(22133,22134,NULL,NULL),(22134,22135,NULL,NULL),(22135,22136,NULL,NULL),(22136,22137,NULL,NULL),(22137,22138,NULL,NULL),(22138,22139,NULL,NULL),(22139,22140,NULL,NULL);
/*!40000 ALTER TABLE `ezpage_blocks_visibility` ENABLE KEYS */;
UNLOCK TABLES;

--
-- Table structure for table `ezpage_map_attributes_blocks`
--

DROP TABLE IF EXISTS `ezpage_map_attributes_blocks`;
/*!40101 SET @saved_cs_client     = @@character_set_client */;
/*!40101 SET character_set_client = utf8 */;
CREATE TABLE `ezpage_map_attributes_blocks` (
  `attribute_id` int(11) NOT NULL,
  `block_id` int(11) NOT NULL,
  PRIMARY KEY (`attribute_id`,`block_id`),
  KEY `ezpage_map_attributes_blocks_attribute_id` (`attribute_id`),
  KEY `ezpage_map_attributes_blocks_block_id` (`block_id`)
) ENGINE=InnoDB DEFAULT CHARSET=utf8mb4 COLLATE=utf8mb4_unicode_520_ci;
/*!40101 SET character_set_client = @saved_cs_client */;

--
-- Dumping data for table `ezpage_map_attributes_blocks`
--

LOCK TABLES `ezpage_map_attributes_blocks` WRITE;
/*!40000 ALTER TABLE `ezpage_map_attributes_blocks` DISABLE KEYS */;
INSERT INTO `ezpage_map_attributes_blocks` VALUES (1,1),(4977,1072),(4978,1072),(4979,1072),(4980,1072),(4981,1072),(4982,1072),(4983,1072),(10455,2037),(49509,6911),(49510,6912),(49511,6913),(49758,6947),(49759,6948),(49760,6948),(49761,6948),(49762,6948),(50537,7048),(50538,7049),(50539,7049),(50540,7049),(50541,7049),(50685,7068),(50686,7069),(50687,7069),(50688,7069),(50689,7069),(50690,7069),(50691,7069),(50692,7069),(50693,7069),(50694,7070),(50695,7070),(50696,7070),(50697,7070),(50698,7070),(50699,7070),(50700,7070),(50701,7070),(50702,7070),(50703,7070),(50704,7070),(50705,7071),(50706,7071),(50707,7071),(50708,7071),(50709,7071),(50710,7071),(50711,7071),(50712,7071),(50713,7071),(50714,7071),(50715,7071),(50716,7072),(50717,7072),(50718,7072),(50719,7072),(50720,7072),(50721,7072),(50722,7072),(50723,7072),(50724,7072),(50725,7072),(50726,7072),(50727,7073),(50728,7073),(50729,7073),(50730,7073),(50739,7076),(50740,7076),(50741,7076),(50742,7076),(50743,7076),(50744,7076),(50745,7076),(50746,7076),(50747,7076),(50748,7076),(50749,7076),(50750,7076),(50843,7089),(50844,7090),(50845,7090),(50846,7090),(50847,7090),(50848,7090),(50849,7090),(50850,7090),(50851,7090),(50852,7091),(50853,7091),(50854,7091),(50855,7091),(50856,7091),(50857,7091),(50858,7091),(50859,7091),(50860,7091),(50861,7091),(50862,7091),(50863,7092),(50864,7092),(50865,7092),(50866,7092),(50867,7092),(50868,7092),(50869,7092),(50870,7092),(50871,7092),(50872,7092),(50873,7092),(50874,7093),(50875,7093),(50876,7093),(50877,7093),(50878,7093),(50879,7093),(50880,7093),(50881,7093),(50882,7093),(50883,7093),(50884,7093),(50885,7094),(50886,7094),(50887,7094),(50888,7094),(157107,21962),(157108,21963),(157109,21963),(157110,21963),(157111,21963),(157112,21963),(157113,21963),(157114,21963),(157115,21963),(157116,21964),(157117,21964),(157118,21964),(157119,21964),(157120,21964),(157121,21964),(157122,21964),(157123,21964),(157124,21964),(157125,21964),(157126,21964),(157127,21965),(157128,21965),(157129,21965),(157130,21965),(157131,21965),(157132,21965),(157133,21965),(157134,21965),(157135,21965),(157136,21965),(157137,21965),(157138,21966),(157139,21966),(157140,21966),(157141,21966),(157142,21966),(157143,21966),(157144,21966),(157145,21966),(157146,21966),(157147,21966),(157148,21966),(157149,21967),(157150,21967),(157151,21967),(157152,21967),(157199,21974),(157200,21974),(157201,21974),(157202,21974),(157203,21974),(157204,21974),(157205,21974),(157206,21974),(157207,21975),(157208,21975),(157209,21975),(157210,21975),(157211,21975),(157212,21975),(157213,21975),(157214,21975),(157215,21975),(157216,21975),(157217,21975),(157218,21976),(157219,21976),(157220,21976),(157221,21976),(157222,21976),(157223,21976),(157224,21976),(157225,21976),(157226,21976),(157227,21976),(157228,21976),(157229,21977),(157230,21977),(157231,21977),(157232,21977),(157233,21977),(157234,21977),(157235,21977),(157236,21977),(157237,21977),(157238,21977),(157239,21977),(157240,21978),(157241,21978),(157242,21978),(157243,21978),(157335,21990),(157336,21991),(157337,21991),(157338,21991),(157339,21991),(157340,21991),(157341,21991),(157342,21991),(157343,21991),(157344,21991),(157345,21991),(157346,21991),(157347,21992),(157348,21992),(157349,21992),(157350,21992),(157351,21992),(157352,21992),(157353,21992),(157354,21992),(157355,21993),(157356,21993),(157357,21993),(157358,21993),(157359,21993),(157360,21993),(157361,21993),(157362,21993),(157363,21993),(157364,21993),(157365,21993),(157366,21994),(157367,21994),(157368,21994),(157369,21994),(157370,21994),(157371,21994),(157372,21994),(157373,21994),(157374,21994),(157375,21994),(157376,21994),(157377,21995),(157378,21995),(157379,21995),(157380,21995),(158497,22132),(158498,22133),(158499,22133),(158500,22133),(158501,22133),(158502,22133),(158503,22133),(158504,22133),(158505,22133),(158506,22133),(158507,22133),(158508,22133),(158509,22134),(158510,22134),(158511,22134),(158512,22134),(158513,22134),(158514,22134),(158515,22134),(158516,22134),(158517,22135),(158518,22135),(158519,22135),(158520,22135),(158521,22135),(158522,22135),(158523,22135),(158524,22135),(158525,22135),(158526,22135),(158527,22135),(158528,22136),(158529,22136),(158530,22136),(158531,22136),(158532,22136),(158533,22136),(158534,22136),(158535,22136),(158536,22136),(158537,22136),(158538,22136),(158539,22137),(158540,22137),(158541,22137),(158542,22137),(158543,22137),(158544,22137),(158545,22137),(158546,22137),(158547,22137),(158548,22137),(158549,22137),(158550,22138),(158551,22138),(158552,22138),(158553,22138),(158554,22138),(158555,22138),(158556,22138),(158557,22138),(158558,22138),(158559,22138),(158560,22138),(158561,22139),(158562,22139),(158563,22139),(158564,22139),(158565,22139),(158566,22139),(158567,22139),(158568,22139),(158569,22139),(158570,22139),(158571,22139),(158572,22140),(158573,22140),(158574,22140),(158575,22140);
/*!40000 ALTER TABLE `ezpage_map_attributes_blocks` ENABLE KEYS */;
UNLOCK TABLES;

--
-- Table structure for table `ezpage_map_blocks_zones`
--

DROP TABLE IF EXISTS `ezpage_map_blocks_zones`;
/*!40101 SET @saved_cs_client     = @@character_set_client */;
/*!40101 SET character_set_client = utf8 */;
CREATE TABLE `ezpage_map_blocks_zones` (
  `block_id` int(11) NOT NULL,
  `zone_id` int(11) NOT NULL,
  PRIMARY KEY (`block_id`,`zone_id`),
  KEY `ezpage_map_blocks_zones_block_id` (`block_id`),
  KEY `ezpage_map_blocks_zones_zone_id` (`zone_id`)
) ENGINE=InnoDB DEFAULT CHARSET=utf8mb4 COLLATE=utf8mb4_unicode_520_ci;
/*!40101 SET character_set_client = @saved_cs_client */;

--
-- Dumping data for table `ezpage_map_blocks_zones`
--

LOCK TABLES `ezpage_map_blocks_zones` WRITE;
/*!40000 ALTER TABLE `ezpage_map_blocks_zones` DISABLE KEYS */;
INSERT INTO `ezpage_map_blocks_zones` VALUES (1,1),(1072,496),(2037,810),(2049,821),(2055,830),(2061,839),(2067,848),(2073,857),(2079,866),(2085,875),(2091,884),(2097,893),(2103,902),(2109,911),(2115,920),(2139,956),(2181,1019),(2193,1037),(6911,8194),(6912,8213),(6913,8215),(6947,8279),(6948,8284),(7048,8442),(7049,8447),(7068,8478),(7069,8478),(7070,8478),(7071,8478),(7072,8478),(7073,8481),(7076,8489),(7089,8508),(7090,8508),(7091,8508),(7092,8509),(7093,8510),(7094,8511),(21962,27642),(21963,27642),(21964,27642),(21965,27643),(21966,27644),(21967,27645),(21974,27660),(21975,27660),(21976,27661),(21977,27662),(21978,27663),(21990,27687),(21991,27687),(21992,27687),(21993,27688),(21994,27689),(21995,27690),(22132,27867),(22133,27867),(22134,27867),(22135,27867),(22136,27867),(22137,27867),(22138,27868),(22139,27869),(22140,27870);
/*!40000 ALTER TABLE `ezpage_map_blocks_zones` ENABLE KEYS */;
UNLOCK TABLES;

--
-- Table structure for table `ezpage_map_zones_pages`
--

DROP TABLE IF EXISTS `ezpage_map_zones_pages`;
/*!40101 SET @saved_cs_client     = @@character_set_client */;
/*!40101 SET character_set_client = utf8 */;
CREATE TABLE `ezpage_map_zones_pages` (
  `zone_id` int(11) NOT NULL,
  `page_id` int(11) NOT NULL,
  PRIMARY KEY (`zone_id`,`page_id`),
  KEY `ezpage_map_zones_pages_zone_id` (`zone_id`),
  KEY `ezpage_map_zones_pages_page_id` (`page_id`)
) ENGINE=InnoDB DEFAULT CHARSET=utf8mb4 COLLATE=utf8mb4_unicode_520_ci;
/*!40101 SET character_set_client = @saved_cs_client */;

--
-- Dumping data for table `ezpage_map_zones_pages`
--

LOCK TABLES `ezpage_map_zones_pages` WRITE;
/*!40000 ALTER TABLE `ezpage_map_zones_pages` DISABLE KEYS */;
INSERT INTO `ezpage_map_zones_pages` VALUES (1,1),(4,4),(5,5),(6,6),(7,7),(8,8),(9,9),(10,10),(11,11),(16,16),(17,17),(18,18),(19,19),(20,20),(21,21),(22,22),(23,23),(24,24),(25,25),(26,26),(27,27),(28,28),(29,29),(30,30),(31,31),(32,32),(33,33),(34,34),(35,35),(36,36),(37,37),(38,38),(39,39),(40,40),(41,41),(42,42),(43,43),(44,44),(49,49),(50,50),(55,55),(56,56),(57,57),(58,58),(59,59),(60,60),(61,61),(62,62),(63,63),(64,64),(65,65),(66,66),(67,67),(68,68),(69,69),(70,70),(71,71),(72,72),(73,73),(74,74),(75,75),(76,76),(77,77),(78,78),(79,79),(80,80),(81,81),(82,82),(83,83),(84,84),(85,85),(86,86),(87,87),(88,88),(89,89),(90,90),(91,91),(94,94),(181,181),(184,184),(185,185),(187,187),(492,492),(493,493),(494,494),(495,495),(496,496),(671,670),(672,670),(673,670),(674,670),(675,670),(676,670),(677,670),(678,670),(680,671),(681,671),(682,671),(683,671),(684,671),(685,671),(686,671),(687,671),(689,672),(690,672),(691,672),(692,672),(693,672),(694,672),(695,672),(696,672),(698,673),(699,673),(700,673),(701,673),(702,673),(703,673),(704,673),(705,673),(707,674),(708,674),(709,674),(710,674),(711,674),(712,674),(713,674),(714,674),(717,676),(718,676),(719,676),(720,676),(721,676),(722,676),(723,676),(724,676),(726,677),(727,677),(728,677),(729,677),(730,677),(731,677),(732,677),(733,677),(735,678),(736,678),(737,678),(738,678),(739,678),(740,678),(741,678),(742,678),(744,679),(745,679),(746,679),(747,679),(748,679),(749,679),(750,679),(751,679),(753,680),(754,680),(755,680),(756,680),(757,680),(758,680),(759,680),(760,680),(762,681),(763,681),(764,681),(765,681),(766,681),(767,681),(768,681),(769,681),(771,682),(772,682),(773,682),(774,682),(775,682),(776,682),(777,682),(778,682),(780,683),(781,683),(782,683),(783,683),(784,683),(785,683),(786,683),(787,683),(791,686),(792,686),(793,686),(794,686),(795,686),(796,686),(797,686),(798,686),(800,687),(801,687),(802,687),(803,687),(804,687),(805,687),(806,687),(807,687),(808,688),(809,689),(810,690),(813,692),(814,692),(815,692),(816,692),(817,692),(818,692),(819,692),(820,692),(822,693),(823,693),(824,693),(825,693),(826,693),(827,693),(828,693),(829,693),(831,694),(832,694),(833,694),(834,694),(835,694),(836,694),(837,694),(838,694),(840,695),(841,695),(842,695),(843,695),(844,695),(845,695),(846,695),(847,695),(849,696),(850,696),(851,696),(852,696),(853,696),(854,696),(855,696),(856,696),(858,697),(859,697),(860,697),(861,697),(862,697),(863,697),(864,697),(865,697),(867,698),(868,698),(869,698),(870,698),(871,698),(872,698),(873,698),(874,698),(876,699),(877,699),(878,699),(879,699),(880,699),(881,699),(882,699),(883,699),(885,700),(886,700),(887,700),(888,700),(889,700),(890,700),(891,700),(892,700),(894,701),(895,701),(896,701),(897,701),(898,701),(899,701),(900,701),(901,701),(903,702),(904,702),(905,702),(906,702),(907,702),(908,702),(909,702),(910,702),(912,703),(913,703),(914,703),(915,703),(916,703),(917,703),(918,703),(919,703),(921,704),(922,704),(923,704),(924,704),(925,704),(926,704),(927,704),(928,704),(930,705),(931,705),(932,705),(933,705),(934,705),(935,705),(936,705),(937,705),(939,706),(940,706),(941,706),(942,706),(943,706),(944,706),(945,706),(946,706),(948,707),(949,707),(950,707),(951,707),(952,707),(953,707),(954,707),(955,707),(957,708),(958,708),(959,708),(960,708),(961,708),(962,708),(963,708),(964,708),(966,709),(967,709),(968,709),(969,709),(970,709),(971,709),(972,709),(973,709),(975,710),(976,710),(977,710),(978,710),(979,710),(980,710),(981,710),(982,710),(984,711),(985,711),(986,711),(987,711),(988,711),(989,711),(990,711),(991,711),(993,712),(994,712),(995,712),(996,712),(997,712),(998,712),(999,712),(1000,712),(1002,713),(1003,713),(1004,713),(1005,713),(1006,713),(1007,713),(1008,713),(1009,713),(1011,714),(1012,714),(1013,714),(1014,714),(1015,714),(1016,714),(1017,714),(1018,714),(1020,715),(1021,715),(1022,715),(1023,715),(1024,715),(1025,715),(1026,715),(1027,715),(1029,716),(1030,716),(1031,716),(1032,716),(1033,716),(1034,716),(1035,716),(1036,716),(1038,717),(1039,717),(1040,717),(1041,717),(1042,717),(1043,717),(1044,717),(1045,717),(1047,718),(1048,718),(1049,718),(1050,718),(1051,718),(1052,718),(1053,718),(1054,718),(1056,719),(1057,719),(1058,719),(1059,719),(1060,719),(1061,719),(1062,719),(1063,719),(1065,720),(1066,720),(1067,720),(1068,720),(1069,720),(1070,720),(1071,720),(1072,720),(1074,721),(1075,721),(1076,721),(1077,721),(1078,721),(1079,721),(1080,721),(1081,721),(1083,722),(1084,722),(1085,722),(1086,722),(1087,722),(1088,722),(1089,722),(1090,722),(1092,723),(1093,723),(1094,723),(1095,723),(1096,723),(1097,723),(1098,723),(1099,723),(1101,724),(1102,724),(1103,724),(1104,724),(1105,724),(1106,724),(1107,724),(1108,724),(1110,725),(1111,725),(1112,725),(1113,725),(1114,725),(1115,725),(1116,725),(1117,725),(1119,726),(1120,726),(1121,726),(1122,726),(1123,726),(1124,726),(1125,726),(1126,726),(1128,727),(1129,727),(1130,727),(1131,727),(1132,727),(1133,727),(1134,727),(1135,727),(1137,728),(1138,728),(1139,728),(1140,728),(1141,728),(1142,728),(1143,728),(1144,728),(1146,729),(1147,729),(1148,729),(1149,729),(1150,729),(1151,729),(1152,729),(1153,729),(1155,730),(1156,730),(1157,730),(1158,730),(1159,730),(1160,730),(1161,730),(1162,730),(1164,731),(1165,731),(1166,731),(1167,731),(1168,731),(1169,731),(1170,731),(1171,731),(1173,732),(1174,732),(1175,732),(1176,732),(1177,732),(1178,732),(1179,732),(1180,732),(1182,733),(1183,733),(1184,733),(1185,733),(1186,733),(1187,733),(1188,733),(1189,733),(1191,734),(1192,734),(1193,734),(1194,734),(1195,734),(1196,734),(1197,734),(1198,734),(1200,735),(1201,735),(1202,735),(1203,735),(1204,735),(1205,735),(1206,735),(1207,735),(1209,736),(1210,736),(1211,736),(1212,736),(1213,736),(1214,736),(1215,736),(1216,736),(1218,737),(1219,737),(1220,737),(1221,737),(1222,737),(1223,737),(1224,737),(1225,737),(1227,738),(1228,738),(1229,738),(1230,738),(1231,738),(1232,738),(1233,738),(1234,738),(1236,739),(1237,739),(1238,739),(1239,739),(1240,739),(1241,739),(1242,739),(1243,739),(1245,740),(1246,740),(1247,740),(1248,740),(1249,740),(1250,740),(1251,740),(1252,740),(1254,741),(1255,741),(1256,741),(1257,741),(1258,741),(1259,741),(1260,741),(1261,741),(1263,742),(1264,742),(1265,742),(1266,742),(1267,742),(1268,742),(1269,742),(1270,742),(1272,743),(1273,743),(1274,743),(1275,743),(1276,743),(1277,743),(1278,743),(1279,743),(1281,744),(1282,744),(1283,744),(1284,744),(1285,744),(1286,744),(1287,744),(1288,744),(1290,745),(1291,745),(1292,745),(1293,745),(1294,745),(1295,745),(1296,745),(1297,745),(1299,746),(1300,746),(1301,746),(1302,746),(1303,746),(1304,746),(1305,746),(1306,746),(1308,747),(1309,747),(1310,747),(1311,747),(1312,747),(1313,747),(1314,747),(1315,747),(1317,748),(1318,748),(1319,748),(1320,748),(1321,748),(1322,748),(1323,748),(1324,748),(1326,749),(1327,749),(1328,749),(1329,749),(1330,749),(1331,749),(1332,749),(1333,749),(1335,750),(1336,750),(1337,750),(1338,750),(1339,750),(1340,750),(1341,750),(1342,750),(1344,751),(1345,751),(1346,751),(1347,751),(1348,751),(1349,751),(1350,751),(1351,751),(1353,752),(1354,752),(1355,752),(1356,752),(1357,752),(1358,752),(1359,752),(1360,752),(1362,753),(1363,753),(1364,753),(1365,753),(1366,753),(1367,753),(1368,753),(1369,753),(1371,754),(1372,754),(1373,754),(1374,754),(1375,754),(1376,754),(1377,754),(1378,754),(1380,755),(1381,755),(1382,755),(1383,755),(1384,755),(1385,755),(1386,755),(1387,755),(1389,756),(1390,756),(1391,756),(1392,756),(1393,756),(1394,756),(1395,756),(1396,756),(1398,757),(1399,757),(1400,757),(1401,757),(1402,757),(1403,757),(1404,757),(1405,757),(1407,758),(1408,758),(1409,758),(1410,758),(1411,758),(1412,758),(1413,758),(1414,758),(1416,759),(1417,759),(1418,759),(1419,759),(1420,759),(1421,759),(1422,759),(1423,759),(1425,760),(1426,760),(1427,760),(1428,760),(1429,760),(1430,760),(1431,760),(1432,760),(1434,761),(1435,761),(1436,761),(1437,761),(1438,761),(1439,761),(1440,761),(1441,761),(1443,762),(1444,762),(1445,762),(1446,762),(1447,762),(1448,762),(1449,762),(1450,762),(1452,763),(1453,763),(1454,763),(1455,763),(1456,763),(1457,763),(1458,763),(1459,763),(1461,764),(1462,764),(1464,764),(1465,764),(1466,764),(1467,764),(1468,764),(1470,765),(1471,765),(1473,765),(1474,765),(1475,765),(1476,765),(1477,765),(1479,766),(1480,766),(1482,766),(1483,766),(1484,766),(1485,766),(1486,766),(1488,767),(1489,767),(1491,767),(1492,767),(1493,767),(1494,767),(1495,767),(1497,768),(1498,768),(1500,768),(1501,768),(1502,768),(1503,768),(1504,768),(1506,769),(1507,769),(1509,769),(1510,769),(1511,769),(1512,769),(1513,769),(1515,770),(1516,770),(1518,770),(1519,770),(1520,770),(1521,770),(1522,770),(1524,771),(1525,771),(1527,771),(1528,771),(1529,771),(1530,771),(1531,771),(1533,772),(1534,772),(1536,772),(1537,772),(1538,772),(1539,772),(1540,772),(1542,773),(1543,773),(1545,773),(1546,773),(1547,773),(1548,773),(1549,773),(1551,774),(1552,774),(1554,774),(1555,774),(1556,774),(1557,774),(1558,774),(1560,775),(1561,775),(1563,775),(1564,775),(1565,775),(1566,775),(1567,775),(1569,776),(1570,776),(1572,776),(1573,776),(1574,776),(1575,776),(1576,776),(1578,777),(1579,777),(1581,777),(1582,777),(1583,777),(1584,777),(1585,777),(1587,778),(1588,778),(1590,778),(1591,778),(1592,778),(1593,778),(1594,778),(1596,779),(1597,779),(1599,779),(1600,779),(1601,779),(1602,779),(1603,779),(1605,780),(1606,780),(1608,780),(1609,780),(1610,780),(1611,780),(1612,780),(1614,781),(1615,781),(1617,781),(1618,781),(1619,781),(1620,781),(1621,781),(1623,782),(1624,782),(1626,782),(1627,782),(1628,782),(1629,782),(1630,782),(1632,783),(1633,783),(1635,783),(1636,783),(1637,783),(1638,783),(1639,783),(1641,784),(1642,784),(1644,784),(1645,784),(1646,784),(1647,784),(1648,784),(1650,785),(1651,785),(1653,785),(1654,785),(1655,785),(1656,785),(1657,785),(1659,786),(1660,786),(1662,786),(1663,786),(1664,786),(1665,786),(1666,786),(1668,787),(1669,787),(1671,787),(1672,787),(1673,787),(1674,787),(1675,787),(1677,788),(1678,788),(1680,788),(1681,788),(1682,788),(1683,788),(1684,788),(1686,789),(1687,789),(1689,789),(1690,789),(1691,789),(1692,789),(1693,789),(1695,790),(1696,790),(1698,790),(1699,790),(1700,790),(1701,790),(1702,790),(1704,791),(1705,791),(1707,791),(1708,791),(1709,791),(1710,791),(1711,791),(1713,792),(1714,792),(1716,792),(1717,792),(1718,792),(1719,792),(1720,792),(1722,793),(1723,793),(1725,793),(1726,793),(1727,793),(1728,793),(1729,793),(1731,794),(1732,794),(1734,794),(1735,794),(1736,794),(1737,794),(1738,794),(1740,795),(1741,795),(1743,795),(1744,795),(1745,795),(1746,795),(1747,795),(1749,796),(1750,796),(1752,796),(1753,796),(1754,796),(1755,796),(1756,796),(1758,797),(1759,797),(1761,797),(1762,797),(1763,797),(1764,797),(1765,797),(1767,798),(1768,798),(1770,798),(1771,798),(1772,798),(1773,798),(1774,798),(1776,799),(1777,799),(1779,799),(1780,799),(1781,799),(1782,799),(1783,799),(1785,800),(1786,800),(1788,800),(1789,800),(1790,800),(1791,800),(1792,800),(1794,801),(1795,801),(1797,801),(1798,801),(1799,801),(1800,801),(1801,801),(1803,802),(1804,802),(1806,802),(1807,802),(1808,802),(1809,802),(1810,802),(1812,803),(1813,803),(1815,803),(1816,803),(1817,803),(1818,803),(1819,803),(1821,804),(1822,804),(1824,804),(1825,804),(1826,804),(1827,804),(1828,804),(1830,805),(1831,805),(1833,805),(1834,805),(1835,805),(1836,805),(1837,805),(1839,806),(1840,806),(1842,806),(1843,806),(1844,806),(1845,806),(1846,806),(1848,807),(1849,807),(1851,807),(1852,807),(1853,807),(1854,807),(1855,807),(1857,808),(1858,808),(1860,808),(1861,808),(1862,808),(1863,808),(1864,808),(1866,809),(1867,809),(1869,809),(1870,809),(1871,809),(1872,809),(1873,809),(1875,810),(1876,810),(1878,810),(1879,810),(1880,810),(1881,810),(1882,810),(1884,811),(1885,811),(1887,811),(1888,811),(1889,811),(1890,811),(1891,811),(1893,812),(1894,812),(1896,812),(1897,812),(1898,812),(1899,812),(1900,812),(1902,813),(1903,813),(1905,813),(1906,813),(1907,813),(1908,813),(1909,813),(1911,814),(1912,814),(1914,814),(1915,814),(1916,814),(1917,814),(1918,814),(1920,815),(1921,815),(1923,815),(1924,815),(1925,815),(1926,815),(1927,815),(1929,816),(1930,816),(1932,816),(1933,816),(1934,816),(1935,816),(1936,816),(1938,817),(1939,817),(1941,817),(1942,817),(1943,817),(1944,817),(1945,817),(1947,818),(1948,818),(1950,818),(1951,818),(1952,818),(1953,818),(1954,818),(1956,819),(1957,819),(1959,819),(1960,819),(1961,819),(1962,819),(1963,819),(1965,820),(1966,820),(1968,820),(1969,820),(1970,820),(1971,820),(1972,820),(1974,821),(1975,821),(1977,821),(1978,821),(1979,821),(1980,821),(1981,821),(1983,822),(1984,822),(1986,822),(1987,822),(1988,822),(1989,822),(1990,822),(1992,823),(1993,823),(1995,823),(1996,823),(1997,823),(1998,823),(1999,823),(2001,824),(2002,824),(2004,824),(2005,824),(2006,824),(2007,824),(2008,824),(2010,825),(2011,825),(2013,825),(2014,825),(2015,825),(2016,825),(2017,825),(2019,826),(2020,826),(2022,826),(2023,826),(2024,826),(2025,826),(2026,826),(2028,827),(2029,827),(2031,827),(2032,827),(2033,827),(2034,827),(2035,827),(2037,828),(2038,828),(2040,828),(2041,828),(2042,828),(2043,828),(2044,828),(2046,829),(2047,829),(2049,829),(2050,829),(2051,829),(2052,829),(2053,829),(2055,830),(2056,830),(2058,830),(2059,830),(2060,830),(2061,830),(2062,830),(2064,831),(2065,831),(2067,831),(2068,831),(2069,831),(2070,831),(2071,831),(2073,832),(2074,832),(2076,832),(2077,832),(2078,832),(2079,832),(2080,832),(2082,833),(2083,833),(2085,833),(2086,833),(2087,833),(2088,833),(2089,833),(2091,834),(2092,834),(2094,834),(2095,834),(2096,834),(2097,834),(2098,834),(2100,835),(2101,835),(2103,835),(2104,835),(2105,835),(2106,835),(2107,835),(2109,836),(2110,836),(2112,836),(2113,836),(2114,836),(2115,836),(2116,836),(2118,837),(2119,837),(2121,837),(2122,837),(2123,837),(2124,837),(2125,837),(2127,838),(2128,838),(2130,838),(2131,838),(2132,838),(2133,838),(2134,838),(2136,839),(2137,839),(2139,839),(2140,839),(2141,839),(2142,839),(2143,839),(2145,840),(2146,840),(2148,840),(2149,840),(2150,840),(2151,840),(2152,840),(2154,841),(2155,841),(2157,841),(2158,841),(2159,841),(2160,841),(2161,841),(2163,842),(2164,842),(2166,842),(2167,842),(2168,842),(2169,842),(2170,842),(2172,843),(2173,843),(2175,843),(2176,843),(2177,843),(2178,843),(2179,843),(2181,844),(2182,844),(2184,844),(2185,844),(2186,844),(2187,844),(2188,844),(2190,845),(2191,845),(2193,845),(2194,845),(2195,845),(2196,845),(2197,845),(2199,846),(2200,846),(2202,846),(2203,846),(2204,846),(2205,846),(2206,846),(2208,847),(2209,847),(2211,847),(2212,847),(2213,847),(2214,847),(2215,847),(2217,848),(2218,848),(2220,848),(2221,848),(2222,848),(2223,848),(2224,848),(2226,849),(2227,849),(2229,849),(2230,849),(2231,849),(2232,849),(2233,849),(2235,850),(2236,850),(2238,850),(2239,850),(2240,850),(2241,850),(2242,850),(2244,851),(2245,851),(2247,851),(2248,851),(2249,851),(2250,851),(2251,851),(2253,852),(2254,852),(2256,852),(2257,852),(2258,852),(2259,852),(2260,852),(2262,853),(2263,853),(2265,853),(2266,853),(2267,853),(2268,853),(2269,853),(2271,854),(2272,854),(2274,854),(2275,854),(2276,854),(2277,854),(2278,854),(2280,855),(2281,855),(2283,855),(2284,855),(2285,855),(2286,855),(2287,855),(2289,856),(2290,856),(2292,856),(2293,856),(2294,856),(2295,856),(2296,856),(2298,857),(2299,857),(2301,857),(2302,857),(2303,857),(2304,857),(2305,857),(2307,858),(2308,858),(2310,858),(2311,858),(2312,858),(2313,858),(2314,858),(2316,859),(2317,859),(2319,859),(2320,859),(2321,859),(2322,859),(2323,859),(2325,860),(2326,860),(2328,860),(2329,860),(2330,860),(2331,860),(2332,860),(2334,861),(2335,861),(2337,861),(2338,861),(2339,861),(2340,861),(2341,861),(2343,862),(2344,862),(2346,862),(2347,862),(2348,862),(2349,862),(2350,862),(2352,863),(2353,863),(2355,863),(2356,863),(2357,863),(2358,863),(2359,863),(2361,864),(2362,864),(2364,864),(2365,864),(2366,864),(2367,864),(2368,864),(2370,865),(2371,865),(2373,865),(2374,865),(2375,865),(2376,865),(2377,865),(2379,866),(2380,866),(2382,866),(2383,866),(2384,866),(2385,866),(2386,866),(2388,867),(2389,867),(2391,867),(2392,867),(2393,867),(2394,867),(2395,867),(2397,868),(2398,868),(2400,868),(2401,868),(2402,868),(2403,868),(2404,868),(2406,869),(2407,869),(2409,869),(2410,869),(2411,869),(2412,869),(2413,869),(2415,870),(2416,870),(2418,870),(2419,870),(2420,870),(2421,870),(2422,870),(2424,871),(2425,871),(2427,871),(2428,871),(2429,871),(2430,871),(2431,871),(2433,872),(2434,872),(2436,872),(2437,872),(2438,872),(2439,872),(2440,872),(2442,873),(2443,873),(2445,873),(2446,873),(2447,873),(2448,873),(2449,873),(2451,874),(2452,874),(2454,874),(2455,874),(2456,874),(2457,874),(2458,874),(2460,875),(2461,875),(2463,875),(2464,875),(2465,875),(2466,875),(2467,875),(2469,876),(2470,876),(2472,876),(2473,876),(2474,876),(2475,876),(2476,876),(2478,877),(2479,877),(2481,877),(2482,877),(2483,877),(2484,877),(2485,877),(2487,878),(2488,878),(2490,878),(2491,878),(2492,878),(2493,878),(2494,878),(2496,879),(2497,879),(2499,879),(2500,879),(2501,879),(2502,879),(2503,879),(2505,880),(2506,880),(2508,880),(2509,880),(2510,880),(2511,880),(2512,880),(2514,881),(2515,881),(2517,881),(2518,881),(2519,881),(2520,881),(2521,881),(2523,882),(2524,882),(2526,882),(2527,882),(2528,882),(2529,882),(2530,882),(2532,883),(2533,883),(2535,883),(2536,883),(2537,883),(2538,883),(2539,883),(2541,884),(2542,884),(2544,884),(2545,884),(2546,884),(2547,884),(2548,884),(2550,885),(2551,885),(2553,885),(2554,885),(2555,885),(2556,885),(2557,885),(2559,886),(2560,886),(2562,886),(2563,886),(2564,886),(2565,886),(2566,886),(2568,887),(2569,887),(2571,887),(2572,887),(2573,887),(2574,887),(2575,887),(2577,888),(2578,888),(2580,888),(2581,888),(2582,888),(2583,888),(2584,888),(2586,889),(2587,889),(2589,889),(2590,889),(2591,889),(2592,889),(2593,889),(2595,890),(2596,890),(2598,890),(2599,890),(2600,890),(2601,890),(2602,890),(2604,891),(2605,891),(2607,891),(2608,891),(2609,891),(2610,891),(2611,891),(2613,892),(2614,892),(2616,892),(2617,892),(2618,892),(2619,892),(2620,892),(2622,893),(2623,893),(2625,893),(2626,893),(2627,893),(2628,893),(2629,893),(2631,894),(2632,894),(2634,894),(2635,894),(2636,894),(2637,894),(2638,894),(2640,895),(2641,895),(2643,895),(2644,895),(2645,895),(2646,895),(2647,895),(2649,896),(2650,896),(2652,896),(2653,896),(2654,896),(2655,896),(2656,896),(2658,897),(2659,897),(2661,897),(2662,897),(2663,897),(2664,897),(2665,897),(2667,898),(2668,898),(2670,898),(2671,898),(2672,898),(2673,898),(2674,898),(2676,899),(2677,899),(2679,899),(2680,899),(2681,899),(2682,899),(2683,899),(2685,900),(2686,900),(2688,900),(2689,900),(2690,900),(2691,900),(2692,900),(2694,901),(2695,901),(2697,901),(2698,901),(2699,901),(2700,901),(2701,901),(2703,902),(2704,902),(2706,902),(2707,902),(2708,902),(2709,902),(2710,902),(2712,903),(2713,903),(2715,903),(2716,903),(2717,903),(2718,903),(2719,903),(2721,904),(2722,904),(2724,904),(2725,904),(2726,904),(2727,904),(2728,904),(2730,905),(2731,905),(2733,905),(2734,905),(2735,905),(2736,905),(2737,905),(2739,906),(2740,906),(2742,906),(2743,906),(2744,906),(2745,906),(2746,906),(2748,907),(2749,907),(2751,907),(2752,907),(2753,907),(2754,907),(2755,907),(2757,908),(2758,908),(2760,908),(2761,908),(2762,908),(2763,908),(2764,908),(2766,909),(2767,909),(2769,909),(2770,909),(2771,909),(2772,909),(2773,909),(2775,910),(2776,910),(2778,910),(2779,910),(2780,910),(2781,910),(2782,910),(2784,911),(2785,911),(2787,911),(2788,911),(2789,911),(2790,911),(2791,911),(2793,912),(2794,912),(2796,912),(2797,912),(2798,912),(2799,912),(2800,912),(2802,913),(2803,913),(2805,913),(2806,913),(2807,913),(2808,913),(2809,913),(2811,914),(2812,914),(2814,914),(2815,914),(2816,914),(2817,914),(2818,914),(2820,915),(2821,915),(2823,915),(2824,915),(2825,915),(2826,915),(2827,915),(2829,916),(2830,916),(2832,916),(2833,916),(2834,916),(2835,916),(2836,916),(2838,917),(2839,917),(2841,917),(2842,917),(2843,917),(2844,917),(2845,917),(2847,918),(2848,918),(2850,918),(2851,918),(2852,918),(2853,918),(2854,918),(2856,919),(2857,919),(2859,919),(2860,919),(2861,919),(2862,919),(2863,919),(2865,920),(2866,920),(2868,920),(2869,920),(2870,920),(2871,920),(2872,920),(2874,921),(2875,921),(2877,921),(2878,921),(2879,921),(2880,921),(2881,921),(2883,922),(2884,922),(2886,922),(2887,922),(2888,922),(2889,922),(2890,922),(2892,923),(2893,923),(2895,923),(2896,923),(2897,923),(2898,923),(2899,923),(2901,924),(2902,924),(2904,924),(2905,924),(2906,924),(2907,924),(2908,924),(2910,925),(2911,925),(2913,925),(2914,925),(2915,925),(2916,925),(2917,925),(2919,926),(2920,926),(2922,926),(2923,926),(2924,926),(2925,926),(2926,926),(2928,927),(2929,927),(2931,927),(2932,927),(2933,927),(2934,927),(2935,927),(2937,928),(2938,928),(2940,928),(2941,928),(2942,928),(2943,928),(2944,928),(2946,929),(2947,929),(2949,929),(2950,929),(2951,929),(2952,929),(2953,929),(2955,930),(2956,930),(2958,930),(2959,930),(2960,930),(2961,930),(2962,930),(2964,931),(2965,931),(2967,931),(2968,931),(2969,931),(2970,931),(2971,931),(2973,932),(2974,932),(2976,932),(2977,932),(2978,932),(2979,932),(2980,932),(2982,933),(2983,933),(2985,933),(2986,933),(2987,933),(2988,933),(2989,933),(2991,934),(2992,934),(2994,934),(2995,934),(2996,934),(2997,934),(2998,934),(3000,935),(3001,935),(3003,935),(3004,935),(3005,935),(3006,935),(3007,935),(3009,936),(3010,936),(3012,936),(3013,936),(3014,936),(3015,936),(3016,936),(3018,937),(3019,937),(3021,937),(3022,937),(3023,937),(3024,937),(3025,937),(3027,938),(3028,938),(3030,938),(3031,938),(3032,938),(3033,938),(3034,938),(3036,939),(3037,939),(3039,939),(3040,939),(3041,939),(3042,939),(3043,939),(3045,940),(3046,940),(3048,940),(3049,940),(3050,940),(3051,940),(3052,940),(3054,941),(3055,941),(3057,941),(3058,941),(3059,941),(3060,941),(3061,941),(3063,942),(3064,942),(3066,942),(3067,942),(3068,942),(3069,942),(3070,942),(3072,943),(3073,943),(3075,943),(3076,943),(3077,943),(3078,943),(3079,943),(3081,944),(3082,944),(3084,944),(3085,944),(3086,944),(3087,944),(3088,944),(3090,945),(3091,945),(3093,945),(3094,945),(3095,945),(3096,945),(3097,945),(3099,946),(3100,946),(3102,946),(3103,946),(3104,946),(3105,946),(3106,946),(3108,947),(3109,947),(3111,947),(3112,947),(3113,947),(3114,947),(3115,947),(3117,948),(3118,948),(3120,948),(3121,948),(3122,948),(3123,948),(3124,948),(3126,949),(3127,949),(3129,949),(3130,949),(3131,949),(3132,949),(3133,949),(3135,950),(3136,950),(3138,950),(3139,950),(3140,950),(3141,950),(3142,950),(3144,951),(3145,951),(3147,951),(3148,951),(3149,951),(3150,951),(3151,951),(3153,952),(3154,952),(3156,952),(3157,952),(3158,952),(3159,952),(3160,952),(3162,953),(3163,953),(3165,953),(3166,953),(3167,953),(3168,953),(3169,953),(3171,954),(3172,954),(3174,954),(3175,954),(3176,954),(3177,954),(3178,954),(3180,955),(3181,955),(3183,955),(3184,955),(3185,955),(3186,955),(3187,955),(3189,956),(3190,956),(3192,956),(3193,956),(3194,956),(3195,956),(3196,956),(3198,957),(3199,957),(3201,957),(3202,957),(3203,957),(3204,957),(3205,957),(3207,958),(3208,958),(3210,958),(3211,958),(3212,958),(3213,958),(3214,958),(3216,959),(3217,959),(3219,959),(3220,959),(3221,959),(3222,959),(3223,959),(3225,960),(3226,960),(3228,960),(3229,960),(3230,960),(3231,960),(3232,960),(3234,961),(3235,961),(3237,961),(3238,961),(3239,961),(3240,961),(3241,961),(3243,962),(3244,962),(3246,962),(3247,962),(3248,962),(3249,962),(3250,962),(3252,963),(3253,963),(3255,963),(3256,963),(3257,963),(3258,963),(3259,963),(3261,964),(3262,964),(3264,964),(3265,964),(3266,964),(3267,964),(3268,964),(3270,965),(3271,965),(3273,965),(3274,965),(3275,965),(3276,965),(3277,965),(3279,966),(3280,966),(3282,966),(3283,966),(3284,966),(3285,966),(3286,966),(3288,967),(3289,967),(3291,967),(3292,967),(3293,967),(3294,967),(3295,967),(3297,968),(3298,968),(3300,968),(3301,968),(3302,968),(3303,968),(3304,968),(3306,969),(3307,969),(3309,969),(3310,969),(3311,969),(3312,969),(3313,969),(3315,970),(3316,970),(3318,970),(3319,970),(3320,970),(3321,970),(3322,970),(3324,971),(3325,971),(3327,971),(3328,971),(3329,971),(3330,971),(3331,971),(3333,972),(3334,972),(3336,972),(3337,972),(3338,972),(3339,972),(3340,972),(3342,973),(3343,973),(3345,973),(3346,973),(3347,973),(3348,973),(3349,973),(3351,974),(3352,974),(3354,974),(3355,974),(3356,974),(3357,974),(3358,974),(3360,975),(3361,975),(3363,975),(3364,975),(3365,975),(3366,975),(3367,975),(3369,976),(3370,976),(3372,976),(3373,976),(3374,976),(3375,976),(3376,976),(3378,977),(3379,977),(3381,977),(3382,977),(3383,977),(3384,977),(3385,977),(3387,978),(3388,978),(3390,978),(3391,978),(3392,978),(3393,978),(3394,978),(3396,979),(3397,979),(3399,979),(3400,979),(3401,979),(3402,979),(3403,979),(3405,980),(3406,980),(3408,980),(3409,980),(3410,980),(3411,980),(3412,980),(3414,981),(3415,981),(3417,981),(3418,981),(3419,981),(3420,981),(3421,981),(3423,982),(3424,982),(3426,982),(3427,982),(3428,982),(3429,982),(3430,982),(3432,983),(3433,983),(3435,983),(3436,983),(3437,983),(3438,983),(3439,983),(3441,984),(3442,984),(3444,984),(3445,984),(3446,984),(3447,984),(3448,984),(3450,985),(3451,985),(3453,985),(3454,985),(3455,985),(3456,985),(3457,985),(3459,986),(3460,986),(3462,986),(3463,986),(3464,986),(3465,986),(3466,986),(3468,987),(3469,987),(3471,987),(3472,987),(3473,987),(3474,987),(3475,987),(3477,988),(3478,988),(3480,988),(3481,988),(3482,988),(3483,988),(3484,988),(3486,989),(3487,989),(3489,989),(3490,989),(3491,989),(3492,989),(3493,989),(3495,990),(3496,990),(3498,990),(3499,990),(3500,990),(3501,990),(3502,990),(3504,991),(3505,991),(3507,991),(3508,991),(3509,991),(3510,991),(3511,991),(3513,992),(3514,992),(3516,992),(3517,992),(3518,992),(3519,992),(3520,992),(3522,993),(3523,993),(3525,993),(3526,993),(3527,993),(3528,993),(3529,993),(3531,994),(3532,994),(3534,994),(3535,994),(3536,994),(3537,994),(3538,994),(3540,995),(3541,995),(3543,995),(3544,995),(3545,995),(3546,995),(3547,995),(3549,996),(3550,996),(3552,996),(3553,996),(3554,996),(3555,996),(3556,996),(3558,997),(3559,997),(3561,997),(3562,997),(3563,997),(3564,997),(3565,997),(3567,998),(3568,998),(3570,998),(3571,998),(3572,998),(3573,998),(3574,998),(3576,999),(3577,999),(3579,999),(3580,999),(3581,999),(3582,999),(3583,999),(3585,1000),(3586,1000),(3588,1000),(3589,1000),(3590,1000),(3591,1000),(3592,1000),(3594,1001),(3595,1001),(3597,1001),(3598,1001),(3599,1001),(3600,1001),(3601,1001),(3603,1002),(3604,1002),(3606,1002),(3607,1002),(3608,1002),(3609,1002),(3610,1002),(3612,1003),(3613,1003),(3615,1003),(3616,1003),(3617,1003),(3618,1003),(3619,1003),(3621,1004),(3622,1004),(3624,1004),(3625,1004),(3626,1004),(3627,1004),(3628,1004),(3630,1005),(3631,1005),(3633,1005),(3634,1005),(3635,1005),(3636,1005),(3637,1005),(3639,1006),(3640,1006),(3642,1006),(3643,1006),(3644,1006),(3645,1006),(3646,1006),(3648,1007),(3649,1007),(3651,1007),(3652,1007),(3653,1007),(3654,1007),(3655,1007),(3657,1008),(3658,1008),(3660,1008),(3661,1008),(3662,1008),(3663,1008),(3664,1008),(3666,1009),(3667,1009),(3669,1009),(3670,1009),(3671,1009),(3672,1009),(3673,1009),(3675,1010),(3676,1010),(3678,1010),(3679,1010),(3680,1010),(3681,1010),(3682,1010),(3684,1011),(3685,1011),(3687,1011),(3688,1011),(3689,1011),(3690,1011),(3691,1011),(3693,1012),(3694,1012),(3696,1012),(3697,1012),(3698,1012),(3699,1012),(3700,1012),(3702,1013),(3703,1013),(3705,1013),(3706,1013),(3707,1013),(3708,1013),(3709,1013),(3711,1014),(3712,1014),(3714,1014),(3715,1014),(3716,1014),(3717,1014),(3718,1014),(3720,1015),(3721,1015),(3723,1015),(3724,1015),(3725,1015),(3726,1015),(3727,1015),(3729,1016),(3730,1016),(3732,1016),(3733,1016),(3734,1016),(3735,1016),(3736,1016),(3738,1017),(3739,1017),(3741,1017),(3742,1017),(3743,1017),(3744,1017),(3745,1017),(3747,1018),(3748,1018),(3750,1018),(3751,1018),(3752,1018),(3753,1018),(3754,1018),(3756,1019),(3757,1019),(3759,1019),(3760,1019),(3761,1019),(3762,1019),(3763,1019),(3765,1020),(3766,1020),(3768,1020),(3769,1020),(3770,1020),(3771,1020),(3772,1020),(3774,1021),(3775,1021),(3777,1021),(3778,1021),(3779,1021),(3780,1021),(3781,1021),(3783,1022),(3784,1022),(3786,1022),(3787,1022),(3788,1022),(3789,1022),(3790,1022),(3792,1023),(3793,1023),(3795,1023),(3796,1023),(3797,1023),(3798,1023),(3799,1023),(3801,1024),(3802,1024),(3804,1024),(3805,1024),(3806,1024),(3807,1024),(3808,1024),(3810,1025),(3811,1025),(3813,1025),(3814,1025),(3815,1025),(3816,1025),(3817,1025),(3819,1026),(3820,1026),(3822,1026),(3823,1026),(3824,1026),(3825,1026),(3826,1026),(3828,1027),(3829,1027),(3831,1027),(3832,1027),(3833,1027),(3834,1027),(3835,1027),(3837,1028),(3838,1028),(3840,1028),(3841,1028),(3842,1028),(3843,1028),(3844,1028),(3846,1029),(3847,1029),(3849,1029),(3850,1029),(3851,1029),(3852,1029),(3853,1029),(3855,1030),(3856,1030),(3858,1030),(3859,1030),(3860,1030),(3861,1030),(3862,1030),(3864,1031),(3865,1031),(3867,1031),(3868,1031),(3869,1031),(3870,1031),(3871,1031),(3873,1032),(3874,1032),(3876,1032),(3877,1032),(3878,1032),(3879,1032),(3880,1032),(3882,1033),(3883,1033),(3885,1033),(3886,1033),(3887,1033),(3888,1033),(3889,1033),(3891,1034),(3892,1034),(3894,1034),(3895,1034),(3896,1034),(3897,1034),(3898,1034),(3900,1035),(3901,1035),(3903,1035),(3904,1035),(3905,1035),(3906,1035),(3907,1035),(3909,1036),(3910,1036),(3912,1036),(3913,1036),(3914,1036),(3915,1036),(3916,1036),(3918,1037),(3919,1037),(3921,1037),(3922,1037),(3923,1037),(3924,1037),(3925,1037),(3927,1038),(3928,1038),(3930,1038),(3931,1038),(3932,1038),(3933,1038),(3934,1038),(3936,1039),(3937,1039),(3939,1039),(3940,1039),(3941,1039),(3942,1039),(3943,1039),(3945,1040),(3946,1040),(3948,1040),(3949,1040),(3950,1040),(3951,1040),(3952,1040),(3954,1041),(3955,1041),(3957,1041),(3958,1041),(3959,1041),(3960,1041),(3961,1041),(3963,1042),(3964,1042),(3966,1042),(3967,1042),(3968,1042),(3969,1042),(3970,1042),(3972,1043),(3973,1043),(3975,1043),(3976,1043),(3977,1043),(3978,1043),(3979,1043),(3981,1044),(3982,1044),(3984,1044),(3985,1044),(3986,1044),(3987,1044),(3988,1044),(3990,1045),(3991,1045),(3993,1045),(3994,1045),(3995,1045),(3996,1045),(3997,1045),(3999,1046),(4000,1046),(4002,1046),(4003,1046),(4004,1046),(4005,1046),(4006,1046),(4008,1047),(4009,1047),(4011,1047),(4012,1047),(4013,1047),(4014,1047),(4015,1047),(4017,1048),(4018,1048),(4020,1048),(4021,1048),(4022,1048),(4023,1048),(4024,1048),(4026,1049),(4027,1049),(4029,1049),(4030,1049),(4031,1049),(4032,1049),(4033,1049),(4035,1050),(4036,1050),(4038,1050),(4039,1050),(4040,1050),(4041,1050),(4042,1050),(4044,1051),(4045,1051),(4047,1051),(4048,1051),(4049,1051),(4050,1051),(4051,1051),(4053,1052),(4054,1052),(4056,1052),(4057,1052),(4058,1052),(4059,1052),(4060,1052),(4062,1053),(4063,1053),(4065,1053),(4066,1053),(4067,1053),(4068,1053),(4069,1053),(4071,1054),(4072,1054),(4074,1054),(4075,1054),(4076,1054),(4077,1054),(4078,1054),(4080,1055),(4081,1055),(4083,1055),(4084,1055),(4085,1055),(4086,1055),(4087,1055),(4089,1056),(4090,1056),(4092,1056),(4093,1056),(4094,1056),(4095,1056),(4096,1056),(4098,1057),(4099,1057),(4101,1057),(4102,1057),(4103,1057),(4104,1057),(4105,1057),(4107,1058),(4108,1058),(4110,1058),(4111,1058),(4112,1058),(4113,1058),(4114,1058),(4116,1059),(4117,1059),(4119,1059),(4120,1059),(4121,1059),(4122,1059),(4123,1059),(4125,1060),(4126,1060),(4128,1060),(4129,1060),(4130,1060),(4131,1060),(4132,1060),(4134,1061),(4135,1061),(4137,1061),(4138,1061),(4139,1061),(4140,1061),(4141,1061),(4143,1062),(4144,1062),(4146,1062),(4147,1062),(4148,1062),(4149,1062),(4150,1062),(4152,1063),(4153,1063),(4155,1063),(4156,1063),(4157,1063),(4158,1063),(4159,1063),(4161,1064),(4162,1064),(4164,1064),(4165,1064),(4166,1064),(4167,1064),(4168,1064),(4170,1065),(4171,1065),(4173,1065),(4174,1065),(4175,1065),(4176,1065),(4177,1065),(4179,1066),(4180,1066),(4182,1066),(4183,1066),(4184,1066),(4185,1066),(4186,1066),(4188,1067),(4189,1067),(4191,1067),(4192,1067),(4193,1067),(4194,1067),(4195,1067),(4197,1068),(4198,1068),(4200,1068),(4201,1068),(4202,1068),(4203,1068),(4204,1068),(4206,1069),(4207,1069),(4209,1069),(4210,1069),(4211,1069),(4212,1069),(4213,1069),(4215,1070),(4216,1070),(4218,1070),(4219,1070),(4220,1070),(4221,1070),(4222,1070),(4224,1071),(4225,1071),(4227,1071),(4228,1071),(4229,1071),(4230,1071),(4231,1071),(4233,1072),(4234,1072),(4236,1072),(4237,1072),(4238,1072),(4239,1072),(4240,1072),(4242,1073),(4243,1073),(4245,1073),(4246,1073),(4247,1073),(4248,1073),(4249,1073),(4251,1074),(4252,1074),(4254,1074),(4255,1074),(4256,1074),(4257,1074),(4258,1074),(4260,1075),(4261,1075),(4263,1075),(4264,1075),(4265,1075),(4266,1075),(4267,1075),(4269,1076),(4270,1076),(4272,1076),(4273,1076),(4274,1076),(4275,1076),(4276,1076),(4278,1077),(4279,1077),(4281,1077),(4282,1077),(4283,1077),(4284,1077),(4285,1077),(4287,1078),(4288,1078),(4290,1078),(4291,1078),(4292,1078),(4293,1078),(4294,1078),(4296,1079),(4297,1079),(4299,1079),(4300,1079),(4301,1079),(4302,1079),(4303,1079),(4305,1080),(4306,1080),(4308,1080),(4309,1080),(4310,1080),(4311,1080),(4312,1080),(4314,1081),(4315,1081),(4317,1081),(4318,1081),(4319,1081),(4320,1081),(4321,1081),(4323,1082),(4324,1082),(4326,1082),(4327,1082),(4328,1082),(4329,1082),(4330,1082),(4332,1083),(4333,1083),(4335,1083),(4336,1083),(4337,1083),(4338,1083),(4339,1083),(4341,1084),(4342,1084),(4344,1084),(4345,1084),(4346,1084),(4347,1084),(4348,1084),(4350,1085),(4351,1085),(4353,1085),(4354,1085),(4355,1085),(4356,1085),(4357,1085),(4359,1086),(4360,1086),(4362,1086),(4363,1086),(4364,1086),(4365,1086),(4366,1086),(4368,1087),(4369,1087),(4371,1087),(4372,1087),(4373,1087),(4374,1087),(4375,1087),(4377,1088),(4378,1088),(4380,1088),(4381,1088),(4382,1088),(4383,1088),(4384,1088),(4386,1089),(4387,1089),(4389,1089),(4390,1089),(4391,1089),(4392,1089),(4393,1089),(4395,1090),(4396,1090),(4398,1090),(4399,1090),(4400,1090),(4401,1090),(4402,1090),(4404,1091),(4405,1091),(4407,1091),(4408,1091),(4409,1091),(4410,1091),(4411,1091),(4413,1092),(4414,1092),(4416,1092),(4417,1092),(4418,1092),(4419,1092),(4420,1092),(4422,1093),(4423,1093),(4425,1093),(4426,1093),(4427,1093),(4428,1093),(4429,1093),(4431,1094),(4432,1094),(4434,1094),(4435,1094),(4436,1094),(4437,1094),(4438,1094),(4440,1095),(4441,1095),(4443,1095),(4444,1095),(4445,1095),(4446,1095),(4447,1095),(4449,1096),(4450,1096),(4452,1096),(4453,1096),(4454,1096),(4455,1096),(4456,1096),(4458,1097),(4459,1097),(4461,1097),(4462,1097),(4463,1097),(4464,1097),(4465,1097),(4467,1098),(4468,1098),(4470,1098),(4471,1098),(4472,1098),(4473,1098),(4474,1098),(4476,1099),(4477,1099),(4479,1099),(4480,1099),(4481,1099),(4482,1099),(4483,1099),(4485,1100),(4486,1100),(4488,1100),(4489,1100),(4490,1100),(4491,1100),(4492,1100),(4494,1101),(4495,1101),(4497,1101),(4498,1101),(4499,1101),(4500,1101),(4501,1101),(4503,1102),(4504,1102),(4506,1102),(4507,1102),(4508,1102),(4509,1102),(4510,1102),(4512,1103),(4513,1103),(4515,1103),(4516,1103),(4517,1103),(4518,1103),(4519,1103),(4521,1104),(4522,1104),(4524,1104),(4525,1104),(4526,1104),(4527,1104),(4528,1104),(4530,1105),(4531,1105),(4533,1105),(4534,1105),(4535,1105),(4536,1105),(4537,1105),(4539,1106),(4540,1106),(4542,1106),(4543,1106),(4544,1106),(4545,1106),(4546,1106),(4548,1107),(4549,1107),(4551,1107),(4552,1107),(4553,1107),(4554,1107),(4555,1107),(4557,1108),(4558,1108),(4560,1108),(4561,1108),(4562,1108),(4563,1108),(4564,1108),(4566,1109),(4567,1109),(4569,1109),(4570,1109),(4571,1109),(4572,1109),(4573,1109),(4575,1110),(4576,1110),(4578,1110),(4579,1110),(4580,1110),(4581,1110),(4582,1110),(4584,1111),(4585,1111),(4587,1111),(4588,1111),(4589,1111),(4590,1111),(4591,1111),(4593,1112),(4594,1112),(4596,1112),(4597,1112),(4598,1112),(4599,1112),(4600,1112),(4602,1113),(4603,1113),(4605,1113),(4606,1113),(4607,1113),(4608,1113),(4609,1113),(4611,1114),(4612,1114),(4614,1114),(4615,1114),(4616,1114),(4617,1114),(4618,1114),(4620,1115),(4621,1115),(4623,1115),(4624,1115),(4625,1115),(4626,1115),(4627,1115),(4629,1116),(4630,1116),(4632,1116),(4633,1116),(4634,1116),(4635,1116),(4636,1116),(4638,1117),(4639,1117),(4641,1117),(4642,1117),(4643,1117),(4644,1117),(4645,1117),(4647,1118),(4648,1118),(4650,1118),(4651,1118),(4652,1118),(4653,1118),(4654,1118),(4656,1119),(4657,1119),(4659,1119),(4660,1119),(4661,1119),(4662,1119),(4663,1119),(4665,1120),(4666,1120),(4668,1120),(4669,1120),(4670,1120),(4671,1120),(4672,1120),(4674,1121),(4675,1121),(4677,1121),(4678,1121),(4679,1121),(4680,1121),(4681,1121),(4683,1122),(4684,1122),(4686,1122),(4687,1122),(4688,1122),(4689,1122),(4690,1122),(4692,1123),(4693,1123),(4695,1123),(4696,1123),(4697,1123),(4698,1123),(4699,1123),(4701,1124),(4702,1124),(4704,1124),(4705,1124),(4706,1124),(4707,1124),(4708,1124),(4710,1125),(4711,1125),(4713,1125),(4714,1125),(4715,1125),(4716,1125),(4717,1125),(4719,1126),(4720,1126),(4722,1126),(4723,1126),(4724,1126),(4725,1126),(4726,1126),(4728,1127),(4729,1127),(4731,1127),(4732,1127),(4733,1127),(4734,1127),(4735,1127),(4737,1128),(4738,1128),(4740,1128),(4741,1128),(4742,1128),(4743,1128),(4744,1128),(4746,1129),(4747,1129),(4749,1129),(4750,1129),(4751,1129),(4752,1129),(4753,1129),(4755,1130),(4756,1130),(4758,1130),(4759,1130),(4760,1130),(4761,1130),(4762,1130),(4764,1131),(4765,1131),(4767,1131),(4768,1131),(4769,1131),(4770,1131),(4771,1131),(4773,1132),(4774,1132),(4776,1132),(4777,1132),(4778,1132),(4779,1132),(4780,1132),(4782,1133),(4783,1133),(4785,1133),(4786,1133),(4787,1133),(4788,1133),(4789,1133),(4791,1134),(4792,1134),(4794,1134),(4795,1134),(4796,1134),(4797,1134),(4798,1134),(4800,1135),(4801,1135),(4803,1135),(4804,1135),(4805,1135),(4806,1135),(4807,1135),(4809,1136),(4810,1136),(4812,1136),(4813,1136),(4814,1136),(4815,1136),(4816,1136),(4818,1137),(4819,1137),(4821,1137),(4822,1137),(4823,1137),(4824,1137),(4825,1137),(4827,1138),(4828,1138),(4830,1138),(4831,1138),(4832,1138),(4833,1138),(4834,1138),(4836,1139),(4837,1139),(4839,1139),(4840,1139),(4841,1139),(4842,1139),(4843,1139),(4845,1140),(4846,1140),(4848,1140),(4849,1140),(4850,1140),(4851,1140),(4852,1140),(4854,1141),(4855,1141),(4857,1141),(4858,1141),(4859,1141),(4860,1141),(4861,1141),(4863,1142),(4864,1142),(4866,1142),(4867,1142),(4868,1142),(4869,1142),(4870,1142),(4872,1143),(4873,1143),(4875,1143),(4876,1143),(4877,1143),(4878,1143),(4879,1143),(4881,1144),(4882,1144),(4884,1144),(4885,1144),(4886,1144),(4887,1144),(4888,1144),(4890,1145),(4891,1145),(4893,1145),(4894,1145),(4895,1145),(4896,1145),(4897,1145),(4899,1146),(4900,1146),(4902,1146),(4903,1146),(4904,1146),(4905,1146),(4906,1146),(4908,1147),(4909,1147),(4911,1147),(4912,1147),(4913,1147),(4914,1147),(4915,1147),(4917,1148),(4918,1148),(4920,1148),(4921,1148),(4922,1148),(4923,1148),(4924,1148),(4926,1149),(4927,1149),(4929,1149),(4930,1149),(4931,1149),(4932,1149),(4933,1149),(4935,1150),(4936,1150),(4938,1150),(4939,1150),(4940,1150),(4941,1150),(4942,1150),(4944,1151),(4945,1151),(4947,1151),(4948,1151),(4949,1151),(4950,1151),(4951,1151),(4953,1152),(4954,1152),(4956,1152),(4957,1152),(4958,1152),(4959,1152),(4960,1152),(4962,1153),(4963,1153),(4965,1153),(4966,1153),(4967,1153),(4968,1153),(4969,1153),(4971,1154),(4972,1154),(4974,1154),(4975,1154),(4976,1154),(4977,1154),(4978,1154),(4980,1155),(4981,1155),(4983,1155),(4984,1155),(4985,1155),(4986,1155),(4987,1155),(4989,1156),(4990,1156),(4992,1156),(4993,1156),(4994,1156),(4995,1156),(4996,1156),(4998,1157),(4999,1157),(5001,1157),(5002,1157),(5003,1157),(5004,1157),(5005,1157),(5007,1158),(5008,1158),(5010,1158),(5011,1158),(5012,1158),(5013,1158),(5014,1158),(5016,1159),(5017,1159),(5019,1159),(5020,1159),(5021,1159),(5022,1159),(5023,1159),(5025,1160),(5026,1160),(5028,1160),(5029,1160),(5030,1160),(5031,1160),(5032,1160),(5034,1161),(5035,1161),(5037,1161),(5038,1161),(5039,1161),(5040,1161),(5041,1161),(5043,1162),(5044,1162),(5046,1162),(5047,1162),(5048,1162),(5049,1162),(5050,1162),(5052,1163),(5053,1163),(5055,1163),(5056,1163),(5057,1163),(5058,1163),(5059,1163),(5061,1164),(5062,1164),(5064,1164),(5065,1164),(5066,1164),(5067,1164),(5068,1164),(5070,1165),(5071,1165),(5073,1165),(5074,1165),(5075,1165),(5076,1165),(5077,1165),(5079,1166),(5080,1166),(5082,1166),(5083,1166),(5084,1166),(5085,1166),(5086,1166),(5088,1167),(5089,1167),(5091,1167),(5092,1167),(5093,1167),(5094,1167),(5095,1167),(5097,1168),(5098,1168),(5100,1168),(5101,1168),(5102,1168),(5103,1168),(5104,1168),(5106,1169),(5107,1169),(5109,1169),(5110,1169),(5111,1169),(5112,1169),(5113,1169),(5115,1170),(5116,1170),(5118,1170),(5119,1170),(5120,1170),(5121,1170),(5122,1170),(5124,1171),(5125,1171),(5127,1171),(5128,1171),(5129,1171),(5130,1171),(5131,1171),(5133,1172),(5134,1172),(5136,1172),(5137,1172),(5138,1172),(5139,1172),(5140,1172),(5142,1173),(5143,1173),(5145,1173),(5146,1173),(5147,1173),(5148,1173),(5149,1173),(5151,1174),(5152,1174),(5154,1174),(5155,1174),(5156,1174),(5157,1174),(5158,1174),(5160,1175),(5161,1175),(5163,1175),(5164,1175),(5165,1175),(5166,1175),(5167,1175),(5169,1176),(5170,1176),(5172,1176),(5173,1176),(5174,1176),(5175,1176),(5176,1176),(5178,1177),(5179,1177),(5181,1177),(5182,1177),(5183,1177),(5184,1177),(5185,1177),(5187,1178),(5188,1178),(5190,1178),(5191,1178),(5192,1178),(5193,1178),(5194,1178),(5196,1179),(5197,1179),(5199,1179),(5200,1179),(5201,1179),(5202,1179),(5203,1179),(5205,1180),(5206,1180),(5208,1180),(5209,1180),(5210,1180),(5211,1180),(5212,1180),(5214,1181),(5215,1181),(5217,1181),(5218,1181),(5219,1181),(5220,1181),(5221,1181),(5223,1182),(5224,1182),(5226,1182),(5227,1182),(5228,1182),(5229,1182),(5230,1182),(5232,1183),(5233,1183),(5235,1183),(5236,1183),(5237,1183),(5238,1183),(5239,1183),(5241,1184),(5242,1184),(5244,1184),(5245,1184),(5246,1184),(5247,1184),(5248,1184),(5250,1185),(5251,1185),(5253,1185),(5254,1185),(5255,1185),(5256,1185),(5257,1185),(5259,1186),(5260,1186),(5262,1186),(5263,1186),(5264,1186),(5265,1186),(5266,1186),(5268,1187),(5269,1187),(5271,1187),(5272,1187),(5273,1187),(5274,1187),(5275,1187),(5277,1188),(5278,1188),(5280,1188),(5281,1188),(5282,1188),(5283,1188),(5284,1188),(5286,1189),(5287,1189),(5289,1189),(5290,1189),(5291,1189),(5292,1189),(5293,1189),(5295,1190),(5296,1190),(5298,1190),(5299,1190),(5300,1190),(5301,1190),(5302,1190),(5304,1191),(5305,1191),(5307,1191),(5308,1191),(5309,1191),(5310,1191),(5311,1191),(5313,1192),(5314,1192),(5316,1192),(5317,1192),(5318,1192),(5319,1192),(5320,1192),(5322,1193),(5323,1193),(5325,1193),(5326,1193),(5327,1193),(5328,1193),(5329,1193),(5331,1194),(5332,1194),(5334,1194),(5335,1194),(5336,1194),(5337,1194),(5338,1194),(5340,1195),(5341,1195),(5343,1195),(5344,1195),(5345,1195),(5346,1195),(5347,1195),(5349,1196),(5350,1196),(5352,1196),(5353,1196),(5354,1196),(5355,1196),(5356,1196),(5358,1197),(5359,1197),(5361,1197),(5362,1197),(5363,1197),(5364,1197),(5365,1197),(5367,1198),(5368,1198),(5370,1198),(5371,1198),(5372,1198),(5373,1198),(5374,1198),(5376,1199),(5377,1199),(5379,1199),(5380,1199),(5381,1199),(5382,1199),(5383,1199),(5385,1200),(5386,1200),(5388,1200),(5389,1200),(5390,1200),(5391,1200),(5392,1200),(5394,1201),(5395,1201),(5397,1201),(5398,1201),(5399,1201),(5400,1201),(5401,1201),(5403,1202),(5404,1202),(5406,1202),(5407,1202),(5408,1202),(5409,1202),(5410,1202),(5412,1203),(5413,1203),(5415,1203),(5416,1203),(5417,1203),(5418,1203),(5419,1203),(5421,1204),(5422,1204),(5424,1204),(5425,1204),(5426,1204),(5427,1204),(5428,1204),(5430,1205),(5431,1205),(5433,1205),(5434,1205),(5435,1205),(5436,1205),(5437,1205),(5439,1206),(5440,1206),(5442,1206),(5443,1206),(5444,1206),(5445,1206),(5446,1206),(5448,1207),(5449,1207),(5451,1207),(5452,1207),(5453,1207),(5454,1207),(5455,1207),(5457,1208),(5458,1208),(5460,1208),(5461,1208),(5462,1208),(5463,1208),(5464,1208),(5466,1209),(5467,1209),(5469,1209),(5470,1209),(5471,1209),(5472,1209),(5473,1209),(5475,1210),(5476,1210),(5478,1210),(5479,1210),(5480,1210),(5481,1210),(5482,1210),(5484,1211),(5485,1211),(5487,1211),(5488,1211),(5489,1211),(5490,1211),(5491,1211),(5493,1212),(5494,1212),(5496,1212),(5497,1212),(5498,1212),(5499,1212),(5500,1212),(5502,1213),(5503,1213),(5505,1213),(5506,1213),(5507,1213),(5508,1213),(5509,1213),(5511,1214),(5512,1214),(5514,1214),(5515,1214),(5516,1214),(5517,1214),(5518,1214),(5520,1215),(5521,1215),(5523,1215),(5524,1215),(5525,1215),(5526,1215),(5527,1215),(5529,1216),(5530,1216),(5532,1216),(5533,1216),(5534,1216),(5535,1216),(5536,1216),(5538,1217),(5539,1217),(5541,1217),(5542,1217),(5543,1217),(5544,1217),(5545,1217),(5547,1218),(5548,1218),(5550,1218),(5551,1218),(5552,1218),(5553,1218),(5554,1218),(5556,1219),(5557,1219),(5559,1219),(5560,1219),(5561,1219),(5562,1219),(5563,1219),(5565,1220),(5566,1220),(5568,1220),(5569,1220),(5570,1220),(5571,1220),(5572,1220),(5574,1221),(5575,1221),(5577,1221),(5578,1221),(5579,1221),(5580,1221),(5581,1221),(5583,1222),(5584,1222),(5586,1222),(5587,1222),(5588,1222),(5589,1222),(5590,1222),(5592,1223),(5593,1223),(5595,1223),(5596,1223),(5597,1223),(5598,1223),(5599,1223),(5601,1224),(5602,1224),(5604,1224),(5605,1224),(5606,1224),(5607,1224),(5608,1224),(5610,1225),(5611,1225),(5613,1225),(5614,1225),(5615,1225),(5616,1225),(5617,1225),(5619,1226),(5620,1226),(5622,1226),(5623,1226),(5624,1226),(5625,1226),(5626,1226),(5628,1227),(5629,1227),(5631,1227),(5632,1227),(5633,1227),(5634,1227),(5635,1227),(5637,1228),(5638,1228),(5640,1228),(5641,1228),(5642,1228),(5643,1228),(5644,1228),(5646,1229),(5647,1229),(5649,1229),(5650,1229),(5651,1229),(5652,1229),(5653,1229),(5655,1230),(5656,1230),(5658,1230),(5659,1230),(5660,1230),(5661,1230),(5662,1230),(5664,1231),(5665,1231),(5667,1231),(5668,1231),(5669,1231),(5670,1231),(5671,1231),(5673,1232),(5674,1232),(5676,1232),(5677,1232),(5678,1232),(5679,1232),(5680,1232),(5682,1233),(5683,1233),(5685,1233),(5686,1233),(5687,1233),(5688,1233),(5689,1233),(5691,1234),(5692,1234),(5694,1234),(5695,1234),(5696,1234),(5697,1234),(5698,1234),(5700,1235),(5701,1235),(5703,1235),(5704,1235),(5705,1235),(5706,1235),(5707,1235),(5709,1236),(5710,1236),(5712,1236),(5713,1236),(5714,1236),(5715,1236),(5716,1236),(5718,1237),(5719,1237),(5721,1237),(5722,1237),(5723,1237),(5724,1237),(5725,1237),(5727,1238),(5728,1238),(5730,1238),(5731,1238),(5732,1238),(5733,1238),(5734,1238),(5736,1239),(5737,1239),(5739,1239),(5740,1239),(5741,1239),(5742,1239),(5743,1239),(5745,1240),(5746,1240),(5748,1240),(5749,1240),(5750,1240),(5751,1240),(5752,1240),(5754,1241),(5755,1241),(5757,1241),(5758,1241),(5759,1241),(5760,1241),(5761,1241),(5763,1242),(5764,1242),(5766,1242),(5767,1242),(5768,1242),(5769,1242),(5770,1242),(5772,1243),(5773,1243),(5775,1243),(5776,1243),(5777,1243),(5778,1243),(5779,1243),(5781,1244),(5782,1244),(5784,1244),(5785,1244),(5786,1244),(5787,1244),(5788,1244),(5790,1245),(5791,1245),(5793,1245),(5794,1245),(5795,1245),(5796,1245),(5797,1245),(5799,1246),(5800,1246),(5802,1246),(5803,1246),(5804,1246),(5805,1246),(5806,1246),(5808,1247),(5809,1247),(5811,1247),(5812,1247),(5813,1247),(5814,1247),(5815,1247),(5817,1248),(5818,1248),(5820,1248),(5821,1248),(5822,1248),(5823,1248),(5824,1248),(5826,1249),(5827,1249),(5829,1249),(5830,1249),(5831,1249),(5832,1249),(5833,1249),(5835,1250),(5836,1250),(5838,1250),(5839,1250),(5840,1250),(5841,1250),(5842,1250),(5844,1251),(5845,1251),(5847,1251),(5848,1251),(5849,1251),(5850,1251),(5851,1251),(5853,1252),(5854,1252),(5856,1252),(5857,1252),(5858,1252),(5859,1252),(5860,1252),(5862,1253),(5863,1253),(5865,1253),(5866,1253),(5867,1253),(5868,1253),(5869,1253),(5871,1254),(5872,1254),(5874,1254),(5875,1254),(5876,1254),(5877,1254),(5878,1254),(5880,1255),(5881,1255),(5883,1255),(5884,1255),(5885,1255),(5886,1255),(5887,1255),(5889,1256),(5890,1256),(5892,1256),(5893,1256),(5894,1256),(5895,1256),(5896,1256),(5898,1257),(5899,1257),(5901,1257),(5902,1257),(5903,1257),(5904,1257),(5905,1257),(5907,1258),(5908,1258),(5910,1258),(5911,1258),(5912,1258),(5913,1258),(5914,1258),(5916,1259),(5917,1259),(5919,1259),(5920,1259),(5921,1259),(5922,1259),(5923,1259),(5925,1260),(5926,1260),(5928,1260),(5929,1260),(5930,1260),(5931,1260),(5932,1260),(5934,1261),(5935,1261),(5937,1261),(5938,1261),(5939,1261),(5940,1261),(5941,1261),(5943,1262),(5944,1262),(5946,1262),(5947,1262),(5948,1262),(5949,1262),(5950,1262),(5952,1263),(5953,1263),(5955,1263),(5956,1263),(5957,1263),(5958,1263),(5959,1263),(5961,1264),(5962,1264),(5964,1264),(5965,1264),(5966,1264),(5967,1264),(5968,1264),(5970,1265),(5971,1265),(5973,1265),(5974,1265),(5975,1265),(5976,1265),(5977,1265),(5979,1266),(5980,1266),(5982,1266),(5983,1266),(5984,1266),(5985,1266),(5986,1266),(5988,1267),(5989,1267),(5991,1267),(5992,1267),(5993,1267),(5994,1267),(5995,1267),(5997,1268),(5998,1268),(6000,1268),(6001,1268),(6002,1268),(6003,1268),(6004,1268),(6006,1269),(6007,1269),(6009,1269),(6010,1269),(6011,1269),(6012,1269),(6013,1269),(6015,1270),(6016,1270),(6018,1270),(6019,1270),(6020,1270),(6021,1270),(6022,1270),(6024,1271),(6025,1271),(6027,1271),(6028,1271),(6029,1271),(6030,1271),(6031,1271),(6033,1272),(6034,1272),(6036,1272),(6037,1272),(6038,1272),(6039,1272),(6040,1272),(6042,1273),(6043,1273),(6045,1273),(6046,1273),(6047,1273),(6048,1273),(6049,1273),(6051,1274),(6052,1274),(6054,1274),(6055,1274),(6056,1274),(6057,1274),(6058,1274),(6060,1275),(6061,1275),(6063,1275),(6064,1275),(6065,1275),(6066,1275),(6067,1275),(6069,1276),(6070,1276),(6072,1276),(6073,1276),(6074,1276),(6075,1276),(6076,1276),(6078,1277),(6079,1277),(6081,1277),(6082,1277),(6083,1277),(6084,1277),(6085,1277),(6087,1278),(6088,1278),(6090,1278),(6091,1278),(6092,1278),(6093,1278),(6094,1278),(6096,1279),(6097,1279),(6099,1279),(6100,1279),(6101,1279),(6102,1279),(6103,1279),(6105,1280),(6106,1280),(6108,1280),(6109,1280),(6110,1280),(6111,1280),(6112,1280),(6114,1281),(6115,1281),(6117,1281),(6118,1281),(6119,1281),(6120,1281),(6121,1281),(6123,1282),(6124,1282),(6126,1282),(6127,1282),(6128,1282),(6129,1282),(6130,1282),(6132,1283),(6133,1283),(6135,1283),(6136,1283),(6137,1283),(6138,1283),(6139,1283),(6141,1284),(6142,1284),(6144,1284),(6145,1284),(6146,1284),(6147,1284),(6148,1284),(6150,1285),(6151,1285),(6153,1285),(6154,1285),(6155,1285),(6156,1285),(6157,1285),(6159,1286),(6160,1286),(6162,1286),(6163,1286),(6164,1286),(6165,1286),(6166,1286),(6168,1287),(6169,1287),(6171,1287),(6172,1287),(6173,1287),(6174,1287),(6175,1287),(6177,1288),(6178,1288),(6180,1288),(6181,1288),(6182,1288),(6183,1288),(6184,1288),(6186,1289),(6187,1289),(6189,1289),(6190,1289),(6191,1289),(6192,1289),(6193,1289),(6195,1290),(6196,1290),(6198,1290),(6199,1290),(6200,1290),(6201,1290),(6202,1290),(6204,1291),(6205,1291),(6207,1291),(6208,1291),(6209,1291),(6210,1291),(6211,1291),(6213,1292),(6214,1292),(6216,1292),(6217,1292),(6218,1292),(6219,1292),(6220,1292),(6222,1293),(6223,1293),(6225,1293),(6226,1293),(6227,1293),(6228,1293),(6229,1293),(6231,1294),(6232,1294),(6234,1294),(6235,1294),(6236,1294),(6237,1294),(6238,1294),(6240,1295),(6241,1295),(6243,1295),(6244,1295),(6245,1295),(6246,1295),(6247,1295),(6249,1296),(6250,1296),(6252,1296),(6253,1296),(6254,1296),(6255,1296),(6256,1296),(6258,1297),(6259,1297),(6261,1297),(6262,1297),(6263,1297),(6264,1297),(6265,1297),(6267,1298),(6268,1298),(6270,1298),(6271,1298),(6272,1298),(6273,1298),(6274,1298),(6276,1299),(6277,1299),(6279,1299),(6280,1299),(6281,1299),(6282,1299),(6283,1299),(6285,1300),(6286,1300),(6288,1300),(6289,1300),(6290,1300),(6291,1300),(6292,1300),(6294,1301),(6295,1301),(6297,1301),(6298,1301),(6299,1301),(6300,1301),(6301,1301),(6303,1302),(6304,1302),(6306,1302),(6307,1302),(6308,1302),(6309,1302),(6310,1302),(6312,1303),(6313,1303),(6315,1303),(6316,1303),(6317,1303),(6318,1303),(6319,1303),(6321,1304),(6322,1304),(6324,1304),(6325,1304),(6326,1304),(6327,1304),(6328,1304),(6330,1305),(6331,1305),(6333,1305),(6334,1305),(6335,1305),(6336,1305),(6337,1305),(6339,1306),(6340,1306),(6342,1306),(6343,1306),(6344,1306),(6345,1306),(6346,1306),(6348,1307),(6349,1307),(6351,1307),(6352,1307),(6353,1307),(6354,1307),(6355,1307),(6357,1308),(6358,1308),(6360,1308),(6361,1308),(6362,1308),(6363,1308),(6364,1308),(6366,1309),(6367,1309),(6369,1309),(6370,1309),(6371,1309),(6372,1309),(6373,1309),(6375,1310),(6376,1310),(6378,1310),(6379,1310),(6380,1310),(6381,1310),(6382,1310),(6384,1311),(6385,1311),(6387,1311),(6388,1311),(6389,1311),(6390,1311),(6391,1311),(6393,1312),(6394,1312),(6396,1312),(6397,1312),(6398,1312),(6399,1312),(6400,1312),(6402,1313),(6403,1313),(6405,1313),(6406,1313),(6407,1313),(6408,1313),(6409,1313),(6411,1314),(6412,1314),(6414,1314),(6415,1314),(6416,1314),(6417,1314),(6418,1314),(6420,1315),(6421,1315),(6423,1315),(6424,1315),(6425,1315),(6426,1315),(6427,1315),(6429,1316),(6430,1316),(6432,1316),(6433,1316),(6434,1316),(6435,1316),(6436,1316),(6438,1317),(6439,1317),(6441,1317),(6442,1317),(6443,1317),(6444,1317),(6445,1317),(6447,1318),(6448,1318),(6450,1318),(6451,1318),(6452,1318),(6453,1318),(6454,1318),(6456,1319),(6457,1319),(6459,1319),(6460,1319),(6461,1319),(6462,1319),(6463,1319),(6465,1320),(6466,1320),(6468,1320),(6469,1320),(6470,1320),(6471,1320),(6472,1320),(6474,1321),(6475,1321),(6477,1321),(6478,1321),(6479,1321),(6480,1321),(6481,1321),(6483,1322),(6484,1322),(6486,1322),(6487,1322),(6488,1322),(6489,1322),(6490,1322),(6492,1323),(6493,1323),(6495,1323),(6496,1323),(6497,1323),(6498,1323),(6499,1323),(6501,1324),(6502,1324),(6504,1324),(6505,1324),(6506,1324),(6507,1324),(6508,1324),(6510,1325),(6511,1325),(6513,1325),(6514,1325),(6515,1325),(6516,1325),(6517,1325),(6519,1326),(6520,1326),(6522,1326),(6523,1326),(6524,1326),(6525,1326),(6526,1326),(6528,1327),(6529,1327),(6531,1327),(6532,1327),(6533,1327),(6534,1327),(6535,1327),(6537,1328),(6538,1328),(6540,1328),(6541,1328),(6542,1328),(6543,1328),(6544,1328),(6546,1329),(6547,1329),(6549,1329),(6550,1329),(6551,1329),(6552,1329),(6553,1329),(6555,1330),(6556,1330),(6558,1330),(6559,1330),(6560,1330),(6561,1330),(6562,1330),(6564,1331),(6565,1331),(6567,1331),(6568,1331),(6569,1331),(6570,1331),(6571,1331),(6573,1332),(6574,1332),(6576,1332),(6577,1332),(6578,1332),(6579,1332),(6580,1332),(6582,1333),(6583,1333),(6585,1333),(6586,1333),(6587,1333),(6588,1333),(6589,1333),(6591,1334),(6592,1334),(6594,1334),(6595,1334),(6596,1334),(6597,1334),(6598,1334),(6600,1335),(6601,1335),(6603,1335),(6604,1335),(6605,1335),(6606,1335),(6607,1335),(6609,1336),(6610,1336),(6612,1336),(6613,1336),(6614,1336),(6615,1336),(6616,1336),(6618,1337),(6619,1337),(6621,1337),(6622,1337),(6623,1337),(6624,1337),(6625,1337),(6627,1338),(6628,1338),(6630,1338),(6631,1338),(6632,1338),(6633,1338),(6634,1338),(6636,1339),(6637,1339),(6639,1339),(6640,1339),(6641,1339),(6642,1339),(6643,1339),(6645,1340),(6646,1340),(6648,1340),(6649,1340),(6650,1340),(6651,1340),(6652,1340),(6654,1341),(6655,1341),(6657,1341),(6658,1341),(6659,1341),(6660,1341),(6661,1341),(6663,1342),(6664,1342),(6666,1342),(6667,1342),(6668,1342),(6669,1342),(6670,1342),(6672,1343),(6673,1343),(6675,1343),(6676,1343),(6677,1343),(6678,1343),(6679,1343),(6681,1344),(6682,1344),(6684,1344),(6685,1344),(6686,1344),(6687,1344),(6688,1344),(6690,1345),(6691,1345),(6693,1345),(6694,1345),(6695,1345),(6696,1345),(6697,1345),(6699,1346),(6700,1346),(6702,1346),(6703,1346),(6704,1346),(6705,1346),(6706,1346),(6708,1347),(6709,1347),(6711,1347),(6712,1347),(6713,1347),(6714,1347),(6715,1347),(6717,1348),(6718,1348),(6720,1348),(6721,1348),(6722,1348),(6723,1348),(6724,1348),(6726,1349),(6727,1349),(6729,1349),(6730,1349),(6731,1349),(6732,1349),(6733,1349),(6735,1350),(6736,1350),(6738,1350),(6739,1350),(6740,1350),(6741,1350),(6742,1350),(6744,1351),(6745,1351),(6747,1351),(6748,1351),(6749,1351),(6750,1351),(6751,1351),(6753,1352),(6754,1352),(6756,1352),(6757,1352),(6758,1352),(6759,1352),(6760,1352),(6762,1353),(6763,1353),(6765,1353),(6766,1353),(6767,1353),(6768,1353),(6769,1353),(6771,1354),(6772,1354),(6774,1354),(6775,1354),(6776,1354),(6777,1354),(6778,1354),(6780,1355),(6781,1355),(6783,1355),(6784,1355),(6785,1355),(6786,1355),(6787,1355),(6789,1356),(6790,1356),(6792,1356),(6793,1356),(6794,1356),(6795,1356),(6796,1356),(6798,1357),(6799,1357),(6801,1357),(6802,1357),(6803,1357),(6804,1357),(6805,1357),(6807,1358),(6808,1358),(6810,1358),(6811,1358),(6812,1358),(6813,1358),(6814,1358),(6816,1359),(6817,1359),(6819,1359),(6820,1359),(6821,1359),(6822,1359),(6823,1359),(6825,1360),(6826,1360),(6828,1360),(6829,1360),(6830,1360),(6831,1360),(6832,1360),(6834,1361),(6835,1361),(6837,1361),(6838,1361),(6839,1361),(6840,1361),(6841,1361),(6843,1362),(6844,1362),(6846,1362),(6847,1362),(6848,1362),(6849,1362),(6850,1362),(6852,1363),(6853,1363),(6855,1363),(6856,1363),(6857,1363),(6858,1363),(6859,1363),(6861,1364),(6862,1364),(6864,1364),(6865,1364),(6866,1364),(6867,1364),(6868,1364),(6870,1365),(6871,1365),(6873,1365),(6874,1365),(6875,1365),(6876,1365),(6877,1365),(6879,1366),(6880,1366),(6882,1366),(6883,1366),(6884,1366),(6885,1366),(6886,1366),(6888,1367),(6889,1367),(6891,1367),(6892,1367),(6893,1367),(6894,1367),(6895,1367),(6897,1368),(6898,1368),(6900,1368),(6901,1368),(6902,1368),(6903,1368),(6904,1368),(6906,1369),(6907,1369),(6909,1369),(6910,1369),(6911,1369),(6912,1369),(6913,1369),(6915,1370),(6916,1370),(6918,1370),(6919,1370),(6920,1370),(6921,1370),(6922,1370),(6924,1371),(6925,1371),(6927,1371),(6928,1371),(6929,1371),(6930,1371),(6931,1371),(6933,1372),(6934,1372),(6936,1372),(6937,1372),(6938,1372),(6939,1372),(6940,1372),(6942,1373),(6943,1373),(6945,1373),(6946,1373),(6947,1373),(6948,1373),(6949,1373),(6951,1374),(6952,1374),(6954,1374),(6955,1374),(6956,1374),(6957,1374),(6958,1374),(6960,1375),(6961,1375),(6963,1375),(6964,1375),(6965,1375),(6966,1375),(6967,1375),(6969,1376),(6970,1376),(6972,1376),(6973,1376),(6974,1376),(6975,1376),(6976,1376),(6978,1377),(6979,1377),(6981,1377),(6982,1377),(6983,1377),(6984,1377),(6985,1377),(6987,1378),(6988,1378),(6990,1378),(6991,1378),(6992,1378),(6993,1378),(6994,1378),(6996,1379),(6997,1379),(6999,1379),(7000,1379),(7001,1379),(7002,1379),(7003,1379),(7005,1380),(7006,1380),(7008,1380),(7009,1380),(7010,1380),(7011,1380),(7012,1380),(7014,1381),(7015,1381),(7017,1381),(7018,1381),(7019,1381),(7020,1381),(7021,1381),(7023,1382),(7024,1382),(7026,1382),(7027,1382),(7028,1382),(7029,1382),(7030,1382),(7032,1383),(7033,1383),(7035,1383),(7036,1383),(7037,1383),(7038,1383),(7039,1383),(7041,1384),(7042,1384),(7044,1384),(7045,1384),(7046,1384),(7047,1384),(7048,1384),(7050,1385),(7051,1385),(7053,1385),(7054,1385),(7055,1385),(7056,1385),(7057,1385),(7059,1386),(7060,1386),(7062,1386),(7063,1386),(7064,1386),(7065,1386),(7066,1386),(7068,1387),(7069,1387),(7071,1387),(7072,1387),(7073,1387),(7074,1387),(7075,1387),(7077,1388),(7078,1388),(7080,1388),(7081,1388),(7082,1388),(7083,1388),(7084,1388),(7086,1389),(7087,1389),(7089,1389),(7090,1389),(7091,1389),(7092,1389),(7093,1389),(7095,1390),(7096,1390),(7098,1390),(7099,1390),(7100,1390),(7101,1390),(7102,1390),(7104,1391),(7105,1391),(7107,1391),(7108,1391),(7109,1391),(7110,1391),(7111,1391),(7113,1392),(7114,1392),(7116,1392),(7117,1392),(7118,1392),(7119,1392),(7120,1392),(7122,1393),(7123,1393),(7125,1393),(7126,1393),(7127,1393),(7128,1393),(7129,1393),(7131,1394),(7132,1394),(7134,1394),(7135,1394),(7136,1394),(7137,1394),(7138,1394),(7140,1395),(7141,1395),(7143,1395),(7144,1395),(7145,1395),(7146,1395),(7147,1395),(7149,1396),(7150,1396),(7152,1396),(7153,1396),(7154,1396),(7155,1396),(7156,1396),(7158,1397),(7159,1397),(7161,1397),(7162,1397),(7163,1397),(7164,1397),(7165,1397),(7167,1398),(7168,1398),(7170,1398),(7171,1398),(7172,1398),(7173,1398),(7174,1398),(7176,1399),(7177,1399),(7179,1399),(7180,1399),(7181,1399),(7182,1399),(7183,1399),(7185,1400),(7186,1400),(7188,1400),(7189,1400),(7190,1400),(7191,1400),(7192,1400),(7194,1401),(7195,1401),(7197,1401),(7198,1401),(7199,1401),(7200,1401),(7201,1401),(7203,1402),(7204,1402),(7206,1402),(7207,1402),(7208,1402),(7209,1402),(7210,1402),(7212,1403),(7213,1403),(7215,1403),(7216,1403),(7217,1403),(7218,1403),(7219,1403),(7221,1404),(7222,1404),(7224,1404),(7225,1404),(7226,1404),(7227,1404),(7228,1404),(7230,1405),(7231,1405),(7233,1405),(7234,1405),(7235,1405),(7236,1405),(7237,1405),(7239,1406),(7240,1406),(7242,1406),(7243,1406),(7244,1406),(7245,1406),(7246,1406),(7248,1407),(7249,1407),(7251,1407),(7252,1407),(7253,1407),(7254,1407),(7255,1407),(7257,1408),(7258,1408),(7260,1408),(7261,1408),(7262,1408),(7263,1408),(7264,1408),(7266,1409),(7267,1409),(7269,1409),(7270,1409),(7271,1409),(7272,1409),(7273,1409),(7275,1410),(7276,1410),(7278,1410),(7279,1410),(7280,1410),(7281,1410),(7282,1410),(7284,1411),(7285,1411),(7287,1411),(7288,1411),(7289,1411),(7290,1411),(7291,1411),(7293,1412),(7294,1412),(7296,1412),(7297,1412),(7298,1412),(7299,1412),(7300,1412),(7302,1413),(7303,1413),(7305,1413),(7306,1413),(7307,1413),(7308,1413),(7309,1413),(7311,1414),(7312,1414),(7314,1414),(7315,1414),(7316,1414),(7317,1414),(7318,1414),(7320,1415),(7321,1415),(7323,1415),(7324,1415),(7325,1415),(7326,1415),(7327,1415),(7329,1416),(7330,1416),(7332,1416),(7333,1416),(7334,1416),(7335,1416),(7336,1416),(7338,1417),(7339,1417),(7341,1417),(7342,1417),(7343,1417),(7344,1417),(7345,1417),(7347,1418),(7348,1418),(7350,1418),(7351,1418),(7352,1418),(7353,1418),(7354,1418),(7356,1419),(7357,1419),(7359,1419),(7360,1419),(7361,1419),(7362,1419),(7363,1419),(7365,1420),(7366,1420),(7368,1420),(7369,1420),(7370,1420),(7371,1420),(7372,1420),(7374,1421),(7375,1421),(7377,1421),(7378,1421),(7379,1421),(7380,1421),(7381,1421),(7383,1422),(7384,1422),(7386,1422),(7387,1422),(7388,1422),(7389,1422),(7390,1422),(7392,1423),(7393,1423),(7395,1423),(7396,1423),(7397,1423),(7398,1423),(7399,1423),(7401,1424),(7402,1424),(7404,1424),(7405,1424),(7406,1424),(7407,1424),(7408,1424),(7410,1425),(7411,1425),(7413,1425),(7414,1425),(7415,1425),(7416,1425),(7417,1425),(7419,1426),(7420,1426),(7422,1426),(7423,1426),(7424,1426),(7425,1426),(7426,1426),(7428,1427),(7429,1427),(7431,1427),(7432,1427),(7433,1427),(7434,1427),(7435,1427),(7437,1428),(7438,1428),(7440,1428),(7441,1428),(7442,1428),(7443,1428),(7444,1428),(7446,1429),(7447,1429),(7449,1429),(7450,1429),(7451,1429),(7452,1429),(7453,1429),(7455,1430),(7456,1430),(7458,1430),(7459,1430),(7460,1430),(7461,1430),(7462,1430),(7464,1431),(7465,1431),(7467,1431),(7468,1431),(7469,1431),(7470,1431),(7471,1431),(7473,1432),(7474,1432),(7476,1432),(7477,1432),(7478,1432),(7479,1432),(7480,1432),(7482,1433),(7483,1433),(7485,1433),(7486,1433),(7487,1433),(7488,1433),(7489,1433),(7491,1434),(7492,1434),(7494,1434),(7495,1434),(7496,1434),(7497,1434),(7498,1434),(7500,1435),(7501,1435),(7503,1435),(7504,1435),(7505,1435),(7506,1435),(7507,1435),(7509,1436),(7510,1436),(7512,1436),(7513,1436),(7514,1436),(7515,1436),(7516,1436),(7518,1437),(7519,1437),(7521,1437),(7522,1437),(7523,1437),(7524,1437),(7525,1437),(7527,1438),(7528,1438),(7530,1438),(7531,1438),(7532,1438),(7533,1438),(7534,1438),(7536,1439),(7537,1439),(7539,1439),(7540,1439),(7541,1439),(7542,1439),(7543,1439),(7545,1440),(7546,1440),(7548,1440),(7549,1440),(7550,1440),(7551,1440),(7552,1440),(7554,1441),(7555,1441),(7557,1441),(7558,1441),(7559,1441),(7560,1441),(7561,1441),(7563,1442),(7564,1442),(7566,1442),(7567,1442),(7568,1442),(7569,1442),(7570,1442),(7572,1443),(7573,1443),(7575,1443),(7576,1443),(7577,1443),(7578,1443),(7579,1443),(7581,1444),(7582,1444),(7584,1444),(7585,1444),(7586,1444),(7587,1444),(7588,1444),(7590,1445),(7591,1445),(7593,1445),(7594,1445),(7595,1445),(7596,1445),(7597,1445),(7599,1446),(7600,1446),(7602,1446),(7603,1446),(7604,1446),(7605,1446),(7606,1446),(7608,1447),(7609,1447),(7611,1447),(7612,1447),(7613,1447),(7614,1447),(7615,1447),(7617,1448),(7618,1448),(7620,1448),(7621,1448),(7622,1448),(7623,1448),(7624,1448),(7626,1449),(7627,1449),(7629,1449),(7630,1449),(7631,1449),(7632,1449),(7633,1449),(7635,1450),(7636,1450),(7638,1450),(7639,1450),(7640,1450),(7641,1450),(7642,1450),(7644,1451),(7645,1451),(7647,1451),(7648,1451),(7649,1451),(7650,1451),(7651,1451),(7653,1452),(7654,1452),(7656,1452),(7657,1452),(7658,1452),(7659,1452),(7660,1452),(7662,1453),(7663,1453),(7665,1453),(7666,1453),(7667,1453),(7668,1453),(7669,1453),(7671,1454),(7672,1454),(7674,1454),(7675,1454),(7676,1454),(7677,1454),(7678,1454),(7680,1455),(7681,1455),(7683,1455),(7684,1455),(7685,1455),(7686,1455),(7687,1455),(7689,1456),(7690,1456),(7692,1456),(7693,1456),(7694,1456),(7695,1456),(7696,1456),(7698,1457),(7699,1457),(7701,1457),(7702,1457),(7703,1457),(7704,1457),(7705,1457),(7707,1458),(7708,1458),(7710,1458),(7711,1458),(7712,1458),(7713,1458),(7714,1458),(7716,1459),(7717,1459),(7719,1459),(7720,1459),(7721,1459),(7722,1459),(7723,1459),(7725,1460),(7726,1460),(7728,1460),(7729,1460),(7730,1460),(7731,1460),(7732,1460),(7734,1461),(7735,1461),(7737,1461),(7738,1461),(7739,1461),(7740,1461),(7741,1461),(7743,1462),(7744,1462),(7746,1462),(7747,1462),(7748,1462),(7749,1462),(7750,1462),(7752,1463),(7753,1463),(7755,1463),(7756,1463),(7757,1463),(7758,1463),(7759,1463),(7761,1464),(7762,1464),(7764,1464),(7765,1464),(7766,1464),(7767,1464),(7768,1464),(7770,1465),(7771,1465),(7773,1465),(7774,1465),(7775,1465),(7776,1465),(7777,1465),(7779,1466),(7780,1466),(7782,1466),(7783,1466),(7784,1466),(7785,1466),(7786,1466),(7788,1467),(7789,1467),(7791,1467),(7792,1467),(7793,1467),(7794,1467),(7795,1467),(7797,1468),(7798,1468),(7800,1468),(7801,1468),(7802,1468),(7803,1468),(7804,1468),(7806,1469),(7807,1469),(7809,1469),(7810,1469),(7811,1469),(7812,1469),(7813,1469),(7815,1470),(7816,1470),(7818,1470),(7819,1470),(7820,1470),(7821,1470),(7822,1470),(7824,1471),(7825,1471),(7827,1471),(7828,1471),(7829,1471),(7830,1471),(7831,1471),(7833,1472),(7834,1472),(7836,1472),(7837,1472),(7838,1472),(7839,1472),(7840,1472),(7842,1473),(7843,1473),(7845,1473),(7846,1473),(7847,1473),(7848,1473),(7849,1473),(7851,1474),(7852,1474),(7854,1474),(7855,1474),(7856,1474),(7857,1474),(7858,1474),(7860,1475),(7861,1475),(7863,1475),(7864,1475),(7865,1475),(7866,1475),(7867,1475),(7869,1476),(7870,1476),(7872,1476),(7873,1476),(7874,1476),(7875,1476),(7876,1476),(7878,1477),(7879,1477),(7881,1477),(7882,1477),(7883,1477),(7884,1477),(7885,1477),(7887,1478),(7888,1478),(7890,1478),(7891,1478),(7892,1478),(7893,1478),(7894,1478),(7896,1479),(7897,1479),(7899,1479),(7900,1479),(7901,1479),(7902,1479),(7903,1479),(7905,1480),(7906,1480),(7908,1480),(7909,1480),(7910,1480),(7911,1480),(7912,1480),(7914,1481),(7915,1481),(7917,1481),(7918,1481),(7919,1481),(7920,1481),(7921,1481),(7923,1482),(7924,1482),(7926,1482),(7927,1482),(7928,1482),(7929,1482),(7930,1482),(7932,1483),(7933,1483),(7935,1483),(7936,1483),(7937,1483),(7938,1483),(7939,1483),(7941,1484),(7942,1484),(7943,1484),(7944,1484),(7945,1484),(7946,1484),(7947,1484),(7948,1484),(7950,1485),(7951,1485),(7952,1485),(7953,1485),(7954,1485),(7955,1485),(7956,1485),(7957,1485),(7959,1486),(7960,1486),(7961,1486),(7962,1486),(7963,1486),(7964,1486),(7965,1486),(7966,1486),(7968,1487),(7969,1487),(7971,1487),(7972,1487),(7973,1487),(7974,1487),(7975,1487),(7977,1488),(7978,1488),(7980,1488),(7981,1488),(7982,1488),(7983,1488),(7984,1488),(7986,1489),(7987,1489),(7989,1489),(7990,1489),(7991,1489),(7992,1489),(7993,1489),(7995,1490),(7996,1490),(7998,1490),(7999,1490),(8000,1490),(8001,1490),(8002,1490),(8004,1491),(8005,1491),(8007,1491),(8008,1491),(8009,1491),(8010,1491),(8011,1491),(8013,1492),(8014,1492),(8016,1492),(8017,1492),(8018,1492),(8019,1492),(8020,1492),(8022,1493),(8023,1493),(8025,1493),(8026,1493),(8027,1493),(8028,1493),(8029,1493),(8031,1494),(8032,1494),(8034,1494),(8035,1494),(8036,1494),(8037,1494),(8038,1494),(8040,1495),(8041,1495),(8043,1495),(8044,1495),(8045,1495),(8046,1495),(8047,1495),(8049,1496),(8050,1496),(8052,1496),(8053,1496),(8054,1496),(8055,1496),(8056,1496),(8058,1497),(8059,1497),(8061,1497),(8062,1497),(8063,1497),(8064,1497),(8065,1497),(8067,1498),(8068,1498),(8070,1498),(8071,1498),(8072,1498),(8073,1498),(8074,1498),(8076,1499),(8077,1499),(8079,1499),(8080,1499),(8081,1499),(8082,1499),(8083,1499),(8085,1500),(8086,1500),(8088,1500),(8089,1500),(8090,1500),(8091,1500),(8092,1500),(8094,1501),(8095,1501),(8097,1501),(8098,1501),(8099,1501),(8100,1501),(8101,1501),(8103,1502),(8104,1502),(8106,1502),(8107,1502),(8108,1502),(8109,1502),(8110,1502),(8112,1503),(8113,1503),(8115,1503),(8116,1503),(8117,1503),(8118,1503),(8119,1503),(8121,1504),(8122,1504),(8124,1504),(8125,1504),(8126,1504),(8127,1504),(8128,1504),(8130,1505),(8131,1505),(8133,1505),(8134,1505),(8135,1505),(8136,1505),(8137,1505),(8139,1506),(8140,1506),(8142,1506),(8143,1506),(8144,1506),(8145,1506),(8146,1506),(8148,1507),(8149,1507),(8151,1507),(8152,1507),(8153,1507),(8154,1507),(8155,1507),(8157,1508),(8158,1508),(8160,1508),(8161,1508),(8162,1508),(8163,1508),(8164,1508),(8166,1509),(8167,1509),(8169,1509),(8170,1509),(8171,1509),(8172,1509),(8173,1509),(8174,1510),(8175,1511),(8176,1512),(8177,1512),(8178,1512),(8179,1512),(8180,1512),(8181,1512),(8182,1512),(8183,1512),(8184,1512),(8186,1513),(8187,1513),(8188,1513),(8189,1513),(8190,1513),(8191,1513),(8192,1513),(8193,1513),(8194,1514),(8195,1514),(8196,1514),(8197,1514),(8198,1514),(8199,1514),(8200,1514),(8201,1514),(8202,1514),(8203,1515),(8204,1515),(8205,1515),(8206,1515),(8207,1515),(8208,1515),(8209,1515),(8210,1515),(8211,1515),(8212,1516),(8213,1517),(8214,1518),(8215,1519),(8217,1520),(8218,1520),(8220,1520),(8221,1520),(8222,1520),(8223,1520),(8224,1520),(8226,1521),(8227,1521),(8229,1521),(8230,1521),(8231,1521),(8232,1521),(8233,1521),(8235,1522),(8236,1522),(8238,1522),(8239,1522),(8240,1522),(8241,1522),(8242,1522),(8244,1523),(8245,1523),(8247,1523),(8248,1523),(8249,1523),(8250,1523),(8251,1523),(8253,1524),(8254,1524),(8256,1524),(8257,1524),(8258,1524),(8259,1524),(8260,1524),(8262,1525),(8263,1525),(8264,1525),(8265,1525),(8266,1525),(8267,1525),(8268,1525),(8269,1525),(8271,1526),(8272,1526),(8273,1526),(8274,1526),(8276,1526),(8277,1526),(8278,1526),(8279,1527),(8280,1527),(8281,1527),(8282,1527),(8283,1527),(8284,1527),(8285,1527),(8286,1527),(8287,1527),(8289,1528),(8290,1528),(8292,1528),(8293,1528),(8294,1528),(8295,1528),(8296,1528),(8298,1529),(8299,1529),(8301,1529),(8302,1529),(8303,1529),(8304,1529),(8305,1529),(8307,1530),(8308,1530),(8310,1530),(8311,1530),(8312,1530),(8313,1530),(8314,1530),(8316,1531),(8317,1531),(8319,1531),(8320,1531),(8321,1531),(8322,1531),(8323,1531),(8325,1532),(8326,1532),(8328,1532),(8329,1532),(8330,1532),(8331,1532),(8332,1532),(8334,1533),(8335,1533),(8337,1533),(8338,1533),(8339,1533),(8340,1533),(8341,1533),(8343,1534),(8344,1534),(8346,1534),(8347,1534),(8348,1534),(8349,1534),(8350,1534),(8352,1535),(8353,1535),(8355,1535),(8356,1535),(8357,1535),(8358,1535),(8359,1535),(8361,1536),(8362,1536),(8364,1536),(8365,1536),(8366,1536),(8367,1536),(8368,1536),(8370,1537),(8371,1537),(8373,1537),(8374,1537),(8375,1537),(8376,1537),(8377,1537),(8379,1538),(8380,1538),(8382,1538),(8383,1538),(8384,1538),(8385,1538),(8386,1538),(8388,1539),(8389,1539),(8391,1539),(8392,1539),(8393,1539),(8394,1539),(8395,1539),(8397,1540),(8398,1540),(8400,1540),(8401,1540),(8402,1540),(8403,1540),(8404,1540),(8406,1541),(8407,1541),(8409,1541),(8410,1541),(8411,1541),(8412,1541),(8413,1541),(8415,1542),(8416,1542),(8418,1542),(8419,1542),(8420,1542),(8421,1542),(8422,1542),(8424,1543),(8425,1543),(8427,1543),(8428,1543),(8429,1543),(8430,1543),(8431,1543),(8434,1545),(8435,1545),(8436,1545),(8437,1545),(8439,1545),(8440,1545),(8441,1545),(8442,1546),(8443,1546),(8444,1546),(8445,1546),(8446,1546),(8447,1546),(8448,1546),(8449,1546),(8450,1546),(8452,1547),(8453,1547),(8455,1547),(8456,1547),(8457,1547),(8458,1547),(8459,1547),(8461,1548),(8462,1548),(8464,1548),(8465,1548),(8466,1548),(8467,1548),(8468,1548),(8470,1549),(8471,1549),(8473,1549),(8474,1549),(8475,1549),(8476,1549),(8477,1549),(8478,1550),(8479,1550),(8480,1550),(8481,1550),(8482,1550),(8483,1550),(8484,1550),(8485,1550),(8486,1550),(8489,1553),(8491,1554),(8492,1554),(8494,1554),(8495,1554),(8496,1554),(8497,1554),(8498,1554),(8500,1555),(8501,1555),(8503,1555),(8504,1555),(8505,1555),(8506,1555),(8507,1555),(8508,1556),(8509,1556),(8510,1556),(8511,1556),(8512,1556),(8513,1556),(8514,1556),(8515,1556),(8516,1556),(8521,1557),(8522,1557),(8523,1557),(8524,1557),(8525,1557),(8528,1558),(8531,1558),(8532,1558),(8533,1558),(8534,1558),(8537,1559),(8540,1559),(8541,1559),(8542,1559),(8543,1559),(8546,1560),(8549,1560),(8550,1560),(8551,1560),(8552,1560),(8557,1561),(8558,1561),(8559,1561),(8560,1561),(8561,1561),(8566,1562),(8567,1562),(8568,1562),(8569,1562),(8570,1562),(8576,1563),(8577,1563),(8578,1563),(8579,1563),(8585,1564),(8586,1564),(8587,1564),(8588,1564),(8594,1565),(8595,1565),(8596,1565),(8597,1565),(8603,1566),(8604,1566),(8605,1566),(8606,1566),(8612,1567),(8613,1567),(8614,1567),(8615,1567),(8621,1568),(8622,1568),(8623,1568),(8624,1568),(8630,1569),(8631,1569),(8632,1569),(8633,1569),(8639,1570),(8640,1570),(8641,1570),(8642,1570),(8648,1571),(8649,1571),(8650,1571),(8651,1571),(8657,1572),(8658,1572),(8659,1572),(8660,1572),(8666,1573),(8667,1573),(8668,1573),(8669,1573),(8675,1574),(8676,1574),(8677,1574),(8678,1574),(8684,1575),(8685,1575),(8686,1575),(8687,1575),(8693,1576),(8694,1576),(8695,1576),(8696,1576),(8702,1577),(8703,1577),(8704,1577),(8705,1577),(8711,1578),(8712,1578),(8713,1578),(8714,1578),(8720,1579),(8721,1579),(8722,1579),(8723,1579),(8729,1580),(8730,1580),(8731,1580),(8732,1580),(8738,1581),(8739,1581),(8740,1581),(8741,1581),(8747,1582),(8748,1582),(8749,1582),(8750,1582),(8756,1583),(8757,1583),(8758,1583),(8759,1583),(8765,1584),(8766,1584),(8767,1584),(8768,1584),(8774,1585),(8775,1585),(8776,1585),(8777,1585),(8783,1586),(8784,1586),(8785,1586),(8786,1586),(8792,1587),(8793,1587),(8794,1587),(8795,1587),(8801,1588),(8802,1588),(8803,1588),(8804,1588),(8810,1589),(8811,1589),(8812,1589),(8813,1589),(8819,1590),(8820,1590),(8821,1590),(8822,1590),(8828,1591),(8829,1591),(8830,1591),(8831,1591),(8837,1592),(8838,1592),(8839,1592),(8840,1592),(8846,1593),(8847,1593),(8848,1593),(8849,1593),(8855,1594),(8856,1594),(8857,1594),(8858,1594),(8864,1595),(8865,1595),(8866,1595),(8867,1595),(8873,1596),(8874,1596),(8875,1596),(8876,1596),(8882,1597),(8883,1597),(8884,1597),(8885,1597),(8891,1598),(8892,1598),(8893,1598),(8894,1598),(8900,1599),(8901,1599),(8902,1599),(8903,1599),(8909,1600),(8910,1600),(8911,1600),(8912,1600),(8918,1601),(8919,1601),(8920,1601),(8921,1601),(8927,1602),(8928,1602),(8929,1602),(8930,1602),(8936,1603),(8937,1603),(8938,1603),(8939,1603),(8945,1604),(8946,1604),(8947,1604),(8948,1604),(8954,1605),(8955,1605),(8956,1605),(8957,1605),(8963,1606),(8964,1606),(8965,1606),(8966,1606),(8972,1607),(8973,1607),(8974,1607),(8975,1607),(8981,1608),(8982,1608),(8983,1608),(8984,1608),(8990,1609),(8991,1609),(8992,1609),(8993,1609),(8999,1610),(9000,1610),(9001,1610),(9002,1610),(9008,1611),(9009,1611),(9010,1611),(9011,1611),(9017,1612),(9018,1612),(9019,1612),(9020,1612),(9026,1613),(9027,1613),(9028,1613),(9029,1613),(9035,1614),(9036,1614),(9037,1614),(9038,1614),(9044,1615),(9045,1615),(9046,1615),(9047,1615),(9053,1616),(9054,1616),(9055,1616),(9056,1616),(9062,1617),(9063,1617),(9064,1617),(9065,1617),(9071,1618),(9072,1618),(9073,1618),(9074,1618),(9080,1619),(9081,1619),(9082,1619),(9083,1619),(9089,1620),(9090,1620),(9091,1620),(9092,1620),(9098,1621),(9099,1621),(9100,1621),(9101,1621),(9107,1622),(9108,1622),(9109,1622),(9110,1622),(9116,1623),(9117,1623),(9118,1623),(9119,1623),(9125,1624),(9126,1624),(9127,1624),(9128,1624),(9134,1625),(9135,1625),(9136,1625),(9137,1625),(9143,1626),(9144,1626),(9145,1626),(9146,1626),(9152,1627),(9153,1627),(9154,1627),(9155,1627),(9161,1628),(9162,1628),(9163,1628),(9164,1628),(9170,1629),(9171,1629),(9172,1629),(9173,1629),(9179,1630),(9180,1630),(9181,1630),(9182,1630),(9188,1631),(9189,1631),(9190,1631),(9191,1631),(9197,1632),(9198,1632),(9199,1632),(9200,1632),(9206,1633),(9207,1633),(9208,1633),(9209,1633),(9215,1634),(9216,1634),(9217,1634),(9218,1634),(9224,1635),(9225,1635),(9226,1635),(9227,1635),(9233,1636),(9234,1636),(9235,1636),(9236,1636),(9242,1637),(9243,1637),(9244,1637),(9245,1637),(9251,1638),(9252,1638),(9253,1638),(9254,1638),(9260,1639),(9261,1639),(9262,1639),(9263,1639),(9269,1640),(9270,1640),(9271,1640),(9272,1640),(9278,1641),(9279,1641),(9280,1641),(9281,1641),(9287,1642),(9288,1642),(9289,1642),(9290,1642),(9296,1643),(9297,1643),(9298,1643),(9299,1643),(9305,1644),(9306,1644),(9307,1644),(9308,1644),(9314,1645),(9315,1645),(9316,1645),(9317,1645),(9323,1646),(9324,1646),(9325,1646),(9326,1646),(9332,1647),(9333,1647),(9334,1647),(9335,1647),(9341,1648),(9342,1648),(9343,1648),(9344,1648),(9350,1649),(9351,1649),(9352,1649),(9353,1649),(9359,1650),(9360,1650),(9361,1650),(9362,1650),(9368,1651),(9369,1651),(9370,1651),(9371,1651),(9377,1652),(9378,1652),(9379,1652),(9380,1652),(9386,1653),(9387,1653),(9388,1653),(9389,1653),(9395,1654),(9396,1654),(9397,1654),(9398,1654),(9404,1655),(9405,1655),(9406,1655),(9407,1655),(9413,1656),(9414,1656),(9415,1656),(9416,1656),(9422,1657),(9423,1657),(9424,1657),(9425,1657),(9431,1658),(9432,1658),(9433,1658),(9434,1658),(9440,1659),(9441,1659),(9442,1659),(9443,1659),(9449,1660),(9450,1660),(9451,1660),(9452,1660),(9458,1661),(9459,1661),(9460,1661),(9461,1661),(9467,1662),(9468,1662),(9469,1662),(9470,1662),(9476,1663),(9477,1663),(9478,1663),(9479,1663),(9485,1664),(9486,1664),(9487,1664),(9488,1664),(9494,1665),(9495,1665),(9496,1665),(9497,1665),(9503,1666),(9504,1666),(9505,1666),(9506,1666),(9512,1667),(9513,1667),(9514,1667),(9515,1667),(9521,1668),(9522,1668),(9523,1668),(9524,1668),(9530,1669),(9531,1669),(9532,1669),(9533,1669),(9539,1670),(9540,1670),(9541,1670),(9542,1670),(9548,1671),(9549,1671),(9550,1671),(9551,1671),(9557,1672),(9558,1672),(9559,1672),(9560,1672),(9566,1673),(9567,1673),(9568,1673),(9569,1673),(9575,1674),(9576,1674),(9577,1674),(9578,1674),(9584,1675),(9585,1675),(9586,1675),(9587,1675),(9593,1676),(9594,1676),(9595,1676),(9596,1676),(9602,1677),(9603,1677),(9604,1677),(9605,1677),(9611,1678),(9612,1678),(9613,1678),(9614,1678),(9620,1679),(9621,1679),(9622,1679),(9623,1679),(9629,1680),(9630,1680),(9631,1680),(9632,1680),(9638,1681),(9639,1681),(9640,1681),(9641,1681),(9647,1682),(9648,1682),(9649,1682),(9650,1682),(9656,1683),(9657,1683),(9658,1683),(9659,1683),(9665,1684),(9666,1684),(9667,1684),(9668,1684),(9674,1685),(9675,1685),(9676,1685),(9677,1685),(9683,1686),(9684,1686),(9685,1686),(9686,1686),(9692,1687),(9693,1687),(9694,1687),(9695,1687),(9701,1688),(9702,1688),(9703,1688),(9704,1688),(9710,1689),(9711,1689),(9712,1689),(9713,1689),(9719,1690),(9720,1690),(9721,1690),(9722,1690),(9728,1691),(9729,1691),(9730,1691),(9731,1691),(9737,1692),(9738,1692),(9739,1692),(9740,1692),(9746,1693),(9747,1693),(9748,1693),(9749,1693),(9755,1694),(9756,1694),(9757,1694),(9758,1694),(9764,1695),(9765,1695),(9766,1695),(9767,1695),(9773,1696),(9774,1696),(9775,1696),(9776,1696),(9782,1697),(9783,1697),(9784,1697),(9785,1697),(9791,1698),(9792,1698),(9793,1698),(9794,1698),(9800,1699),(9801,1699),(9802,1699),(9803,1699),(9809,1700),(9810,1700),(9811,1700),(9812,1700),(9818,1701),(9819,1701),(9820,1701),(9821,1701),(9827,1702),(9828,1702),(9829,1702),(9830,1702),(9836,1703),(9837,1703),(9838,1703),(9839,1703),(9845,1704),(9846,1704),(9847,1704),(9848,1704),(9854,1705),(9855,1705),(9856,1705),(9857,1705),(9863,1706),(9864,1706),(9865,1706),(9866,1706),(9872,1707),(9873,1707),(9874,1707),(9875,1707),(9881,1708),(9882,1708),(9883,1708),(9884,1708),(9890,1709),(9891,1709),(9892,1709),(9893,1709),(9899,1710),(9900,1710),(9901,1710),(9902,1710),(9908,1711),(9909,1711),(9910,1711),(9911,1711),(9917,1712),(9918,1712),(9919,1712),(9920,1712),(9926,1713),(9927,1713),(9928,1713),(9929,1713),(9935,1714),(9936,1714),(9937,1714),(9938,1714),(9944,1715),(9945,1715),(9946,1715),(9947,1715),(9953,1716),(9954,1716),(9955,1716),(9956,1716),(9962,1717),(9963,1717),(9964,1717),(9965,1717),(9971,1718),(9972,1718),(9973,1718),(9974,1718),(9980,1719),(9981,1719),(9982,1719),(9983,1719),(9989,1720),(9990,1720),(9991,1720),(9992,1720),(9998,1721),(9999,1721),(10000,1721),(10001,1721),(10007,1722),(10008,1722),(10009,1722),(10010,1722),(10016,1723),(10017,1723),(10018,1723),(10019,1723),(10025,1724),(10026,1724),(10027,1724),(10028,1724),(10034,1725),(10035,1725),(10036,1725),(10037,1725),(10043,1726),(10044,1726),(10045,1726),(10046,1726),(10052,1727),(10053,1727),(10054,1727),(10055,1727),(10061,1728),(10062,1728),(10063,1728),(10064,1728),(10070,1729),(10071,1729),(10072,1729),(10073,1729),(10079,1730),(10080,1730),(10081,1730),(10082,1730),(10088,1731),(10089,1731),(10090,1731),(10091,1731),(10097,1732),(10098,1732),(10099,1732),(10100,1732),(10106,1733),(10107,1733),(10108,1733),(10109,1733),(10115,1734),(10116,1734),(10117,1734),(10118,1734),(10124,1735),(10125,1735),(10126,1735),(10127,1735),(10133,1736),(10134,1736),(10135,1736),(10136,1736),(10142,1737),(10143,1737),(10144,1737),(10145,1737),(10151,1738),(10152,1738),(10153,1738),(10154,1738),(10160,1739),(10161,1739),(10162,1739),(10163,1739),(10169,1740),(10170,1740),(10171,1740),(10172,1740),(10178,1741),(10179,1741),(10180,1741),(10181,1741),(10187,1742),(10188,1742),(10189,1742),(10190,1742),(10196,1743),(10197,1743),(10198,1743),(10199,1743),(10205,1744),(10206,1744),(10207,1744),(10208,1744),(10214,1745),(10215,1745),(10216,1745),(10217,1745),(10223,1746),(10224,1746),(10225,1746),(10226,1746),(10232,1747),(10233,1747),(10234,1747),(10235,1747),(10241,1748),(10242,1748),(10243,1748),(10244,1748),(10250,1749),(10251,1749),(10252,1749),(10253,1749),(10259,1750),(10260,1750),(10261,1750),(10262,1750),(10268,1751),(10269,1751),(10270,1751),(10271,1751),(10277,1752),(10278,1752),(10279,1752),(10280,1752),(10286,1753),(10287,1753),(10288,1753),(10289,1753),(10295,1754),(10296,1754),(10297,1754),(10298,1754),(10304,1755),(10305,1755),(10306,1755),(10307,1755),(10313,1756),(10314,1756),(10315,1756),(10316,1756),(10322,1757),(10323,1757),(10324,1757),(10325,1757),(10331,1758),(10332,1758),(10333,1758),(10334,1758),(10340,1759),(10341,1759),(10342,1759),(10343,1759),(10349,1760),(10350,1760),(10351,1760),(10352,1760),(10358,1761),(10359,1761),(10360,1761),(10361,1761),(10367,1762),(10368,1762),(10369,1762),(10370,1762),(10376,1763),(10377,1763),(10378,1763),(10379,1763),(10385,1764),(10386,1764),(10387,1764),(10388,1764),(10394,1765),(10395,1765),(10396,1765),(10397,1765),(10403,1766),(10404,1766),(10405,1766),(10406,1766),(10412,1767),(10413,1767),(10414,1767),(10415,1767),(10421,1768),(10422,1768),(10423,1768),(10424,1768),(10430,1769),(10431,1769),(10432,1769),(10433,1769),(10439,1770),(10440,1770),(10441,1770),(10442,1770),(10448,1771),(10449,1771),(10450,1771),(10451,1771),(10457,1772),(10458,1772),(10459,1772),(10460,1772),(10466,1773),(10467,1773),(10468,1773),(10469,1773),(10475,1774),(10476,1774),(10477,1774),(10478,1774),(10484,1775),(10485,1775),(10486,1775),(10487,1775),(10493,1776),(10494,1776),(10495,1776),(10496,1776),(10502,1777),(10503,1777),(10504,1777),(10505,1777),(10511,1778),(10512,1778),(10513,1778),(10514,1778),(10520,1779),(10521,1779),(10522,1779),(10523,1779),(10529,1780),(10530,1780),(10531,1780),(10532,1780),(10538,1781),(10539,1781),(10540,1781),(10541,1781),(10547,1782),(10548,1782),(10549,1782),(10550,1782),(10556,1783),(10557,1783),(10558,1783),(10559,1783),(10565,1784),(10566,1784),(10567,1784),(10568,1784),(10574,1785),(10575,1785),(10576,1785),(10577,1785),(10583,1786),(10584,1786),(10585,1786),(10586,1786),(10592,1787),(10593,1787),(10594,1787),(10595,1787),(10601,1788),(10602,1788),(10603,1788),(10604,1788),(10610,1789),(10611,1789),(10612,1789),(10613,1789),(10619,1790),(10620,1790),(10621,1790),(10622,1790),(10628,1791),(10629,1791),(10630,1791),(10631,1791),(10637,1792),(10638,1792),(10639,1792),(10640,1792),(10646,1793),(10647,1793),(10648,1793),(10649,1793),(10655,1794),(10656,1794),(10657,1794),(10658,1794),(10664,1795),(10665,1795),(10666,1795),(10667,1795),(10673,1796),(10674,1796),(10675,1796),(10676,1796),(10682,1797),(10683,1797),(10684,1797),(10685,1797),(10691,1798),(10692,1798),(10693,1798),(10694,1798),(10700,1799),(10701,1799),(10702,1799),(10703,1799),(10709,1800),(10710,1800),(10711,1800),(10712,1800),(10718,1801),(10719,1801),(10720,1801),(10721,1801),(10727,1802),(10728,1802),(10729,1802),(10730,1802),(10736,1803),(10737,1803),(10738,1803),(10739,1803),(10745,1804),(10746,1804),(10747,1804),(10748,1804),(10754,1805),(10755,1805),(10756,1805),(10757,1805),(10763,1806),(10764,1806),(10765,1806),(10766,1806),(10772,1807),(10773,1807),(10774,1807),(10775,1807),(10781,1808),(10782,1808),(10783,1808),(10784,1808),(10790,1809),(10791,1809),(10792,1809),(10793,1809),(10799,1810),(10800,1810),(10801,1810),(10802,1810),(10808,1811),(10809,1811),(10810,1811),(10811,1811),(10817,1812),(10818,1812),(10819,1812),(10820,1812),(10826,1813),(10827,1813),(10828,1813),(10829,1813),(10835,1814),(10836,1814),(10837,1814),(10838,1814),(10844,1815),(10845,1815),(10846,1815),(10847,1815),(10853,1816),(10854,1816),(10855,1816),(10856,1816),(10862,1817),(10863,1817),(10864,1817),(10865,1817),(10871,1818),(10872,1818),(10873,1818),(10874,1818),(10880,1819),(10881,1819),(10882,1819),(10883,1819),(10889,1820),(10890,1820),(10891,1820),(10892,1820),(10898,1821),(10899,1821),(10900,1821),(10901,1821),(10907,1822),(10908,1822),(10909,1822),(10910,1822),(10916,1823),(10917,1823),(10918,1823),(10919,1823),(10925,1824),(10926,1824),(10927,1824),(10928,1824),(10934,1825),(10935,1825),(10936,1825),(10937,1825),(10943,1826),(10944,1826),(10945,1826),(10946,1826),(10952,1827),(10953,1827),(10954,1827),(10955,1827),(10961,1828),(10962,1828),(10963,1828),(10964,1828),(10970,1829),(10971,1829),(10972,1829),(10973,1829),(10979,1830),(10980,1830),(10981,1830),(10982,1830),(10988,1831),(10989,1831),(10990,1831),(10991,1831),(10997,1832),(10998,1832),(10999,1832),(11000,1832),(11006,1833),(11007,1833),(11008,1833),(11009,1833),(11015,1834),(11016,1834),(11017,1834),(11018,1834),(11024,1835),(11025,1835),(11026,1835),(11027,1835),(11033,1836),(11034,1836),(11035,1836),(11036,1836),(11042,1837),(11043,1837),(11044,1837),(11045,1837),(11051,1838),(11052,1838),(11053,1838),(11054,1838),(11060,1839),(11061,1839),(11062,1839),(11063,1839),(11069,1840),(11070,1840),(11071,1840),(11072,1840),(11078,1841),(11079,1841),(11080,1841),(11081,1841),(11087,1842),(11088,1842),(11089,1842),(11090,1842),(11096,1843),(11097,1843),(11098,1843),(11099,1843),(11105,1844),(11106,1844),(11107,1844),(11108,1844),(11114,1845),(11115,1845),(11116,1845),(11117,1845),(11123,1846),(11124,1846),(11125,1846),(11126,1846),(11132,1847),(11133,1847),(11134,1847),(11135,1847),(11141,1848),(11142,1848),(11143,1848),(11144,1848),(11150,1849),(11151,1849),(11152,1849),(11153,1849),(11159,1850),(11160,1850),(11161,1850),(11162,1850),(11168,1851),(11169,1851),(11170,1851),(11171,1851),(11177,1852),(11178,1852),(11179,1852),(11180,1852),(11186,1853),(11187,1853),(11188,1853),(11189,1853),(11195,1854),(11196,1854),(11197,1854),(11198,1854),(11204,1855),(11205,1855),(11206,1855),(11207,1855),(11213,1856),(11214,1856),(11215,1856),(11216,1856),(11222,1857),(11223,1857),(11224,1857),(11225,1857),(11231,1858),(11232,1858),(11233,1858),(11234,1858),(11240,1859),(11241,1859),(11242,1859),(11243,1859),(11249,1860),(11250,1860),(11251,1860),(11252,1860),(11258,1861),(11259,1861),(11260,1861),(11261,1861),(11267,1862),(11268,1862),(11269,1862),(11270,1862),(11276,1863),(11277,1863),(11278,1863),(11279,1863),(11285,1864),(11286,1864),(11287,1864),(11288,1864),(11294,1865),(11295,1865),(11296,1865),(11297,1865),(11303,1866),(11304,1866),(11305,1866),(11306,1866),(11312,1867),(11313,1867),(11314,1867),(11315,1867),(11321,1868),(11322,1868),(11323,1868),(11324,1868),(11330,1869),(11331,1869),(11332,1869),(11333,1869),(11339,1870),(11340,1870),(11341,1870),(11342,1870),(11348,1871),(11349,1871),(11350,1871),(11351,1871),(11357,1872),(11358,1872),(11359,1872),(11360,1872),(11366,1873),(11367,1873),(11368,1873),(11369,1873),(11375,1874),(11376,1874),(11377,1874),(11378,1874),(11384,1875),(11385,1875),(11386,1875),(11387,1875),(11393,1876),(11394,1876),(11395,1876),(11396,1876),(11402,1877),(11403,1877),(11404,1877),(11405,1877),(11411,1878),(11412,1878),(11413,1878),(11414,1878),(11420,1879),(11421,1879),(11422,1879),(11423,1879),(11429,1880),(11430,1880),(11431,1880),(11432,1880),(11438,1881),(11439,1881),(11440,1881),(11441,1881),(11447,1882),(11448,1882),(11449,1882),(11450,1882),(11456,1883),(11457,1883),(11458,1883),(11459,1883),(11465,1884),(11466,1884),(11467,1884),(11468,1884),(11474,1885),(11475,1885),(11476,1885),(11477,1885),(11483,1886),(11484,1886),(11485,1886),(11486,1886),(11492,1887),(11493,1887),(11494,1887),(11495,1887),(11501,1888),(11502,1888),(11503,1888),(11504,1888),(11510,1889),(11511,1889),(11512,1889),(11513,1889),(11519,1890),(11520,1890),(11521,1890),(11522,1890),(11528,1891),(11529,1891),(11530,1891),(11531,1891),(11537,1892),(11538,1892),(11539,1892),(11540,1892),(11546,1893),(11547,1893),(11548,1893),(11549,1893),(11555,1894),(11556,1894),(11557,1894),(11558,1894),(11564,1895),(11565,1895),(11566,1895),(11567,1895),(11573,1896),(11574,1896),(11575,1896),(11576,1896),(11582,1897),(11583,1897),(11584,1897),(11585,1897),(11591,1898),(11592,1898),(11593,1898),(11594,1898),(11600,1899),(11601,1899),(11602,1899),(11603,1899),(11609,1900),(11610,1900),(11611,1900),(11612,1900),(11618,1901),(11619,1901),(11620,1901),(11621,1901),(11627,1902),(11628,1902),(11629,1902),(11630,1902),(11636,1903),(11637,1903),(11638,1903),(11639,1903),(11645,1904),(11646,1904),(11647,1904),(11648,1904),(11654,1905),(11655,1905),(11656,1905),(11657,1905),(11663,1906),(11664,1906),(11665,1906),(11666,1906),(11672,1907),(11673,1907),(11674,1907),(11675,1907),(11681,1908),(11682,1908),(11683,1908),(11684,1908),(11690,1909),(11691,1909),(11692,1909),(11693,1909),(11699,1910),(11700,1910),(11701,1910),(11702,1910),(11708,1911),(11709,1911),(11710,1911),(11711,1911),(11717,1912),(11718,1912),(11719,1912),(11720,1912),(11726,1913),(11727,1913),(11728,1913),(11729,1913),(11735,1914),(11736,1914),(11737,1914),(11738,1914),(11744,1915),(11745,1915),(11746,1915),(11747,1915),(11753,1916),(11754,1916),(11755,1916),(11756,1916),(11762,1917),(11763,1917),(11764,1917),(11765,1917),(11771,1918),(11772,1918),(11773,1918),(11774,1918),(11780,1919),(11781,1919),(11782,1919),(11783,1919),(11789,1920),(11790,1920),(11791,1920),(11792,1920),(11798,1921),(11799,1921),(11800,1921),(11801,1921),(11807,1922),(11808,1922),(11809,1922),(11810,1922),(11816,1923),(11817,1923),(11818,1923),(11819,1923),(11825,1924),(11826,1924),(11827,1924),(11828,1924),(11834,1925),(11835,1925),(11836,1925),(11837,1925),(11843,1926),(11844,1926),(11845,1926),(11846,1926),(11852,1927),(11853,1927),(11854,1927),(11855,1927),(11861,1928),(11862,1928),(11863,1928),(11864,1928),(11870,1929),(11871,1929),(11872,1929),(11873,1929),(11879,1930),(11880,1930),(11881,1930),(11882,1930),(11888,1931),(11889,1931),(11890,1931),(11891,1931),(11897,1932),(11898,1932),(11899,1932),(11900,1932),(11906,1933),(11907,1933),(11908,1933),(11909,1933),(11915,1934),(11916,1934),(11917,1934),(11918,1934),(11924,1935),(11925,1935),(11926,1935),(11927,1935),(11933,1936),(11934,1936),(11935,1936),(11936,1936),(11942,1937),(11943,1937),(11944,1937),(11945,1937),(11951,1938),(11952,1938),(11953,1938),(11954,1938),(11960,1939),(11961,1939),(11962,1939),(11963,1939),(11969,1940),(11970,1940),(11971,1940),(11972,1940),(11978,1941),(11979,1941),(11980,1941),(11981,1941),(11987,1942),(11988,1942),(11989,1942),(11990,1942),(11996,1943),(11997,1943),(11998,1943),(11999,1943),(12005,1944),(12006,1944),(12007,1944),(12008,1944),(12014,1945),(12015,1945),(12016,1945),(12017,1945),(12023,1946),(12024,1946),(12025,1946),(12026,1946),(12032,1947),(12033,1947),(12034,1947),(12035,1947),(12041,1948),(12042,1948),(12043,1948),(12044,1948),(12050,1949),(12051,1949),(12052,1949),(12053,1949),(12059,1950),(12060,1950),(12061,1950),(12062,1950),(12068,1951),(12069,1951),(12070,1951),(12071,1951),(12077,1952),(12078,1952),(12079,1952),(12080,1952),(12086,1953),(12087,1953),(12088,1953),(12089,1953),(12095,1954),(12096,1954),(12097,1954),(12098,1954),(12104,1955),(12105,1955),(12106,1955),(12107,1955),(12113,1956),(12114,1956),(12115,1956),(12116,1956),(12122,1957),(12123,1957),(12124,1957),(12125,1957),(12131,1958),(12132,1958),(12133,1958),(12134,1958),(12140,1959),(12141,1959),(12142,1959),(12143,1959),(12149,1960),(12150,1960),(12151,1960),(12152,1960),(12158,1961),(12159,1961),(12160,1961),(12161,1961),(12167,1962),(12168,1962),(12169,1962),(12170,1962),(12176,1963),(12177,1963),(12178,1963),(12179,1963),(12185,1964),(12186,1964),(12187,1964),(12188,1964),(12194,1965),(12195,1965),(12196,1965),(12197,1965),(12203,1966),(12204,1966),(12205,1966),(12206,1966),(12212,1967),(12213,1967),(12214,1967),(12215,1967),(12221,1968),(12222,1968),(12223,1968),(12224,1968),(12230,1969),(12231,1969),(12232,1969),(12233,1969),(12239,1970),(12240,1970),(12241,1970),(12242,1970),(12248,1971),(12249,1971),(12250,1971),(12251,1971),(12257,1972),(12258,1972),(12259,1972),(12260,1972),(12266,1973),(12267,1973),(12268,1973),(12269,1973),(12275,1974),(12276,1974),(12277,1974),(12278,1974),(12284,1975),(12285,1975),(12286,1975),(12287,1975),(12293,1976),(12294,1976),(12295,1976),(12296,1976),(12302,1977),(12303,1977),(12304,1977),(12305,1977),(12311,1978),(12312,1978),(12313,1978),(12314,1978),(12320,1979),(12321,1979),(12322,1979),(12323,1979),(12329,1980),(12330,1980),(12331,1980),(12332,1980),(12338,1981),(12339,1981),(12340,1981),(12341,1981),(12347,1982),(12348,1982),(12349,1982),(12350,1982),(12356,1983),(12357,1983),(12358,1983),(12359,1983),(12365,1984),(12366,1984),(12367,1984),(12368,1984),(12374,1985),(12375,1985),(12376,1985),(12377,1985),(12383,1986),(12384,1986),(12385,1986),(12386,1986),(12392,1987),(12393,1987),(12394,1987),(12395,1987),(12401,1988),(12402,1988),(12403,1988),(12404,1988),(12410,1989),(12411,1989),(12412,1989),(12413,1989),(12419,1990),(12420,1990),(12421,1990),(12422,1990),(12428,1991),(12429,1991),(12430,1991),(12431,1991),(12437,1992),(12438,1992),(12439,1992),(12440,1992),(12446,1993),(12447,1993),(12448,1993),(12449,1993),(12455,1994),(12456,1994),(12457,1994),(12458,1994),(12464,1995),(12465,1995),(12466,1995),(12467,1995),(12473,1996),(12474,1996),(12475,1996),(12476,1996),(12482,1997),(12483,1997),(12484,1997),(12485,1997),(12491,1998),(12492,1998),(12493,1998),(12494,1998),(12500,1999),(12501,1999),(12502,1999),(12503,1999),(12509,2000),(12510,2000),(12511,2000),(12512,2000),(12518,2001),(12519,2001),(12520,2001),(12521,2001),(12527,2002),(12528,2002),(12529,2002),(12530,2002),(12536,2003),(12537,2003),(12538,2003),(12539,2003),(12545,2004),(12546,2004),(12547,2004),(12548,2004),(12554,2005),(12555,2005),(12556,2005),(12557,2005),(12563,2006),(12564,2006),(12565,2006),(12566,2006),(12572,2007),(12573,2007),(12574,2007),(12575,2007),(12581,2008),(12582,2008),(12583,2008),(12584,2008),(12590,2009),(12591,2009),(12592,2009),(12593,2009),(12599,2010),(12600,2010),(12601,2010),(12602,2010),(12608,2011),(12609,2011),(12610,2011),(12611,2011),(12617,2012),(12618,2012),(12619,2012),(12620,2012),(12626,2013),(12627,2013),(12628,2013),(12629,2013),(12635,2014),(12636,2014),(12637,2014),(12638,2014),(12644,2015),(12645,2015),(12646,2015),(12647,2015),(12653,2016),(12654,2016),(12655,2016),(12656,2016),(12662,2017),(12663,2017),(12664,2017),(12665,2017),(12671,2018),(12672,2018),(12673,2018),(12674,2018),(12680,2019),(12681,2019),(12682,2019),(12683,2019),(12689,2020),(12690,2020),(12691,2020),(12692,2020),(12698,2021),(12699,2021),(12700,2021),(12701,2021),(12707,2022),(12708,2022),(12709,2022),(12710,2022),(12716,2023),(12717,2023),(12718,2023),(12719,2023),(12725,2024),(12726,2024),(12727,2024),(12728,2024),(12734,2025),(12735,2025),(12736,2025),(12737,2025),(12743,2026),(12744,2026),(12745,2026),(12746,2026),(12752,2027),(12753,2027),(12754,2027),(12755,2027),(12761,2028),(12762,2028),(12763,2028),(12764,2028),(12770,2029),(12771,2029),(12772,2029),(12773,2029),(12779,2030),(12780,2030),(12781,2030),(12782,2030),(12788,2031),(12789,2031),(12790,2031),(12791,2031),(12797,2032),(12798,2032),(12799,2032),(12800,2032),(12806,2033),(12807,2033),(12808,2033),(12809,2033),(12815,2034),(12816,2034),(12817,2034),(12818,2034),(12824,2035),(12825,2035),(12826,2035),(12827,2035),(12833,2036),(12834,2036),(12835,2036),(12836,2036),(12842,2037),(12843,2037),(12844,2037),(12845,2037),(12851,2038),(12852,2038),(12853,2038),(12854,2038),(12860,2039),(12861,2039),(12862,2039),(12863,2039),(12869,2040),(12870,2040),(12871,2040),(12872,2040),(12878,2041),(12879,2041),(12880,2041),(12881,2041),(12887,2042),(12888,2042),(12889,2042),(12890,2042),(12896,2043),(12897,2043),(12898,2043),(12899,2043),(12905,2044),(12906,2044),(12907,2044),(12908,2044),(12914,2045),(12915,2045),(12916,2045),(12917,2045),(12923,2046),(12924,2046),(12925,2046),(12926,2046),(12932,2047),(12933,2047),(12934,2047),(12935,2047),(12941,2048),(12942,2048),(12943,2048),(12944,2048),(12950,2049),(12951,2049),(12952,2049),(12953,2049),(12959,2050),(12960,2050),(12961,2050),(12962,2050),(12968,2051),(12969,2051),(12970,2051),(12971,2051),(12977,2052),(12978,2052),(12979,2052),(12980,2052),(12986,2053),(12987,2053),(12988,2053),(12989,2053),(12995,2054),(12996,2054),(12997,2054),(12998,2054),(13004,2055),(13005,2055),(13006,2055),(13007,2055),(13013,2056),(13014,2056),(13015,2056),(13016,2056),(13022,2057),(13023,2057),(13024,2057),(13025,2057),(13031,2058),(13032,2058),(13033,2058),(13034,2058),(13040,2059),(13041,2059),(13042,2059),(13043,2059),(13049,2060),(13050,2060),(13051,2060),(13052,2060),(13058,2061),(13059,2061),(13060,2061),(13061,2061),(13067,2062),(13068,2062),(13069,2062),(13070,2062),(13076,2063),(13077,2063),(13078,2063),(13079,2063),(13085,2064),(13086,2064),(13087,2064),(13088,2064),(13094,2065),(13095,2065),(13096,2065),(13097,2065),(13103,2066),(13104,2066),(13105,2066),(13106,2066),(13112,2067),(13113,2067),(13114,2067),(13115,2067),(13121,2068),(13122,2068),(13123,2068),(13124,2068),(13130,2069),(13131,2069),(13132,2069),(13133,2069),(13139,2070),(13140,2070),(13141,2070),(13142,2070),(13148,2071),(13149,2071),(13150,2071),(13151,2071),(13157,2072),(13158,2072),(13159,2072),(13160,2072),(13166,2073),(13167,2073),(13168,2073),(13169,2073),(13175,2074),(13176,2074),(13177,2074),(13178,2074),(13184,2075),(13185,2075),(13186,2075),(13187,2075),(13193,2076),(13194,2076),(13195,2076),(13196,2076),(13202,2077),(13203,2077),(13204,2077),(13205,2077),(13211,2078),(13212,2078),(13213,2078),(13214,2078),(13220,2079),(13221,2079),(13222,2079),(13223,2079),(13229,2080),(13230,2080),(13231,2080),(13232,2080),(13238,2081),(13239,2081),(13240,2081),(13241,2081),(13247,2082),(13248,2082),(13249,2082),(13250,2082),(13256,2083),(13257,2083),(13258,2083),(13259,2083),(13265,2084),(13266,2084),(13267,2084),(13268,2084),(13274,2085),(13275,2085),(13276,2085),(13277,2085),(13283,2086),(13284,2086),(13285,2086),(13286,2086),(13292,2087),(13293,2087),(13294,2087),(13295,2087),(13301,2088),(13302,2088),(13303,2088),(13304,2088),(13310,2089),(13311,2089),(13312,2089),(13313,2089),(13319,2090),(13320,2090),(13321,2090),(13322,2090),(13328,2091),(13329,2091),(13330,2091),(13331,2091),(13337,2092),(13338,2092),(13339,2092),(13340,2092),(13346,2093),(13347,2093),(13348,2093),(13349,2093),(13355,2094),(13356,2094),(13357,2094),(13358,2094),(13364,2095),(13365,2095),(13366,2095),(13367,2095),(13373,2096),(13374,2096),(13375,2096),(13376,2096),(13382,2097),(13383,2097),(13384,2097),(13385,2097),(13391,2098),(13392,2098),(13393,2098),(13394,2098),(13400,2099),(13401,2099),(13402,2099),(13403,2099),(13409,2100),(13410,2100),(13411,2100),(13412,2100),(13418,2101),(13419,2101),(13420,2101),(13421,2101),(13427,2102),(13428,2102),(13429,2102),(13430,2102),(13436,2103),(13437,2103),(13438,2103),(13439,2103),(13445,2104),(13446,2104),(13447,2104),(13448,2104),(13454,2105),(13455,2105),(13456,2105),(13457,2105),(13463,2106),(13464,2106),(13465,2106),(13466,2106),(13472,2107),(13473,2107),(13474,2107),(13475,2107),(13481,2108),(13482,2108),(13483,2108),(13484,2108),(13490,2109),(13491,2109),(13492,2109),(13493,2109),(13499,2110),(13500,2110),(13501,2110),(13502,2110),(13508,2111),(13509,2111),(13510,2111),(13511,2111),(13517,2112),(13518,2112),(13519,2112),(13520,2112),(13526,2113),(13527,2113),(13528,2113),(13529,2113),(13535,2114),(13536,2114),(13537,2114),(13538,2114),(13544,2115),(13545,2115),(13546,2115),(13547,2115),(13553,2116),(13554,2116),(13555,2116),(13556,2116),(13562,2117),(13563,2117),(13564,2117),(13565,2117),(13571,2118),(13572,2118),(13573,2118),(13574,2118),(13580,2119),(13581,2119),(13582,2119),(13583,2119),(13589,2120),(13590,2120),(13591,2120),(13592,2120),(13598,2121),(13599,2121),(13600,2121),(13601,2121),(13607,2122),(13608,2122),(13609,2122),(13610,2122),(13616,2123),(13617,2123),(13618,2123),(13619,2123),(13625,2124),(13626,2124),(13627,2124),(13628,2124),(13634,2125),(13635,2125),(13636,2125),(13637,2125),(13643,2126),(13644,2126),(13645,2126),(13646,2126),(13652,2127),(13653,2127),(13654,2127),(13655,2127),(13661,2128),(13662,2128),(13663,2128),(13664,2128),(13670,2129),(13671,2129),(13672,2129),(13673,2129),(13679,2130),(13680,2130),(13681,2130),(13682,2130),(13688,2131),(13689,2131),(13690,2131),(13691,2131),(13697,2132),(13698,2132),(13699,2132),(13700,2132),(13706,2133),(13707,2133),(13708,2133),(13709,2133),(13715,2134),(13716,2134),(13717,2134),(13718,2134),(13724,2135),(13725,2135),(13726,2135),(13727,2135),(13733,2136),(13734,2136),(13735,2136),(13736,2136),(13742,2137),(13743,2137),(13744,2137),(13745,2137),(13751,2138),(13752,2138),(13753,2138),(13754,2138),(13760,2139),(13761,2139),(13762,2139),(13763,2139),(13769,2140),(13770,2140),(13771,2140),(13772,2140),(13778,2141),(13779,2141),(13780,2141),(13781,2141),(13787,2142),(13788,2142),(13789,2142),(13790,2142),(13796,2143),(13797,2143),(13798,2143),(13799,2143),(13805,2144),(13806,2144),(13807,2144),(13808,2144),(13814,2145),(13815,2145),(13816,2145),(13817,2145),(13823,2146),(13824,2146),(13825,2146),(13826,2146),(13832,2147),(13833,2147),(13834,2147),(13835,2147),(13841,2148),(13842,2148),(13843,2148),(13844,2148),(13850,2149),(13851,2149),(13852,2149),(13853,2149),(13859,2150),(13860,2150),(13861,2150),(13862,2150),(13868,2151),(13869,2151),(13870,2151),(13871,2151),(13877,2152),(13878,2152),(13879,2152),(13880,2152),(13886,2153),(13887,2153),(13888,2153),(13889,2153),(13895,2154),(13896,2154),(13897,2154),(13898,2154),(13904,2155),(13905,2155),(13906,2155),(13907,2155),(13913,2156),(13914,2156),(13915,2156),(13916,2156),(13922,2157),(13923,2157),(13924,2157),(13925,2157),(13931,2158),(13932,2158),(13933,2158),(13934,2158),(13940,2159),(13941,2159),(13942,2159),(13943,2159),(13949,2160),(13950,2160),(13951,2160),(13952,2160),(13958,2161),(13959,2161),(13960,2161),(13961,2161),(13967,2162),(13968,2162),(13969,2162),(13970,2162),(13976,2163),(13977,2163),(13978,2163),(13979,2163),(13985,2164),(13986,2164),(13987,2164),(13988,2164),(13994,2165),(13995,2165),(13996,2165),(13997,2165),(14003,2166),(14004,2166),(14005,2166),(14006,2166),(14012,2167),(14013,2167),(14014,2167),(14015,2167),(14021,2168),(14022,2168),(14023,2168),(14024,2168),(14030,2169),(14031,2169),(14032,2169),(14033,2169),(14039,2170),(14040,2170),(14041,2170),(14042,2170),(14048,2171),(14049,2171),(14050,2171),(14051,2171),(14057,2172),(14058,2172),(14059,2172),(14060,2172),(14066,2173),(14067,2173),(14068,2173),(14069,2173),(14075,2174),(14076,2174),(14077,2174),(14078,2174),(14084,2175),(14085,2175),(14086,2175),(14087,2175),(14093,2176),(14094,2176),(14095,2176),(14096,2176),(14102,2177),(14103,2177),(14104,2177),(14105,2177),(14111,2178),(14112,2178),(14113,2178),(14114,2178),(14120,2179),(14121,2179),(14122,2179),(14123,2179),(14129,2180),(14130,2180),(14131,2180),(14132,2180),(14138,2181),(14139,2181),(14140,2181),(14141,2181),(14147,2182),(14148,2182),(14149,2182),(14150,2182),(14156,2183),(14157,2183),(14158,2183),(14159,2183),(14165,2184),(14166,2184),(14167,2184),(14168,2184),(14174,2185),(14175,2185),(14176,2185),(14177,2185),(14183,2186),(14184,2186),(14185,2186),(14186,2186),(14192,2187),(14193,2187),(14194,2187),(14195,2187),(14201,2188),(14202,2188),(14203,2188),(14204,2188),(14210,2189),(14211,2189),(14212,2189),(14213,2189),(14219,2190),(14220,2190),(14221,2190),(14222,2190),(14228,2191),(14229,2191),(14230,2191),(14231,2191),(14237,2192),(14238,2192),(14239,2192),(14240,2192),(14246,2193),(14247,2193),(14248,2193),(14249,2193),(14255,2194),(14256,2194),(14257,2194),(14258,2194),(14264,2195),(14265,2195),(14266,2195),(14267,2195),(14273,2196),(14274,2196),(14275,2196),(14276,2196),(14282,2197),(14283,2197),(14284,2197),(14285,2197),(14291,2198),(14292,2198),(14293,2198),(14294,2198),(14300,2199),(14301,2199),(14302,2199),(14303,2199),(14309,2200),(14310,2200),(14311,2200),(14312,2200),(14318,2201),(14319,2201),(14320,2201),(14321,2201),(14327,2202),(14328,2202),(14329,2202),(14330,2202),(14336,2203),(14337,2203),(14338,2203),(14339,2203),(14345,2204),(14346,2204),(14347,2204),(14348,2204),(14354,2205),(14355,2205),(14356,2205),(14357,2205),(14363,2206),(14364,2206),(14365,2206),(14366,2206),(14372,2207),(14373,2207),(14374,2207),(14375,2207),(14381,2208),(14382,2208),(14383,2208),(14384,2208),(14390,2209),(14391,2209),(14392,2209),(14393,2209),(14399,2210),(14400,2210),(14401,2210),(14402,2210),(14408,2211),(14409,2211),(14410,2211),(14411,2211),(14417,2212),(14418,2212),(14419,2212),(14420,2212),(14426,2213),(14427,2213),(14428,2213),(14429,2213),(14435,2214),(14436,2214),(14437,2214),(14438,2214),(14444,2215),(14445,2215),(14446,2215),(14447,2215),(14453,2216),(14454,2216),(14455,2216),(14456,2216),(14462,2217),(14463,2217),(14464,2217),(14465,2217),(14471,2218),(14472,2218),(14473,2218),(14474,2218),(14480,2219),(14481,2219),(14482,2219),(14483,2219),(14489,2220),(14490,2220),(14491,2220),(14492,2220),(14498,2221),(14499,2221),(14500,2221),(14501,2221),(14507,2222),(14508,2222),(14509,2222),(14510,2222),(14516,2223),(14517,2223),(14518,2223),(14519,2223),(14525,2224),(14526,2224),(14527,2224),(14528,2224),(14534,2225),(14535,2225),(14536,2225),(14537,2225),(14543,2226),(14544,2226),(14545,2226),(14546,2226),(14552,2227),(14553,2227),(14554,2227),(14555,2227),(14561,2228),(14562,2228),(14563,2228),(14564,2228),(14570,2229),(14571,2229),(14572,2229),(14573,2229),(14579,2230),(14580,2230),(14581,2230),(14582,2230),(14588,2231),(14589,2231),(14590,2231),(14591,2231),(14597,2232),(14598,2232),(14599,2232),(14600,2232),(14606,2233),(14607,2233),(14608,2233),(14609,2233),(14615,2234),(14616,2234),(14617,2234),(14618,2234),(14624,2235),(14625,2235),(14626,2235),(14627,2235),(14633,2236),(14634,2236),(14635,2236),(14636,2236),(14642,2237),(14643,2237),(14644,2237),(14645,2237),(14651,2238),(14652,2238),(14653,2238),(14654,2238),(14660,2239),(14661,2239),(14662,2239),(14663,2239),(14669,2240),(14670,2240),(14671,2240),(14672,2240),(14678,2241),(14679,2241),(14680,2241),(14681,2241),(14687,2242),(14688,2242),(14689,2242),(14690,2242),(14696,2243),(14697,2243),(14698,2243),(14699,2243),(14705,2244),(14706,2244),(14707,2244),(14708,2244),(14714,2245),(14715,2245),(14716,2245),(14717,2245),(14723,2246),(14724,2246),(14725,2246),(14726,2246),(14732,2247),(14733,2247),(14734,2247),(14735,2247),(14741,2248),(14742,2248),(14743,2248),(14744,2248),(14750,2249),(14751,2249),(14752,2249),(14753,2249),(14759,2250),(14760,2250),(14761,2250),(14762,2250),(14768,2251),(14769,2251),(14770,2251),(14771,2251),(14777,2252),(14778,2252),(14779,2252),(14780,2252),(14786,2253),(14787,2253),(14788,2253),(14789,2253),(14795,2254),(14796,2254),(14797,2254),(14798,2254),(14804,2255),(14805,2255),(14806,2255),(14807,2255),(14813,2256),(14814,2256),(14815,2256),(14816,2256),(14822,2257),(14823,2257),(14824,2257),(14825,2257),(14831,2258),(14832,2258),(14833,2258),(14834,2258),(14840,2259),(14841,2259),(14842,2259),(14843,2259),(14849,2260),(14850,2260),(14851,2260),(14852,2260),(14858,2261),(14859,2261),(14860,2261),(14861,2261),(14867,2262),(14868,2262),(14869,2262),(14870,2262),(14876,2263),(14877,2263),(14878,2263),(14879,2263),(14885,2264),(14886,2264),(14887,2264),(14888,2264),(14894,2265),(14895,2265),(14896,2265),(14897,2265),(14903,2266),(14904,2266),(14905,2266),(14906,2266),(14912,2267),(14913,2267),(14914,2267),(14915,2267),(14921,2268),(14922,2268),(14923,2268),(14924,2268),(14930,2269),(14931,2269),(14932,2269),(14933,2269),(14939,2270),(14940,2270),(14941,2270),(14942,2270),(14948,2271),(14949,2271),(14950,2271),(14951,2271),(14957,2272),(14958,2272),(14959,2272),(14960,2272),(14966,2273),(14967,2273),(14968,2273),(14969,2273),(14975,2274),(14976,2274),(14977,2274),(14978,2274),(14984,2275),(14985,2275),(14986,2275),(14987,2275),(14993,2276),(14994,2276),(14995,2276),(14996,2276),(15002,2277),(15003,2277),(15004,2277),(15005,2277),(15011,2278),(15012,2278),(15013,2278),(15014,2278),(15020,2279),(15021,2279),(15022,2279),(15023,2279),(15029,2280),(15030,2280),(15031,2280),(15032,2280),(15038,2281),(15039,2281),(15040,2281),(15041,2281),(15047,2282),(15048,2282),(15049,2282),(15050,2282),(15056,2283),(15057,2283),(15058,2283),(15059,2283),(15065,2284),(15066,2284),(15067,2284),(15068,2284),(15074,2285),(15075,2285),(15076,2285),(15077,2285),(15083,2286),(15084,2286),(15085,2286),(15086,2286),(15092,2287),(15093,2287),(15094,2287),(15095,2287),(15101,2288),(15102,2288),(15103,2288),(15104,2288),(15110,2289),(15111,2289),(15112,2289),(15113,2289),(15119,2290),(15120,2290),(15121,2290),(15122,2290),(15128,2291),(15129,2291),(15130,2291),(15131,2291),(15137,2292),(15138,2292),(15139,2292),(15140,2292),(15146,2293),(15147,2293),(15148,2293),(15149,2293),(15155,2294),(15156,2294),(15157,2294),(15158,2294),(15164,2295),(15165,2295),(15166,2295),(15167,2295),(15173,2296),(15174,2296),(15175,2296),(15176,2296),(15182,2297),(15183,2297),(15184,2297),(15185,2297),(15191,2298),(15192,2298),(15193,2298),(15194,2298),(15200,2299),(15201,2299),(15202,2299),(15203,2299),(15209,2300),(15210,2300),(15211,2300),(15212,2300),(15218,2301),(15219,2301),(15220,2301),(15221,2301),(15227,2302),(15228,2302),(15229,2302),(15230,2302),(15236,2303),(15237,2303),(15238,2303),(15239,2303),(15245,2304),(15246,2304),(15247,2304),(15248,2304),(15254,2305),(15255,2305),(15256,2305),(15257,2305),(15263,2306),(15264,2306),(15265,2306),(15266,2306),(15272,2307),(15273,2307),(15274,2307),(15275,2307),(15281,2308),(15282,2308),(15283,2308),(15284,2308),(15290,2309),(15291,2309),(15292,2309),(15293,2309),(15299,2310),(15300,2310),(15301,2310),(15302,2310),(15308,2311),(15309,2311),(15310,2311),(15311,2311),(15317,2312),(15318,2312),(15319,2312),(15320,2312),(15326,2313),(15327,2313),(15328,2313),(15329,2313),(15335,2314),(15336,2314),(15337,2314),(15338,2314),(15344,2315),(15345,2315),(15346,2315),(15347,2315),(15353,2316),(15354,2316),(15355,2316),(15356,2316),(15362,2317),(15363,2317),(15364,2317),(15365,2317),(15371,2318),(15372,2318),(15373,2318),(15374,2318),(15380,2319),(15381,2319),(15382,2319),(15383,2319),(15389,2320),(15390,2320),(15391,2320),(15392,2320),(15398,2321),(15399,2321),(15400,2321),(15401,2321),(15407,2322),(15408,2322),(15409,2322),(15410,2322),(15416,2323),(15417,2323),(15418,2323),(15419,2323),(15425,2324),(15426,2324),(15427,2324),(15428,2324),(15434,2325),(15435,2325),(15436,2325),(15437,2325),(15443,2326),(15444,2326),(15445,2326),(15446,2326),(15452,2327),(15453,2327),(15454,2327),(15455,2327),(15461,2328),(15462,2328),(15463,2328),(15464,2328),(15470,2329),(15471,2329),(15472,2329),(15473,2329),(15479,2330),(15480,2330),(15481,2330),(15482,2330),(15488,2331),(15489,2331),(15490,2331),(15491,2331),(15497,2332),(15498,2332),(15499,2332),(15500,2332),(15506,2333),(15507,2333),(15508,2333),(15509,2333),(15515,2334),(15516,2334),(15517,2334),(15518,2334),(15524,2335),(15525,2335),(15526,2335),(15527,2335),(15533,2336),(15534,2336),(15535,2336),(15536,2336),(15542,2337),(15543,2337),(15544,2337),(15545,2337),(15551,2338),(15552,2338),(15553,2338),(15554,2338),(15560,2339),(15561,2339),(15562,2339),(15563,2339),(15569,2340),(15570,2340),(15571,2340),(15572,2340),(15578,2341),(15579,2341),(15580,2341),(15581,2341),(15587,2342),(15588,2342),(15589,2342),(15590,2342),(15596,2343),(15597,2343),(15598,2343),(15599,2343),(15605,2344),(15606,2344),(15607,2344),(15608,2344),(15614,2345),(15615,2345),(15616,2345),(15617,2345),(15623,2346),(15624,2346),(15625,2346),(15626,2346),(15632,2347),(15633,2347),(15634,2347),(15635,2347),(15641,2348),(15642,2348),(15643,2348),(15644,2348),(15650,2349),(15651,2349),(15652,2349),(15653,2349),(15659,2350),(15660,2350),(15661,2350),(15662,2350),(15668,2351),(15669,2351),(15670,2351),(15671,2351),(15677,2352),(15678,2352),(15679,2352),(15680,2352),(15686,2353),(15687,2353),(15688,2353),(15689,2353),(15695,2354),(15696,2354),(15697,2354),(15698,2354),(15704,2355),(15705,2355),(15706,2355),(15707,2355),(15713,2356),(15714,2356),(15715,2356),(15716,2356),(15722,2357),(15723,2357),(15724,2357),(15725,2357),(15731,2358),(15732,2358),(15733,2358),(15734,2358),(15740,2359),(15741,2359),(15742,2359),(15743,2359),(15749,2360),(15750,2360),(15751,2360),(15752,2360),(15758,2361),(15759,2361),(15760,2361),(15761,2361),(15767,2362),(15768,2362),(15769,2362),(15770,2362),(15776,2363),(15777,2363),(15778,2363),(15779,2363),(15785,2364),(15786,2364),(15787,2364),(15788,2364),(15794,2365),(15795,2365),(15796,2365),(15797,2365),(15803,2366),(15804,2366),(15805,2366),(15806,2366),(15812,2367),(15813,2367),(15814,2367),(15815,2367),(15821,2368),(15822,2368),(15823,2368),(15824,2368),(15830,2369),(15831,2369),(15832,2369),(15833,2369),(15839,2370),(15840,2370),(15841,2370),(15842,2370),(15848,2371),(15849,2371),(15850,2371),(15851,2371),(15857,2372),(15858,2372),(15859,2372),(15860,2372),(15866,2373),(15867,2373),(15868,2373),(15869,2373),(15875,2374),(15876,2374),(15877,2374),(15878,2374),(15884,2375),(15885,2375),(15886,2375),(15887,2375),(15893,2376),(15894,2376),(15895,2376),(15896,2376),(15902,2377),(15903,2377),(15904,2377),(15905,2377),(15911,2378),(15912,2378),(15913,2378),(15914,2378),(15920,2379),(15921,2379),(15922,2379),(15923,2379),(15929,2380),(15930,2380),(15931,2380),(15932,2380),(15938,2381),(15939,2381),(15940,2381),(15941,2381),(15947,2382),(15948,2382),(15949,2382),(15950,2382),(15956,2383),(15957,2383),(15958,2383),(15959,2383),(15965,2384),(15966,2384),(15967,2384),(15968,2384),(15974,2385),(15975,2385),(15976,2385),(15977,2385),(15983,2386),(15984,2386),(15985,2386),(15986,2386),(15992,2387),(15993,2387),(15994,2387),(15995,2387),(16001,2388),(16002,2388),(16003,2388),(16004,2388),(16010,2389),(16011,2389),(16012,2389),(16013,2389),(16019,2390),(16020,2390),(16021,2390),(16022,2390),(16028,2391),(16029,2391),(16030,2391),(16031,2391),(16037,2392),(16038,2392),(16039,2392),(16040,2392),(16046,2393),(16047,2393),(16048,2393),(16049,2393),(16055,2394),(16056,2394),(16057,2394),(16058,2394),(16064,2395),(16065,2395),(16066,2395),(16067,2395),(16073,2396),(16074,2396),(16075,2396),(16076,2396),(16082,2397),(16083,2397),(16084,2397),(16085,2397),(16091,2398),(16092,2398),(16093,2398),(16094,2398),(16100,2399),(16101,2399),(16102,2399),(16103,2399),(16109,2400),(16110,2400),(16111,2400),(16112,2400),(16118,2401),(16119,2401),(16120,2401),(16121,2401),(16127,2402),(16128,2402),(16129,2402),(16130,2402),(16136,2403),(16137,2403),(16138,2403),(16139,2403),(16145,2404),(16146,2404),(16147,2404),(16148,2404),(16154,2405),(16155,2405),(16156,2405),(16157,2405),(16163,2406),(16164,2406),(16165,2406),(16166,2406),(16172,2407),(16173,2407),(16174,2407),(16175,2407),(16181,2408),(16182,2408),(16183,2408),(16184,2408),(16190,2409),(16191,2409),(16192,2409),(16193,2409),(16199,2410),(16200,2410),(16201,2410),(16202,2410),(16208,2411),(16209,2411),(16210,2411),(16211,2411),(16217,2412),(16218,2412),(16219,2412),(16220,2412),(16226,2413),(16227,2413),(16228,2413),(16229,2413),(16235,2414),(16236,2414),(16237,2414),(16238,2414),(16244,2415),(16245,2415),(16246,2415),(16247,2415),(16253,2416),(16254,2416),(16255,2416),(16256,2416),(16262,2417),(16263,2417),(16264,2417),(16265,2417),(16271,2418),(16272,2418),(16273,2418),(16274,2418),(16280,2419),(16281,2419),(16282,2419),(16283,2419),(16289,2420),(16290,2420),(16291,2420),(16292,2420),(16298,2421),(16299,2421),(16300,2421),(16301,2421),(16307,2422),(16308,2422),(16309,2422),(16310,2422),(16316,2423),(16317,2423),(16318,2423),(16319,2423),(16325,2424),(16326,2424),(16327,2424),(16328,2424),(16334,2425),(16335,2425),(16336,2425),(16337,2425),(16343,2426),(16344,2426),(16345,2426),(16346,2426),(16352,2427),(16353,2427),(16354,2427),(16355,2427),(16361,2428),(16362,2428),(16363,2428),(16364,2428),(16370,2429),(16371,2429),(16372,2429),(16373,2429),(16379,2430),(16380,2430),(16381,2430),(16382,2430),(16388,2431),(16389,2431),(16390,2431),(16391,2431),(16397,2432),(16398,2432),(16399,2432),(16400,2432),(16406,2433),(16407,2433),(16408,2433),(16409,2433),(16415,2434),(16416,2434),(16417,2434),(16418,2434),(16424,2435),(16425,2435),(16426,2435),(16427,2435),(16433,2436),(16434,2436),(16435,2436),(16436,2436),(16442,2437),(16443,2437),(16444,2437),(16445,2437),(16451,2438),(16452,2438),(16453,2438),(16454,2438),(16460,2439),(16461,2439),(16462,2439),(16463,2439),(16469,2440),(16470,2440),(16471,2440),(16472,2440),(16478,2441),(16479,2441),(16480,2441),(16481,2441),(16487,2442),(16488,2442),(16489,2442),(16490,2442),(16496,2443),(16497,2443),(16498,2443),(16499,2443),(16505,2444),(16506,2444),(16507,2444),(16508,2444),(16514,2445),(16515,2445),(16516,2445),(16517,2445),(16523,2446),(16524,2446),(16525,2446),(16526,2446),(16532,2447),(16533,2447),(16534,2447),(16535,2447),(16541,2448),(16542,2448),(16543,2448),(16544,2448),(16550,2449),(16551,2449),(16552,2449),(16553,2449),(16559,2450),(16560,2450),(16561,2450),(16562,2450),(16568,2451),(16569,2451),(16570,2451),(16571,2451),(16577,2452),(16578,2452),(16579,2452),(16580,2452),(16586,2453),(16587,2453),(16588,2453),(16589,2453),(16595,2454),(16596,2454),(16597,2454),(16598,2454),(16604,2455),(16605,2455),(16606,2455),(16607,2455),(16613,2456),(16614,2456),(16615,2456),(16616,2456),(16622,2457),(16623,2457),(16624,2457),(16625,2457),(16631,2458),(16632,2458),(16633,2458),(16634,2458),(16640,2459),(16641,2459),(16642,2459),(16643,2459),(16649,2460),(16650,2460),(16651,2460),(16652,2460),(16658,2461),(16659,2461),(16660,2461),(16661,2461),(16667,2462),(16668,2462),(16669,2462),(16670,2462),(16676,2463),(16677,2463),(16678,2463),(16679,2463),(16685,2464),(16686,2464),(16687,2464),(16688,2464),(16694,2465),(16695,2465),(16696,2465),(16697,2465),(16703,2466),(16704,2466),(16705,2466),(16706,2466),(16712,2467),(16713,2467),(16714,2467),(16715,2467),(16721,2468),(16722,2468),(16723,2468),(16724,2468),(16730,2469),(16731,2469),(16732,2469),(16733,2469),(16739,2470),(16740,2470),(16741,2470),(16742,2470),(16748,2471),(16749,2471),(16750,2471),(16751,2471),(16757,2472),(16758,2472),(16759,2472),(16760,2472),(16766,2473),(16767,2473),(16768,2473),(16769,2473),(16775,2474),(16776,2474),(16777,2474),(16778,2474),(16784,2475),(16785,2475),(16786,2475),(16787,2475),(16793,2476),(16794,2476),(16795,2476),(16796,2476),(16802,2477),(16803,2477),(16804,2477),(16805,2477),(16811,2478),(16812,2478),(16813,2478),(16814,2478),(16820,2479),(16821,2479),(16822,2479),(16823,2479),(16829,2480),(16830,2480),(16831,2480),(16832,2480),(16838,2481),(16839,2481),(16840,2481),(16841,2481),(16847,2482),(16848,2482),(16849,2482),(16850,2482),(16856,2483),(16857,2483),(16858,2483),(16859,2483),(16865,2484),(16866,2484),(16867,2484),(16868,2484),(16874,2485),(16875,2485),(16876,2485),(16877,2485),(16883,2486),(16884,2486),(16885,2486),(16886,2486),(16892,2487),(16893,2487),(16894,2487),(16895,2487),(16901,2488),(16902,2488),(16903,2488),(16904,2488),(16910,2489),(16911,2489),(16912,2489),(16913,2489),(16919,2490),(16920,2490),(16921,2490),(16922,2490),(16928,2491),(16929,2491),(16930,2491),(16931,2491),(16937,2492),(16938,2492),(16939,2492),(16940,2492),(16946,2493),(16947,2493),(16948,2493),(16949,2493),(16955,2494),(16956,2494),(16957,2494),(16958,2494),(16964,2495),(16965,2495),(16966,2495),(16967,2495),(16973,2496),(16974,2496),(16975,2496),(16976,2496),(16982,2497),(16983,2497),(16984,2497),(16985,2497),(16991,2498),(16992,2498),(16993,2498),(16994,2498),(17000,2499),(17001,2499),(17002,2499),(17003,2499),(17009,2500),(17010,2500),(17011,2500),(17012,2500),(17018,2501),(17019,2501),(17020,2501),(17021,2501),(17027,2502),(17028,2502),(17029,2502),(17030,2502),(17036,2503),(17037,2503),(17038,2503),(17039,2503),(17045,2504),(17046,2504),(17047,2504),(17048,2504),(17054,2505),(17055,2505),(17056,2505),(17057,2505),(17063,2506),(17064,2506),(17065,2506),(17066,2506),(17072,2507),(17073,2507),(17074,2507),(17075,2507),(17081,2508),(17082,2508),(17083,2508),(17084,2508),(17090,2509),(17091,2509),(17092,2509),(17093,2509),(17099,2510),(17100,2510),(17101,2510),(17102,2510),(17108,2511),(17109,2511),(17110,2511),(17111,2511),(17117,2512),(17118,2512),(17119,2512),(17120,2512),(17126,2513),(17127,2513),(17128,2513),(17129,2513),(17135,2514),(17136,2514),(17137,2514),(17138,2514),(17144,2515),(17145,2515),(17146,2515),(17147,2515),(17153,2516),(17154,2516),(17155,2516),(17156,2516),(17162,2517),(17163,2517),(17164,2517),(17165,2517),(17171,2518),(17172,2518),(17173,2518),(17174,2518),(17180,2519),(17181,2519),(17182,2519),(17183,2519),(17189,2520),(17190,2520),(17191,2520),(17192,2520),(17198,2521),(17199,2521),(17200,2521),(17201,2521),(17207,2522),(17208,2522),(17209,2522),(17210,2522),(17216,2523),(17217,2523),(17218,2523),(17219,2523),(17225,2524),(17226,2524),(17227,2524),(17228,2524),(17234,2525),(17235,2525),(17236,2525),(17237,2525),(17243,2526),(17244,2526),(17245,2526),(17246,2526),(17252,2527),(17253,2527),(17254,2527),(17255,2527),(17261,2528),(17262,2528),(17263,2528),(17264,2528),(17270,2529),(17271,2529),(17272,2529),(17273,2529),(17279,2530),(17280,2530),(17281,2530),(17282,2530),(17288,2531),(17289,2531),(17290,2531),(17291,2531),(17297,2532),(17298,2532),(17299,2532),(17300,2532),(17306,2533),(17307,2533),(17308,2533),(17309,2533),(17315,2534),(17316,2534),(17317,2534),(17318,2534),(17324,2535),(17325,2535),(17326,2535),(17327,2535),(17333,2536),(17334,2536),(17335,2536),(17336,2536),(17342,2537),(17343,2537),(17344,2537),(17345,2537),(17351,2538),(17352,2538),(17353,2538),(17354,2538),(17360,2539),(17361,2539),(17362,2539),(17363,2539),(17369,2540),(17370,2540),(17371,2540),(17372,2540),(17378,2541),(17379,2541),(17380,2541),(17381,2541),(17387,2542),(17388,2542),(17389,2542),(17390,2542),(17396,2543),(17397,2543),(17398,2543),(17399,2543),(17405,2544),(17406,2544),(17407,2544),(17408,2544),(17414,2545),(17415,2545),(17416,2545),(17417,2545),(17423,2546),(17424,2546),(17425,2546),(17426,2546),(17432,2547),(17433,2547),(17434,2547),(17435,2547),(17441,2548),(17442,2548),(17443,2548),(17444,2548),(17450,2549),(17451,2549),(17452,2549),(17453,2549),(17459,2550),(17460,2550),(17461,2550),(17462,2550),(17468,2551),(17469,2551),(17470,2551),(17471,2551),(17477,2552),(17478,2552),(17479,2552),(17480,2552),(17486,2553),(17487,2553),(17488,2553),(17489,2553),(17495,2554),(17496,2554),(17497,2554),(17498,2554),(17504,2555),(17505,2555),(17506,2555),(17507,2555),(17513,2556),(17514,2556),(17515,2556),(17516,2556),(17522,2557),(17523,2557),(17524,2557),(17525,2557),(17531,2558),(17532,2558),(17533,2558),(17534,2558),(17540,2559),(17541,2559),(17542,2559),(17543,2559),(17549,2560),(17550,2560),(17551,2560),(17552,2560),(17558,2561),(17559,2561),(17560,2561),(17561,2561),(17567,2562),(17568,2562),(17569,2562),(17570,2562),(17576,2563),(17577,2563),(17578,2563),(17579,2563),(17585,2564),(17586,2564),(17587,2564),(17588,2564),(17594,2565),(17595,2565),(17596,2565),(17597,2565),(17603,2566),(17604,2566),(17605,2566),(17606,2566),(17612,2567),(17613,2567),(17614,2567),(17615,2567),(17621,2568),(17622,2568),(17623,2568),(17624,2568),(17630,2569),(17631,2569),(17632,2569),(17633,2569),(17639,2570),(17640,2570),(17641,2570),(17642,2570),(17648,2571),(17649,2571),(17650,2571),(17651,2571),(17657,2572),(17658,2572),(17659,2572),(17660,2572),(17666,2573),(17667,2573),(17668,2573),(17669,2573),(17675,2574),(17676,2574),(17677,2574),(17678,2574),(17684,2575),(17685,2575),(17686,2575),(17687,2575),(17693,2576),(17694,2576),(17695,2576),(17696,2576),(17702,2577),(17703,2577),(17704,2577),(17705,2577),(17711,2578),(17712,2578),(17713,2578),(17714,2578),(17720,2579),(17721,2579),(17722,2579),(17723,2579),(17729,2580),(17730,2580),(17731,2580),(17732,2580),(17738,2581),(17739,2581),(17740,2581),(17741,2581),(17747,2582),(17748,2582),(17749,2582),(17750,2582),(17756,2583),(17757,2583),(17758,2583),(17759,2583),(17765,2584),(17766,2584),(17767,2584),(17768,2584),(17774,2585),(17775,2585),(17776,2585),(17777,2585),(17783,2586),(17784,2586),(17785,2586),(17786,2586),(17792,2587),(17793,2587),(17794,2587),(17795,2587),(17801,2588),(17802,2588),(17803,2588),(17804,2588),(17810,2589),(17811,2589),(17812,2589),(17813,2589),(17819,2590),(17820,2590),(17821,2590),(17822,2590),(17828,2591),(17829,2591),(17830,2591),(17831,2591),(17837,2592),(17838,2592),(17839,2592),(17840,2592),(17846,2593),(17847,2593),(17848,2593),(17849,2593),(17855,2594),(17856,2594),(17857,2594),(17858,2594),(17864,2595),(17865,2595),(17866,2595),(17867,2595),(17873,2596),(17874,2596),(17875,2596),(17876,2596),(17882,2597),(17883,2597),(17884,2597),(17885,2597),(17891,2598),(17892,2598),(17893,2598),(17894,2598),(17900,2599),(17901,2599),(17902,2599),(17903,2599),(17909,2600),(17910,2600),(17911,2600),(17912,2600),(17918,2601),(17919,2601),(17920,2601),(17921,2601),(17927,2602),(17928,2602),(17929,2602),(17930,2602),(17936,2603),(17937,2603),(17938,2603),(17939,2603),(17945,2604),(17946,2604),(17947,2604),(17948,2604),(17954,2605),(17955,2605),(17956,2605),(17957,2605),(17963,2606),(17964,2606),(17965,2606),(17966,2606),(17972,2607),(17973,2607),(17974,2607),(17975,2607),(17981,2608),(17982,2608),(17983,2608),(17984,2608),(17990,2609),(17991,2609),(17992,2609),(17993,2609),(17999,2610),(18000,2610),(18001,2610),(18002,2610),(18008,2611),(18009,2611),(18010,2611),(18011,2611),(18017,2612),(18018,2612),(18019,2612),(18020,2612),(18026,2613),(18027,2613),(18028,2613),(18029,2613),(18035,2614),(18036,2614),(18037,2614),(18038,2614),(18044,2615),(18045,2615),(18046,2615),(18047,2615),(18053,2616),(18054,2616),(18055,2616),(18056,2616),(18062,2617),(18063,2617),(18064,2617),(18065,2617),(18071,2618),(18072,2618),(18073,2618),(18074,2618),(18080,2619),(18081,2619),(18082,2619),(18083,2619),(18089,2620),(18090,2620),(18091,2620),(18092,2620),(18098,2621),(18099,2621),(18100,2621),(18101,2621),(18107,2622),(18108,2622),(18109,2622),(18110,2622),(18116,2623),(18117,2623),(18118,2623),(18119,2623),(18125,2624),(18126,2624),(18127,2624),(18128,2624),(18134,2625),(18135,2625),(18136,2625),(18137,2625),(18143,2626),(18144,2626),(18145,2626),(18146,2626),(18152,2627),(18153,2627),(18154,2627),(18155,2627),(18161,2628),(18162,2628),(18163,2628),(18164,2628),(18170,2629),(18171,2629),(18172,2629),(18173,2629),(18179,2630),(18180,2630),(18181,2630),(18182,2630),(18188,2631),(18189,2631),(18190,2631),(18191,2631),(18197,2632),(18198,2632),(18199,2632),(18200,2632),(18206,2633),(18207,2633),(18208,2633),(18209,2633),(18215,2634),(18216,2634),(18217,2634),(18218,2634),(18224,2635),(18225,2635),(18226,2635),(18227,2635),(18233,2636),(18234,2636),(18235,2636),(18236,2636),(18242,2637),(18243,2637),(18244,2637),(18245,2637),(18251,2638),(18252,2638),(18253,2638),(18254,2638),(18260,2639),(18261,2639),(18262,2639),(18263,2639),(18269,2640),(18270,2640),(18271,2640),(18272,2640),(18278,2641),(18279,2641),(18280,2641),(18281,2641),(18287,2642),(18288,2642),(18289,2642),(18290,2642),(18296,2643),(18297,2643),(18298,2643),(18299,2643),(18305,2644),(18306,2644),(18307,2644),(18308,2644),(18314,2645),(18315,2645),(18316,2645),(18317,2645),(18323,2646),(18324,2646),(18325,2646),(18326,2646),(18332,2647),(18333,2647),(18334,2647),(18335,2647),(18341,2648),(18342,2648),(18343,2648),(18344,2648),(18350,2649),(18351,2649),(18352,2649),(18353,2649),(18359,2650),(18360,2650),(18361,2650),(18362,2650),(18368,2651),(18369,2651),(18370,2651),(18371,2651),(18377,2652),(18378,2652),(18379,2652),(18380,2652),(18386,2653),(18387,2653),(18388,2653),(18389,2653),(18395,2654),(18396,2654),(18397,2654),(18398,2654),(18404,2655),(18405,2655),(18406,2655),(18407,2655),(18413,2656),(18414,2656),(18415,2656),(18416,2656),(18422,2657),(18423,2657),(18424,2657),(18425,2657),(18431,2658),(18432,2658),(18433,2658),(18434,2658),(18440,2659),(18441,2659),(18442,2659),(18443,2659),(18449,2660),(18450,2660),(18451,2660),(18452,2660),(18458,2661),(18459,2661),(18460,2661),(18461,2661),(18467,2662),(18468,2662),(18469,2662),(18470,2662),(18476,2663),(18477,2663),(18478,2663),(18479,2663),(18485,2664),(18486,2664),(18487,2664),(18488,2664),(18494,2665),(18495,2665),(18496,2665),(18497,2665),(18503,2666),(18504,2666),(18505,2666),(18506,2666),(18512,2667),(18513,2667),(18514,2667),(18515,2667),(18521,2668),(18522,2668),(18523,2668),(18524,2668),(18530,2669),(18531,2669),(18532,2669),(18533,2669),(18539,2670),(18540,2670),(18541,2670),(18542,2670),(18548,2671),(18549,2671),(18550,2671),(18551,2671),(18557,2672),(18558,2672),(18559,2672),(18560,2672),(18566,2673),(18567,2673),(18568,2673),(18569,2673),(18575,2674),(18576,2674),(18577,2674),(18578,2674),(18584,2675),(18585,2675),(18586,2675),(18587,2675),(18593,2676),(18594,2676),(18595,2676),(18596,2676),(18602,2677),(18603,2677),(18604,2677),(18605,2677),(18611,2678),(18612,2678),(18613,2678),(18614,2678),(18620,2679),(18621,2679),(18622,2679),(18623,2679),(18629,2680),(18630,2680),(18631,2680),(18632,2680),(18638,2681),(18639,2681),(18640,2681),(18641,2681),(18647,2682),(18648,2682),(18649,2682),(18650,2682),(18656,2683),(18657,2683),(18658,2683),(18659,2683),(18665,2684),(18666,2684),(18667,2684),(18668,2684),(18674,2685),(18675,2685),(18676,2685),(18677,2685),(18683,2686),(18684,2686),(18685,2686),(18686,2686),(18692,2687),(18693,2687),(18694,2687),(18695,2687),(18701,2688),(18702,2688),(18703,2688),(18704,2688),(18710,2689),(18711,2689),(18712,2689),(18713,2689),(18719,2690),(18720,2690),(18721,2690),(18722,2690),(18728,2691),(18729,2691),(18730,2691),(18731,2691),(18737,2692),(18738,2692),(18739,2692),(18740,2692),(18746,2693),(18747,2693),(18748,2693),(18749,2693),(18755,2694),(18756,2694),(18757,2694),(18758,2694),(18764,2695),(18765,2695),(18766,2695),(18767,2695),(18773,2696),(18774,2696),(18775,2696),(18776,2696),(18782,2697),(18783,2697),(18784,2697),(18785,2697),(18791,2698),(18792,2698),(18793,2698),(18794,2698),(18800,2699),(18801,2699),(18802,2699),(18803,2699),(18809,2700),(18810,2700),(18811,2700),(18812,2700),(18818,2701),(18819,2701),(18820,2701),(18821,2701),(18827,2702),(18828,2702),(18829,2702),(18830,2702),(18836,2703),(18837,2703),(18838,2703),(18839,2703),(18845,2704),(18846,2704),(18847,2704),(18848,2704),(18854,2705),(18855,2705),(18856,2705),(18857,2705),(18863,2706),(18864,2706),(18865,2706),(18866,2706),(18872,2707),(18873,2707),(18874,2707),(18875,2707),(18881,2708),(18882,2708),(18883,2708),(18884,2708),(18890,2709),(18891,2709),(18892,2709),(18893,2709),(18899,2710),(18900,2710),(18901,2710),(18902,2710),(18908,2711),(18909,2711),(18910,2711),(18911,2711),(18917,2712),(18918,2712),(18919,2712),(18920,2712),(18926,2713),(18927,2713),(18928,2713),(18929,2713),(18935,2714),(18936,2714),(18937,2714),(18938,2714),(18944,2715),(18945,2715),(18946,2715),(18947,2715),(18953,2716),(18954,2716),(18955,2716),(18956,2716),(18962,2717),(18963,2717),(18964,2717),(18965,2717),(18971,2718),(18972,2718),(18973,2718),(18974,2718),(18980,2719),(18981,2719),(18982,2719),(18983,2719),(18989,2720),(18990,2720),(18991,2720),(18992,2720),(18998,2721),(18999,2721),(19000,2721),(19001,2721),(19007,2722),(19008,2722),(19009,2722),(19010,2722),(19016,2723),(19017,2723),(19018,2723),(19019,2723),(19025,2724),(19026,2724),(19027,2724),(19028,2724),(19034,2725),(19035,2725),(19036,2725),(19037,2725),(19043,2726),(19044,2726),(19045,2726),(19046,2726),(19052,2727),(19053,2727),(19054,2727),(19055,2727),(19061,2728),(19062,2728),(19063,2728),(19064,2728),(19070,2729),(19071,2729),(19072,2729),(19073,2729),(19079,2730),(19080,2730),(19081,2730),(19082,2730),(19088,2731),(19089,2731),(19090,2731),(19091,2731),(19097,2732),(19098,2732),(19099,2732),(19100,2732),(19106,2733),(19107,2733),(19108,2733),(19109,2733),(19115,2734),(19116,2734),(19117,2734),(19118,2734),(19124,2735),(19125,2735),(19126,2735),(19127,2735),(19133,2736),(19134,2736),(19135,2736),(19136,2736),(19142,2737),(19143,2737),(19144,2737),(19145,2737),(19151,2738),(19152,2738),(19153,2738),(19154,2738),(19160,2739),(19161,2739),(19162,2739),(19163,2739),(19169,2740),(19170,2740),(19171,2740),(19172,2740),(19178,2741),(19179,2741),(19180,2741),(19181,2741),(19187,2742),(19188,2742),(19189,2742),(19190,2742),(19196,2743),(19197,2743),(19198,2743),(19199,2743),(19205,2744),(19206,2744),(19207,2744),(19208,2744),(19214,2745),(19215,2745),(19216,2745),(19217,2745),(19223,2746),(19224,2746),(19225,2746),(19226,2746),(19232,2747),(19233,2747),(19234,2747),(19235,2747),(19241,2748),(19242,2748),(19243,2748),(19244,2748),(19250,2749),(19251,2749),(19252,2749),(19253,2749),(19259,2750),(19260,2750),(19261,2750),(19262,2750),(19268,2751),(19269,2751),(19270,2751),(19271,2751),(19277,2752),(19278,2752),(19279,2752),(19280,2752),(19286,2753),(19287,2753),(19288,2753),(19289,2753),(19295,2754),(19296,2754),(19297,2754),(19298,2754),(19304,2755),(19305,2755),(19306,2755),(19307,2755),(19313,2756),(19314,2756),(19315,2756),(19316,2756),(19322,2757),(19323,2757),(19324,2757),(19325,2757),(19331,2758),(19332,2758),(19333,2758),(19334,2758),(19340,2759),(19341,2759),(19342,2759),(19343,2759),(19349,2760),(19350,2760),(19351,2760),(19352,2760),(19358,2761),(19359,2761),(19360,2761),(19361,2761),(19367,2762),(19368,2762),(19369,2762),(19370,2762),(19376,2763),(19377,2763),(19378,2763),(19379,2763),(19385,2764),(19386,2764),(19387,2764),(19388,2764),(19394,2765),(19395,2765),(19396,2765),(19397,2765),(19403,2766),(19404,2766),(19405,2766),(19406,2766),(19412,2767),(19413,2767),(19414,2767),(19415,2767),(19421,2768),(19422,2768),(19423,2768),(19424,2768),(19430,2769),(19431,2769),(19432,2769),(19433,2769),(19439,2770),(19440,2770),(19441,2770),(19442,2770),(19448,2771),(19449,2771),(19450,2771),(19451,2771),(19457,2772),(19458,2772),(19459,2772),(19460,2772),(19466,2773),(19467,2773),(19468,2773),(19469,2773),(19475,2774),(19476,2774),(19477,2774),(19478,2774),(19484,2775),(19485,2775),(19486,2775),(19487,2775),(19493,2776),(19494,2776),(19495,2776),(19496,2776),(19502,2777),(19503,2777),(19504,2777),(19505,2777),(19511,2778),(19512,2778),(19513,2778),(19514,2778),(19520,2779),(19521,2779),(19522,2779),(19523,2779),(19529,2780),(19530,2780),(19531,2780),(19532,2780),(19538,2781),(19539,2781),(19540,2781),(19541,2781),(19547,2782),(19548,2782),(19549,2782),(19550,2782),(19556,2783),(19557,2783),(19558,2783),(19559,2783),(19565,2784),(19566,2784),(19567,2784),(19568,2784),(19574,2785),(19575,2785),(19576,2785),(19577,2785),(19583,2786),(19584,2786),(19585,2786),(19586,2786),(19592,2787),(19593,2787),(19594,2787),(19595,2787),(19601,2788),(19602,2788),(19603,2788),(19604,2788),(19610,2789),(19611,2789),(19612,2789),(19613,2789),(19619,2790),(19620,2790),(19621,2790),(19622,2790),(19628,2791),(19629,2791),(19630,2791),(19631,2791),(19637,2792),(19638,2792),(19639,2792),(19640,2792),(19646,2793),(19647,2793),(19648,2793),(19649,2793),(19655,2794),(19656,2794),(19657,2794),(19658,2794),(19664,2795),(19665,2795),(19666,2795),(19667,2795),(19673,2796),(19674,2796),(19675,2796),(19676,2796),(19682,2797),(19683,2797),(19684,2797),(19685,2797),(19691,2798),(19692,2798),(19693,2798),(19694,2798),(19700,2799),(19701,2799),(19702,2799),(19703,2799),(19709,2800),(19710,2800),(19711,2800),(19712,2800),(19718,2801),(19719,2801),(19720,2801),(19721,2801),(19727,2802),(19728,2802),(19729,2802),(19730,2802),(19736,2803),(19737,2803),(19738,2803),(19739,2803),(19745,2804),(19746,2804),(19747,2804),(19748,2804),(19754,2805),(19755,2805),(19756,2805),(19757,2805),(19763,2806),(19764,2806),(19765,2806),(19766,2806),(19772,2807),(19773,2807),(19774,2807),(19775,2807),(19781,2808),(19782,2808),(19783,2808),(19784,2808),(19790,2809),(19791,2809),(19792,2809),(19793,2809),(19799,2810),(19800,2810),(19801,2810),(19802,2810),(19808,2811),(19809,2811),(19810,2811),(19811,2811),(19817,2812),(19818,2812),(19819,2812),(19820,2812),(19826,2813),(19827,2813),(19828,2813),(19829,2813),(19835,2814),(19836,2814),(19837,2814),(19838,2814),(19844,2815),(19845,2815),(19846,2815),(19847,2815),(19853,2816),(19854,2816),(19855,2816),(19856,2816),(19862,2817),(19863,2817),(19864,2817),(19865,2817),(19871,2818),(19872,2818),(19873,2818),(19874,2818),(19880,2819),(19881,2819),(19882,2819),(19883,2819),(19889,2820),(19890,2820),(19891,2820),(19892,2820),(19898,2821),(19899,2821),(19900,2821),(19901,2821),(19907,2822),(19908,2822),(19909,2822),(19910,2822),(19916,2823),(19917,2823),(19918,2823),(19919,2823),(19925,2824),(19926,2824),(19927,2824),(19928,2824),(19934,2825),(19935,2825),(19936,2825),(19937,2825),(19943,2826),(19944,2826),(19945,2826),(19946,2826),(19952,2827),(19953,2827),(19954,2827),(19955,2827),(19961,2828),(19962,2828),(19963,2828),(19964,2828),(19970,2829),(19971,2829),(19972,2829),(19973,2829),(19979,2830),(19980,2830),(19981,2830),(19982,2830),(19988,2831),(19989,2831),(19990,2831),(19991,2831),(19997,2832),(19998,2832),(19999,2832),(20000,2832),(20006,2833),(20007,2833),(20008,2833),(20009,2833),(20015,2834),(20016,2834),(20017,2834),(20018,2834),(20024,2835),(20025,2835),(20026,2835),(20027,2835),(20033,2836),(20034,2836),(20035,2836),(20036,2836),(20042,2837),(20043,2837),(20044,2837),(20045,2837),(20051,2838),(20052,2838),(20053,2838),(20054,2838),(20060,2839),(20061,2839),(20062,2839),(20063,2839),(20069,2840),(20070,2840),(20071,2840),(20072,2840),(20078,2841),(20079,2841),(20080,2841),(20081,2841),(20087,2842),(20088,2842),(20089,2842),(20090,2842),(20096,2843),(20097,2843),(20098,2843),(20099,2843),(20105,2844),(20106,2844),(20107,2844),(20108,2844),(20114,2845),(20115,2845),(20116,2845),(20117,2845),(20123,2846),(20124,2846),(20125,2846),(20126,2846),(20132,2847),(20133,2847),(20134,2847),(20135,2847),(20141,2848),(20142,2848),(20143,2848),(20144,2848),(20150,2849),(20151,2849),(20152,2849),(20153,2849),(20159,2850),(20160,2850),(20161,2850),(20162,2850),(20168,2851),(20169,2851),(20170,2851),(20171,2851),(20177,2852),(20178,2852),(20179,2852),(20180,2852),(20186,2853),(20187,2853),(20188,2853),(20189,2853),(20195,2854),(20196,2854),(20197,2854),(20198,2854),(20204,2855),(20205,2855),(20206,2855),(20207,2855),(20213,2856),(20214,2856),(20215,2856),(20216,2856),(20222,2857),(20223,2857),(20224,2857),(20225,2857),(20231,2858),(20232,2858),(20233,2858),(20234,2858),(20240,2859),(20241,2859),(20242,2859),(20243,2859),(20249,2860),(20250,2860),(20251,2860),(20252,2860),(20258,2861),(20259,2861),(20260,2861),(20261,2861),(20267,2862),(20268,2862),(20269,2862),(20270,2862),(20276,2863),(20277,2863),(20278,2863),(20279,2863),(20285,2864),(20286,2864),(20287,2864),(20288,2864),(20294,2865),(20295,2865),(20296,2865),(20297,2865),(20303,2866),(20304,2866),(20305,2866),(20306,2866),(20312,2867),(20313,2867),(20314,2867),(20315,2867),(20321,2868),(20322,2868),(20323,2868),(20324,2868),(20330,2869),(20331,2869),(20332,2869),(20333,2869),(20339,2870),(20340,2870),(20341,2870),(20342,2870),(20348,2871),(20349,2871),(20350,2871),(20351,2871),(20357,2872),(20358,2872),(20359,2872),(20360,2872),(20366,2873),(20367,2873),(20368,2873),(20369,2873),(20375,2874),(20376,2874),(20377,2874),(20378,2874),(20384,2875),(20385,2875),(20386,2875),(20387,2875),(20393,2876),(20394,2876),(20395,2876),(20396,2876),(20402,2877),(20403,2877),(20404,2877),(20405,2877),(20411,2878),(20412,2878),(20413,2878),(20414,2878),(20420,2879),(20421,2879),(20422,2879),(20423,2879),(20429,2880),(20430,2880),(20431,2880),(20432,2880),(20438,2881),(20439,2881),(20440,2881),(20441,2881),(20447,2882),(20448,2882),(20449,2882),(20450,2882),(20456,2883),(20457,2883),(20458,2883),(20459,2883),(20465,2884),(20466,2884),(20467,2884),(20468,2884),(20474,2885),(20475,2885),(20476,2885),(20477,2885),(20483,2886),(20484,2886),(20485,2886),(20486,2886),(20492,2887),(20493,2887),(20494,2887),(20495,2887),(20501,2888),(20502,2888),(20503,2888),(20504,2888),(20510,2889),(20511,2889),(20512,2889),(20513,2889),(20519,2890),(20520,2890),(20521,2890),(20522,2890),(20528,2891),(20529,2891),(20530,2891),(20531,2891),(20537,2892),(20538,2892),(20539,2892),(20540,2892),(20546,2893),(20547,2893),(20548,2893),(20549,2893),(20555,2894),(20556,2894),(20557,2894),(20558,2894),(20564,2895),(20565,2895),(20566,2895),(20567,2895),(20573,2896),(20574,2896),(20575,2896),(20576,2896),(20582,2897),(20583,2897),(20584,2897),(20585,2897),(20591,2898),(20592,2898),(20593,2898),(20594,2898),(20600,2899),(20601,2899),(20602,2899),(20603,2899),(20609,2900),(20610,2900),(20611,2900),(20612,2900),(20618,2901),(20619,2901),(20620,2901),(20621,2901),(20627,2902),(20628,2902),(20629,2902),(20630,2902),(20636,2903),(20637,2903),(20638,2903),(20639,2903),(20645,2904),(20646,2904),(20647,2904),(20648,2904),(20654,2905),(20655,2905),(20656,2905),(20657,2905),(20663,2906),(20664,2906),(20665,2906),(20666,2906),(20672,2907),(20673,2907),(20674,2907),(20675,2907),(20681,2908),(20682,2908),(20683,2908),(20684,2908),(20690,2909),(20691,2909),(20692,2909),(20693,2909),(20699,2910),(20700,2910),(20701,2910),(20702,2910),(20708,2911),(20709,2911),(20710,2911),(20711,2911),(20717,2912),(20718,2912),(20719,2912),(20720,2912),(20726,2913),(20727,2913),(20728,2913),(20729,2913),(20735,2914),(20736,2914),(20737,2914),(20738,2914),(20744,2915),(20745,2915),(20746,2915),(20747,2915),(20753,2916),(20754,2916),(20755,2916),(20756,2916),(20762,2917),(20763,2917),(20764,2917),(20765,2917),(20771,2918),(20772,2918),(20773,2918),(20774,2918),(20780,2919),(20781,2919),(20782,2919),(20783,2919),(20789,2920),(20790,2920),(20791,2920),(20792,2920),(20798,2921),(20799,2921),(20800,2921),(20801,2921),(20807,2922),(20808,2922),(20809,2922),(20810,2922),(20816,2923),(20817,2923),(20818,2923),(20819,2923),(20825,2924),(20826,2924),(20827,2924),(20828,2924),(20834,2925),(20835,2925),(20836,2925),(20837,2925),(20843,2926),(20844,2926),(20845,2926),(20846,2926),(20852,2927),(20853,2927),(20854,2927),(20855,2927),(20861,2928),(20862,2928),(20863,2928),(20864,2928),(20870,2929),(20871,2929),(20872,2929),(20873,2929),(20879,2930),(20880,2930),(20881,2930),(20882,2930),(20888,2931),(20889,2931),(20890,2931),(20891,2931),(20897,2932),(20898,2932),(20899,2932),(20900,2932),(20906,2933),(20907,2933),(20908,2933),(20909,2933),(20915,2934),(20916,2934),(20917,2934),(20918,2934),(20924,2935),(20925,2935),(20926,2935),(20927,2935),(20933,2936),(20934,2936),(20935,2936),(20936,2936),(20942,2937),(20943,2937),(20944,2937),(20945,2937),(20951,2938),(20952,2938),(20953,2938),(20954,2938),(20960,2939),(20961,2939),(20962,2939),(20963,2939),(20969,2940),(20970,2940),(20971,2940),(20972,2940),(20978,2941),(20979,2941),(20980,2941),(20981,2941),(20987,2942),(20988,2942),(20989,2942),(20990,2942),(20996,2943),(20997,2943),(20998,2943),(20999,2943),(21005,2944),(21006,2944),(21007,2944),(21008,2944),(21014,2945),(21015,2945),(21016,2945),(21017,2945),(21023,2946),(21024,2946),(21025,2946),(21026,2946),(21032,2947),(21033,2947),(21034,2947),(21035,2947),(21041,2948),(21042,2948),(21043,2948),(21044,2948),(21050,2949),(21051,2949),(21052,2949),(21053,2949),(21059,2950),(21060,2950),(21061,2950),(21062,2950),(21068,2951),(21069,2951),(21070,2951),(21071,2951),(21077,2952),(21078,2952),(21079,2952),(21080,2952),(21086,2953),(21087,2953),(21088,2953),(21089,2953),(21095,2954),(21096,2954),(21097,2954),(21098,2954),(21104,2955),(21105,2955),(21106,2955),(21107,2955),(21113,2956),(21114,2956),(21115,2956),(21116,2956),(21122,2957),(21123,2957),(21124,2957),(21125,2957),(21131,2958),(21132,2958),(21133,2958),(21134,2958),(21140,2959),(21141,2959),(21142,2959),(21143,2959),(21149,2960),(21150,2960),(21151,2960),(21152,2960),(21158,2961),(21159,2961),(21160,2961),(21161,2961),(21167,2962),(21168,2962),(21169,2962),(21170,2962),(21176,2963),(21177,2963),(21178,2963),(21179,2963),(21185,2964),(21186,2964),(21187,2964),(21188,2964),(21194,2965),(21195,2965),(21196,2965),(21197,2965),(21203,2966),(21204,2966),(21205,2966),(21206,2966),(21212,2967),(21213,2967),(21214,2967),(21215,2967),(21221,2968),(21222,2968),(21223,2968),(21224,2968),(21230,2969),(21231,2969),(21232,2969),(21233,2969),(21239,2970),(21240,2970),(21241,2970),(21242,2970),(21248,2971),(21249,2971),(21250,2971),(21251,2971),(21257,2972),(21258,2972),(21259,2972),(21260,2972),(21266,2973),(21267,2973),(21268,2973),(21269,2973),(21275,2974),(21276,2974),(21277,2974),(21278,2974),(21284,2975),(21285,2975),(21286,2975),(21287,2975),(21293,2976),(21294,2976),(21295,2976),(21296,2976),(21302,2977),(21303,2977),(21304,2977),(21305,2977),(21311,2978),(21312,2978),(21313,2978),(21314,2978),(21320,2979),(21321,2979),(21322,2979),(21323,2979),(21329,2980),(21330,2980),(21331,2980),(21332,2980),(21338,2981),(21339,2981),(21340,2981),(21341,2981),(21347,2982),(21348,2982),(21349,2982),(21350,2982),(21356,2983),(21357,2983),(21358,2983),(21359,2983),(21365,2984),(21366,2984),(21367,2984),(21368,2984),(21374,2985),(21375,2985),(21376,2985),(21377,2985),(21383,2986),(21384,2986),(21385,2986),(21386,2986),(21392,2987),(21393,2987),(21394,2987),(21395,2987),(21401,2988),(21402,2988),(21403,2988),(21404,2988),(21410,2989),(21411,2989),(21412,2989),(21413,2989),(21419,2990),(21420,2990),(21421,2990),(21422,2990),(21428,2991),(21429,2991),(21430,2991),(21431,2991),(21437,2992),(21438,2992),(21439,2992),(21440,2992),(21446,2993),(21447,2993),(21448,2993),(21449,2993),(21455,2994),(21456,2994),(21457,2994),(21458,2994),(21464,2995),(21465,2995),(21466,2995),(21467,2995),(21473,2996),(21474,2996),(21475,2996),(21476,2996),(21482,2997),(21483,2997),(21484,2997),(21485,2997),(21491,2998),(21492,2998),(21493,2998),(21494,2998),(21500,2999),(21501,2999),(21502,2999),(21503,2999),(21509,3000),(21510,3000),(21511,3000),(21512,3000),(21518,3001),(21519,3001),(21520,3001),(21521,3001),(21527,3002),(21528,3002),(21529,3002),(21530,3002),(21536,3003),(21537,3003),(21538,3003),(21539,3003),(21545,3004),(21546,3004),(21547,3004),(21548,3004),(21554,3005),(21555,3005),(21556,3005),(21557,3005),(21563,3006),(21564,3006),(21565,3006),(21566,3006),(21572,3007),(21573,3007),(21574,3007),(21575,3007),(21581,3008),(21582,3008),(21583,3008),(21584,3008),(21590,3009),(21591,3009),(21592,3009),(21593,3009),(21599,3010),(21600,3010),(21601,3010),(21602,3010),(21608,3011),(21609,3011),(21610,3011),(21611,3011),(21617,3012),(21618,3012),(21619,3012),(21620,3012),(21626,3013),(21627,3013),(21628,3013),(21629,3013),(21635,3014),(21636,3014),(21637,3014),(21638,3014),(21644,3015),(21645,3015),(21646,3015),(21647,3015),(21653,3016),(21654,3016),(21655,3016),(21656,3016),(21662,3017),(21663,3017),(21664,3017),(21665,3017),(21671,3018),(21672,3018),(21673,3018),(21674,3018),(21680,3019),(21681,3019),(21682,3019),(21683,3019),(21689,3020),(21690,3020),(21691,3020),(21692,3020),(21698,3021),(21699,3021),(21700,3021),(21701,3021),(21707,3022),(21708,3022),(21709,3022),(21710,3022),(21716,3023),(21717,3023),(21718,3023),(21719,3023),(21725,3024),(21726,3024),(21727,3024),(21728,3024),(21734,3025),(21735,3025),(21736,3025),(21737,3025),(21743,3026),(21744,3026),(21745,3026),(21746,3026),(21752,3027),(21753,3027),(21754,3027),(21755,3027),(21761,3028),(21762,3028),(21763,3028),(21764,3028),(21770,3029),(21771,3029),(21772,3029),(21773,3029),(21779,3030),(21780,3030),(21781,3030),(21782,3030),(21788,3031),(21789,3031),(21790,3031),(21791,3031),(21797,3032),(21798,3032),(21799,3032),(21800,3032),(21806,3033),(21807,3033),(21808,3033),(21809,3033),(21815,3034),(21816,3034),(21817,3034),(21818,3034),(21824,3035),(21825,3035),(21826,3035),(21827,3035),(21833,3036),(21834,3036),(21835,3036),(21836,3036),(21842,3037),(21843,3037),(21844,3037),(21845,3037),(21851,3038),(21852,3038),(21853,3038),(21854,3038),(21860,3039),(21861,3039),(21862,3039),(21863,3039),(21869,3040),(21870,3040),(21871,3040),(21872,3040),(21878,3041),(21879,3041),(21880,3041),(21881,3041),(21887,3042),(21888,3042),(21889,3042),(21890,3042),(21896,3043),(21897,3043),(21898,3043),(21899,3043),(21905,3044),(21906,3044),(21907,3044),(21908,3044),(21914,3045),(21915,3045),(21916,3045),(21917,3045),(21923,3046),(21924,3046),(21925,3046),(21926,3046),(21932,3047),(21933,3047),(21934,3047),(21935,3047),(21941,3048),(21942,3048),(21943,3048),(21944,3048),(21950,3049),(21951,3049),(21952,3049),(21953,3049),(21959,3050),(21960,3050),(21961,3050),(21962,3050),(21968,3051),(21969,3051),(21970,3051),(21971,3051),(21977,3052),(21978,3052),(21979,3052),(21980,3052),(21986,3053),(21987,3053),(21988,3053),(21989,3053),(21995,3054),(21996,3054),(21997,3054),(21998,3054),(22004,3055),(22005,3055),(22006,3055),(22007,3055),(22013,3056),(22014,3056),(22015,3056),(22016,3056),(22022,3057),(22023,3057),(22024,3057),(22025,3057),(22031,3058),(22032,3058),(22033,3058),(22034,3058),(22040,3059),(22041,3059),(22042,3059),(22043,3059),(22049,3060),(22050,3060),(22051,3060),(22052,3060),(22058,3061),(22059,3061),(22060,3061),(22061,3061),(22067,3062),(22068,3062),(22069,3062),(22070,3062),(22076,3063),(22077,3063),(22078,3063),(22079,3063),(22085,3064),(22086,3064),(22087,3064),(22088,3064),(22094,3065),(22095,3065),(22096,3065),(22097,3065),(22103,3066),(22104,3066),(22105,3066),(22106,3066),(22112,3067),(22113,3067),(22114,3067),(22115,3067),(22121,3068),(22122,3068),(22123,3068),(22124,3068),(22130,3069),(22131,3069),(22132,3069),(22133,3069),(22139,3070),(22140,3070),(22141,3070),(22142,3070),(22148,3071),(22149,3071),(22150,3071),(22151,3071),(22157,3072),(22158,3072),(22159,3072),(22160,3072),(22166,3073),(22167,3073),(22168,3073),(22169,3073),(22175,3074),(22176,3074),(22177,3074),(22178,3074),(22184,3075),(22185,3075),(22186,3075),(22187,3075),(22193,3076),(22194,3076),(22195,3076),(22196,3076),(22202,3077),(22203,3077),(22204,3077),(22205,3077),(22211,3078),(22212,3078),(22213,3078),(22214,3078),(22220,3079),(22221,3079),(22222,3079),(22223,3079),(22229,3080),(22230,3080),(22231,3080),(22232,3080),(22238,3081),(22239,3081),(22240,3081),(22241,3081),(22247,3082),(22248,3082),(22249,3082),(22250,3082),(22256,3083),(22257,3083),(22258,3083),(22259,3083),(22265,3084),(22266,3084),(22267,3084),(22268,3084),(22274,3085),(22275,3085),(22276,3085),(22277,3085),(22283,3086),(22284,3086),(22285,3086),(22286,3086),(22292,3087),(22293,3087),(22294,3087),(22295,3087),(22301,3088),(22302,3088),(22303,3088),(22304,3088),(22310,3089),(22311,3089),(22312,3089),(22313,3089),(22319,3090),(22320,3090),(22321,3090),(22322,3090),(22328,3091),(22329,3091),(22330,3091),(22331,3091),(22337,3092),(22338,3092),(22339,3092),(22340,3092),(22346,3093),(22347,3093),(22348,3093),(22349,3093),(22355,3094),(22356,3094),(22357,3094),(22358,3094),(22364,3095),(22365,3095),(22366,3095),(22367,3095),(22373,3096),(22374,3096),(22375,3096),(22376,3096),(22382,3097),(22383,3097),(22384,3097),(22385,3097),(22391,3098),(22392,3098),(22393,3098),(22394,3098),(22400,3099),(22401,3099),(22402,3099),(22403,3099),(22409,3100),(22410,3100),(22411,3100),(22412,3100),(22418,3101),(22419,3101),(22420,3101),(22421,3101),(22427,3102),(22428,3102),(22429,3102),(22430,3102),(22436,3103),(22437,3103),(22438,3103),(22439,3103),(22445,3104),(22446,3104),(22447,3104),(22448,3104),(22454,3105),(22455,3105),(22456,3105),(22457,3105),(22463,3106),(22464,3106),(22465,3106),(22466,3106),(22472,3107),(22473,3107),(22474,3107),(22475,3107),(22481,3108),(22482,3108),(22483,3108),(22484,3108),(22490,3109),(22491,3109),(22492,3109),(22493,3109),(22499,3110),(22500,3110),(22501,3110),(22502,3110),(22508,3111),(22509,3111),(22510,3111),(22511,3111),(22517,3112),(22518,3112),(22519,3112),(22520,3112),(22526,3113),(22527,3113),(22528,3113),(22529,3113),(22535,3114),(22536,3114),(22537,3114),(22538,3114),(22544,3115),(22545,3115),(22546,3115),(22547,3115),(22553,3116),(22554,3116),(22555,3116),(22556,3116),(22562,3117),(22563,3117),(22564,3117),(22565,3117),(22571,3118),(22572,3118),(22573,3118),(22574,3118),(22580,3119),(22581,3119),(22582,3119),(22583,3119),(22589,3120),(22590,3120),(22591,3120),(22592,3120),(22598,3121),(22599,3121),(22600,3121),(22601,3121),(22607,3122),(22608,3122),(22609,3122),(22610,3122),(22616,3123),(22617,3123),(22618,3123),(22619,3123),(22625,3124),(22626,3124),(22627,3124),(22628,3124),(22634,3125),(22635,3125),(22636,3125),(22637,3125),(22643,3126),(22644,3126),(22645,3126),(22646,3126),(22652,3127),(22653,3127),(22654,3127),(22655,3127),(22661,3128),(22662,3128),(22663,3128),(22664,3128),(22670,3129),(22671,3129),(22672,3129),(22673,3129),(22679,3130),(22680,3130),(22681,3130),(22682,3130),(22688,3131),(22689,3131),(22690,3131),(22691,3131),(22697,3132),(22698,3132),(22699,3132),(22700,3132),(22706,3133),(22707,3133),(22708,3133),(22709,3133),(22715,3134),(22716,3134),(22717,3134),(22718,3134),(22724,3135),(22725,3135),(22726,3135),(22727,3135),(22733,3136),(22734,3136),(22735,3136),(22736,3136),(22742,3137),(22743,3137),(22744,3137),(22745,3137),(22751,3138),(22752,3138),(22753,3138),(22754,3138),(22760,3139),(22761,3139),(22762,3139),(22763,3139),(22769,3140),(22770,3140),(22771,3140),(22772,3140),(22778,3141),(22779,3141),(22780,3141),(22781,3141),(22787,3142),(22788,3142),(22789,3142),(22790,3142),(22796,3143),(22797,3143),(22798,3143),(22799,3143),(22805,3144),(22806,3144),(22807,3144),(22808,3144),(22814,3145),(22815,3145),(22816,3145),(22817,3145),(22823,3146),(22824,3146),(22825,3146),(22826,3146),(22832,3147),(22833,3147),(22834,3147),(22835,3147),(22841,3148),(22842,3148),(22843,3148),(22844,3148),(22850,3149),(22851,3149),(22852,3149),(22853,3149),(22859,3150),(22860,3150),(22861,3150),(22862,3150),(22868,3151),(22869,3151),(22870,3151),(22871,3151),(22877,3152),(22878,3152),(22879,3152),(22880,3152),(22886,3153),(22887,3153),(22888,3153),(22889,3153),(22895,3154),(22896,3154),(22897,3154),(22898,3154),(22904,3155),(22905,3155),(22906,3155),(22907,3155),(22913,3156),(22914,3156),(22915,3156),(22916,3156),(22922,3157),(22923,3157),(22924,3157),(22925,3157),(22931,3158),(22932,3158),(22933,3158),(22934,3158),(22940,3159),(22941,3159),(22942,3159),(22943,3159),(22949,3160),(22950,3160),(22951,3160),(22952,3160),(22958,3161),(22959,3161),(22960,3161),(22961,3161),(22967,3162),(22968,3162),(22969,3162),(22970,3162),(22976,3163),(22977,3163),(22978,3163),(22979,3163),(22985,3164),(22986,3164),(22987,3164),(22988,3164),(22994,3165),(22995,3165),(22996,3165),(22997,3165),(23003,3166),(23004,3166),(23005,3166),(23006,3166),(23012,3167),(23013,3167),(23014,3167),(23015,3167),(23021,3168),(23022,3168),(23023,3168),(23024,3168),(23030,3169),(23031,3169),(23032,3169),(23033,3169),(23039,3170),(23040,3170),(23041,3170),(23042,3170),(23048,3171),(23049,3171),(23050,3171),(23051,3171),(23057,3172),(23058,3172),(23059,3172),(23060,3172),(23066,3173),(23067,3173),(23068,3173),(23069,3173),(23075,3174),(23076,3174),(23077,3174),(23078,3174),(23084,3175),(23085,3175),(23086,3175),(23087,3175),(23093,3176),(23094,3176),(23095,3176),(23096,3176),(23102,3177),(23103,3177),(23104,3177),(23105,3177),(23111,3178),(23112,3178),(23113,3178),(23114,3178),(23120,3179),(23121,3179),(23122,3179),(23123,3179),(23129,3180),(23130,3180),(23131,3180),(23132,3180),(23138,3181),(23139,3181),(23140,3181),(23141,3181),(23147,3182),(23148,3182),(23149,3182),(23150,3182),(23156,3183),(23157,3183),(23158,3183),(23159,3183),(23165,3184),(23166,3184),(23167,3184),(23168,3184),(23174,3185),(23175,3185),(23176,3185),(23177,3185),(23183,3186),(23184,3186),(23185,3186),(23186,3186),(23192,3187),(23193,3187),(23194,3187),(23195,3187),(23201,3188),(23202,3188),(23203,3188),(23204,3188),(23210,3189),(23211,3189),(23212,3189),(23213,3189),(23219,3190),(23220,3190),(23221,3190),(23222,3190),(23228,3191),(23229,3191),(23230,3191),(23231,3191),(23237,3192),(23238,3192),(23239,3192),(23240,3192),(23246,3193),(23247,3193),(23248,3193),(23249,3193),(23255,3194),(23256,3194),(23257,3194),(23258,3194),(23264,3195),(23265,3195),(23266,3195),(23267,3195),(23273,3196),(23274,3196),(23275,3196),(23276,3196),(23282,3197),(23283,3197),(23284,3197),(23285,3197),(23291,3198),(23292,3198),(23293,3198),(23294,3198),(23300,3199),(23301,3199),(23302,3199),(23303,3199),(23309,3200),(23310,3200),(23311,3200),(23312,3200),(23318,3201),(23319,3201),(23320,3201),(23321,3201),(23327,3202),(23328,3202),(23329,3202),(23330,3202),(23336,3203),(23337,3203),(23338,3203),(23339,3203),(23345,3204),(23346,3204),(23347,3204),(23348,3204),(23354,3205),(23355,3205),(23356,3205),(23357,3205),(23363,3206),(23364,3206),(23365,3206),(23366,3206),(23372,3207),(23373,3207),(23374,3207),(23375,3207),(23381,3208),(23382,3208),(23383,3208),(23384,3208),(23390,3209),(23391,3209),(23392,3209),(23393,3209),(23399,3210),(23400,3210),(23401,3210),(23402,3210),(23408,3211),(23409,3211),(23410,3211),(23411,3211),(23417,3212),(23418,3212),(23419,3212),(23420,3212),(23426,3213),(23427,3213),(23428,3213),(23429,3213),(23435,3214),(23436,3214),(23437,3214),(23438,3214),(23444,3215),(23445,3215),(23446,3215),(23447,3215),(23453,3216),(23454,3216),(23455,3216),(23456,3216),(23462,3217),(23463,3217),(23464,3217),(23465,3217),(23471,3218),(23472,3218),(23473,3218),(23474,3218),(23480,3219),(23481,3219),(23482,3219),(23483,3219),(23489,3220),(23490,3220),(23491,3220),(23492,3220),(23498,3221),(23499,3221),(23500,3221),(23501,3221),(23507,3222),(23508,3222),(23509,3222),(23510,3222),(23516,3223),(23517,3223),(23518,3223),(23519,3223),(23525,3224),(23526,3224),(23527,3224),(23528,3224),(23534,3225),(23535,3225),(23536,3225),(23537,3225),(23543,3226),(23544,3226),(23545,3226),(23546,3226),(23552,3227),(23553,3227),(23554,3227),(23555,3227),(23561,3228),(23562,3228),(23563,3228),(23564,3228),(23570,3229),(23571,3229),(23572,3229),(23573,3229),(23579,3230),(23580,3230),(23581,3230),(23582,3230),(23588,3231),(23589,3231),(23590,3231),(23591,3231),(23597,3232),(23598,3232),(23599,3232),(23600,3232),(23606,3233),(23607,3233),(23608,3233),(23609,3233),(23615,3234),(23616,3234),(23617,3234),(23618,3234),(23624,3235),(23625,3235),(23626,3235),(23627,3235),(23633,3236),(23634,3236),(23635,3236),(23636,3236),(23642,3237),(23643,3237),(23644,3237),(23645,3237),(23651,3238),(23652,3238),(23653,3238),(23654,3238),(23660,3239),(23661,3239),(23662,3239),(23663,3239),(23669,3240),(23670,3240),(23671,3240),(23672,3240),(23678,3241),(23679,3241),(23680,3241),(23681,3241),(23687,3242),(23688,3242),(23689,3242),(23690,3242),(23696,3243),(23697,3243),(23698,3243),(23699,3243),(23705,3244),(23706,3244),(23707,3244),(23708,3244),(23714,3245),(23715,3245),(23716,3245),(23717,3245),(23723,3246),(23724,3246),(23725,3246),(23726,3246),(23732,3247),(23733,3247),(23734,3247),(23735,3247),(23741,3248),(23742,3248),(23743,3248),(23744,3248),(23750,3249),(23751,3249),(23752,3249),(23753,3249),(23759,3250),(23760,3250),(23761,3250),(23762,3250),(23768,3251),(23769,3251),(23770,3251),(23771,3251),(23777,3252),(23778,3252),(23779,3252),(23780,3252),(23786,3253),(23787,3253),(23788,3253),(23789,3253),(23795,3254),(23796,3254),(23797,3254),(23798,3254),(23804,3255),(23805,3255),(23806,3255),(23807,3255),(23813,3256),(23814,3256),(23815,3256),(23816,3256),(23822,3257),(23823,3257),(23824,3257),(23825,3257),(23831,3258),(23832,3258),(23833,3258),(23834,3258),(23840,3259),(23841,3259),(23842,3259),(23843,3259),(23849,3260),(23850,3260),(23851,3260),(23852,3260),(23858,3261),(23859,3261),(23860,3261),(23861,3261),(23867,3262),(23868,3262),(23869,3262),(23870,3262),(23876,3263),(23877,3263),(23878,3263),(23879,3263),(23885,3264),(23886,3264),(23887,3264),(23888,3264),(23894,3265),(23895,3265),(23896,3265),(23897,3265),(23903,3266),(23904,3266),(23905,3266),(23906,3266),(23912,3267),(23913,3267),(23914,3267),(23915,3267),(23921,3268),(23922,3268),(23923,3268),(23924,3268),(23930,3269),(23931,3269),(23932,3269),(23933,3269),(23939,3270),(23940,3270),(23941,3270),(23942,3270),(23948,3271),(23949,3271),(23950,3271),(23951,3271),(23957,3272),(23958,3272),(23959,3272),(23960,3272),(23966,3273),(23967,3273),(23968,3273),(23969,3273),(23975,3274),(23976,3274),(23977,3274),(23978,3274),(23984,3275),(23985,3275),(23986,3275),(23987,3275),(23993,3276),(23994,3276),(23995,3276),(23996,3276),(24002,3277),(24003,3277),(24004,3277),(24005,3277),(24011,3278),(24012,3278),(24013,3278),(24014,3278),(24020,3279),(24021,3279),(24022,3279),(24023,3279),(24029,3280),(24030,3280),(24031,3280),(24032,3280),(24038,3281),(24039,3281),(24040,3281),(24041,3281),(24047,3282),(24048,3282),(24049,3282),(24050,3282),(24056,3283),(24057,3283),(24058,3283),(24059,3283),(24065,3284),(24066,3284),(24067,3284),(24068,3284),(24074,3285),(24075,3285),(24076,3285),(24077,3285),(24083,3286),(24084,3286),(24085,3286),(24086,3286),(24092,3287),(24093,3287),(24094,3287),(24095,3287),(24101,3288),(24102,3288),(24103,3288),(24104,3288),(24110,3289),(24111,3289),(24112,3289),(24113,3289),(24119,3290),(24120,3290),(24121,3290),(24122,3290),(24128,3291),(24129,3291),(24130,3291),(24131,3291),(24137,3292),(24138,3292),(24139,3292),(24140,3292),(24146,3293),(24147,3293),(24148,3293),(24149,3293),(24155,3294),(24156,3294),(24157,3294),(24158,3294),(24164,3295),(24165,3295),(24166,3295),(24167,3295),(24173,3296),(24174,3296),(24175,3296),(24176,3296),(24182,3297),(24183,3297),(24184,3297),(24185,3297),(24191,3298),(24192,3298),(24193,3298),(24194,3298),(24200,3299),(24201,3299),(24202,3299),(24203,3299),(24209,3300),(24210,3300),(24211,3300),(24212,3300),(24218,3301),(24219,3301),(24220,3301),(24221,3301),(24227,3302),(24228,3302),(24229,3302),(24230,3302),(24236,3303),(24237,3303),(24238,3303),(24239,3303),(24245,3304),(24246,3304),(24247,3304),(24248,3304),(24254,3305),(24255,3305),(24256,3305),(24257,3305),(24263,3306),(24264,3306),(24265,3306),(24266,3306),(24272,3307),(24273,3307),(24274,3307),(24275,3307),(24281,3308),(24282,3308),(24283,3308),(24284,3308),(24290,3309),(24291,3309),(24292,3309),(24293,3309),(24299,3310),(24300,3310),(24301,3310),(24302,3310),(24308,3311),(24309,3311),(24310,3311),(24311,3311),(24317,3312),(24318,3312),(24319,3312),(24320,3312),(24326,3313),(24327,3313),(24328,3313),(24329,3313),(24335,3314),(24336,3314),(24337,3314),(24338,3314),(24344,3315),(24345,3315),(24346,3315),(24347,3315),(24353,3316),(24354,3316),(24355,3316),(24356,3316),(24362,3317),(24363,3317),(24364,3317),(24365,3317),(24371,3318),(24372,3318),(24373,3318),(24374,3318),(24380,3319),(24381,3319),(24382,3319),(24383,3319),(24389,3320),(24390,3320),(24391,3320),(24392,3320),(24398,3321),(24399,3321),(24400,3321),(24401,3321),(24407,3322),(24408,3322),(24409,3322),(24410,3322),(24416,3323),(24417,3323),(24418,3323),(24419,3323),(24425,3324),(24426,3324),(24427,3324),(24428,3324),(24434,3325),(24435,3325),(24436,3325),(24437,3325),(24443,3326),(24444,3326),(24445,3326),(24446,3326),(24452,3327),(24453,3327),(24454,3327),(24455,3327),(24461,3328),(24462,3328),(24463,3328),(24464,3328),(24470,3329),(24471,3329),(24472,3329),(24473,3329),(24479,3330),(24480,3330),(24481,3330),(24482,3330),(24488,3331),(24489,3331),(24490,3331),(24491,3331),(24497,3332),(24498,3332),(24499,3332),(24500,3332),(24506,3333),(24507,3333),(24508,3333),(24509,3333),(24515,3334),(24516,3334),(24517,3334),(24518,3334),(24524,3335),(24525,3335),(24526,3335),(24527,3335),(24533,3336),(24534,3336),(24535,3336),(24536,3336),(24542,3337),(24543,3337),(24544,3337),(24545,3337),(24551,3338),(24552,3338),(24553,3338),(24554,3338),(24560,3339),(24561,3339),(24562,3339),(24563,3339),(24569,3340),(24570,3340),(24571,3340),(24572,3340),(24578,3341),(24579,3341),(24580,3341),(24581,3341),(24587,3342),(24588,3342),(24589,3342),(24590,3342),(24596,3343),(24597,3343),(24598,3343),(24599,3343),(24605,3344),(24606,3344),(24607,3344),(24608,3344),(24614,3345),(24615,3345),(24616,3345),(24617,3345),(24623,3346),(24624,3346),(24625,3346),(24626,3346),(24632,3347),(24633,3347),(24634,3347),(24635,3347),(24641,3348),(24642,3348),(24643,3348),(24644,3348),(24650,3349),(24651,3349),(24652,3349),(24653,3349),(24659,3350),(24660,3350),(24661,3350),(24662,3350),(24668,3351),(24669,3351),(24670,3351),(24671,3351),(24677,3352),(24678,3352),(24679,3352),(24680,3352),(24686,3353),(24687,3353),(24688,3353),(24689,3353),(24695,3354),(24696,3354),(24697,3354),(24698,3354),(24704,3355),(24705,3355),(24706,3355),(24707,3355),(24713,3356),(24714,3356),(24715,3356),(24716,3356),(24722,3357),(24723,3357),(24724,3357),(24725,3357),(24731,3358),(24732,3358),(24733,3358),(24734,3358),(24740,3359),(24741,3359),(24742,3359),(24743,3359),(24749,3360),(24750,3360),(24751,3360),(24752,3360),(24758,3361),(24759,3361),(24760,3361),(24761,3361),(24767,3362),(24768,3362),(24769,3362),(24770,3362),(24776,3363),(24777,3363),(24778,3363),(24779,3363),(24785,3364),(24786,3364),(24787,3364),(24788,3364),(24794,3365),(24795,3365),(24796,3365),(24797,3365),(24803,3366),(24804,3366),(24805,3366),(24806,3366),(24812,3367),(24813,3367),(24814,3367),(24815,3367),(24821,3368),(24822,3368),(24823,3368),(24824,3368),(24830,3369),(24831,3369),(24832,3369),(24833,3369),(24839,3370),(24840,3370),(24841,3370),(24842,3370),(24848,3371),(24849,3371),(24850,3371),(24851,3371),(24857,3372),(24858,3372),(24859,3372),(24860,3372),(24866,3373),(24867,3373),(24868,3373),(24869,3373),(24875,3374),(24876,3374),(24877,3374),(24878,3374),(24884,3375),(24885,3375),(24886,3375),(24887,3375),(24893,3376),(24894,3376),(24895,3376),(24896,3376),(24902,3377),(24903,3377),(24904,3377),(24905,3377),(24911,3378),(24912,3378),(24913,3378),(24914,3378),(24920,3379),(24921,3379),(24922,3379),(24923,3379),(24929,3380),(24930,3380),(24931,3380),(24932,3380),(24938,3381),(24939,3381),(24940,3381),(24941,3381),(24947,3382),(24948,3382),(24949,3382),(24950,3382),(24956,3383),(24957,3383),(24958,3383),(24959,3383),(24965,3384),(24966,3384),(24967,3384),(24968,3384),(24974,3385),(24975,3385),(24976,3385),(24977,3385),(24983,3386),(24984,3386),(24985,3386),(24986,3386),(24992,3387),(24993,3387),(24994,3387),(24995,3387),(25001,3388),(25002,3388),(25003,3388),(25004,3388),(25010,3389),(25011,3389),(25012,3389),(25013,3389),(25019,3390),(25020,3390),(25021,3390),(25022,3390),(25028,3391),(25029,3391),(25030,3391),(25031,3391),(25037,3392),(25038,3392),(25039,3392),(25040,3392),(25046,3393),(25047,3393),(25048,3393),(25049,3393),(25055,3394),(25056,3394),(25057,3394),(25058,3394),(25064,3395),(25065,3395),(25066,3395),(25067,3395),(25073,3396),(25074,3396),(25075,3396),(25076,3396),(25082,3397),(25083,3397),(25084,3397),(25085,3397),(25091,3398),(25092,3398),(25093,3398),(25094,3398),(25100,3399),(25101,3399),(25102,3399),(25103,3399),(25109,3400),(25110,3400),(25111,3400),(25112,3400),(25118,3401),(25119,3401),(25120,3401),(25121,3401),(25127,3402),(25128,3402),(25129,3402),(25130,3402),(25136,3403),(25137,3403),(25138,3403),(25139,3403),(25145,3404),(25146,3404),(25147,3404),(25148,3404),(25154,3405),(25155,3405),(25156,3405),(25157,3405),(25163,3406),(25164,3406),(25165,3406),(25166,3406),(25172,3407),(25173,3407),(25174,3407),(25175,3407),(25181,3408),(25182,3408),(25183,3408),(25184,3408),(25190,3409),(25191,3409),(25192,3409),(25193,3409),(25199,3410),(25200,3410),(25201,3410),(25202,3410),(25208,3411),(25209,3411),(25210,3411),(25211,3411),(25217,3412),(25218,3412),(25219,3412),(25220,3412),(25226,3413),(25227,3413),(25228,3413),(25229,3413),(25235,3414),(25236,3414),(25237,3414),(25238,3414),(25244,3415),(25245,3415),(25246,3415),(25247,3415),(25253,3416),(25254,3416),(25255,3416),(25256,3416),(25262,3417),(25263,3417),(25264,3417),(25265,3417),(25271,3418),(25272,3418),(25273,3418),(25274,3418),(25280,3419),(25281,3419),(25282,3419),(25283,3419),(25289,3420),(25290,3420),(25291,3420),(25292,3420),(25298,3421),(25299,3421),(25300,3421),(25301,3421),(25307,3422),(25308,3422),(25309,3422),(25310,3422),(25316,3423),(25317,3423),(25318,3423),(25319,3423),(25325,3424),(25326,3424),(25327,3424),(25328,3424),(25334,3425),(25335,3425),(25336,3425),(25337,3425),(25343,3426),(25344,3426),(25345,3426),(25346,3426),(25352,3427),(25353,3427),(25354,3427),(25355,3427),(25361,3428),(25362,3428),(25363,3428),(25364,3428),(25370,3429),(25371,3429),(25372,3429),(25373,3429),(25379,3430),(25380,3430),(25381,3430),(25382,3430),(25388,3431),(25389,3431),(25390,3431),(25391,3431),(25397,3432),(25398,3432),(25399,3432),(25400,3432),(25406,3433),(25407,3433),(25408,3433),(25409,3433),(25415,3434),(25416,3434),(25417,3434),(25418,3434),(25424,3435),(25425,3435),(25426,3435),(25427,3435),(25433,3436),(25434,3436),(25435,3436),(25436,3436),(25442,3437),(25443,3437),(25444,3437),(25445,3437),(25451,3438),(25452,3438),(25453,3438),(25454,3438),(25460,3439),(25461,3439),(25462,3439),(25463,3439),(25469,3440),(25470,3440),(25471,3440),(25472,3440),(25478,3441),(25479,3441),(25480,3441),(25481,3441),(25487,3442),(25488,3442),(25489,3442),(25490,3442),(25496,3443),(25497,3443),(25498,3443),(25499,3443),(25505,3444),(25506,3444),(25507,3444),(25508,3444),(25514,3445),(25515,3445),(25516,3445),(25517,3445),(25523,3446),(25524,3446),(25525,3446),(25526,3446),(25532,3447),(25533,3447),(25534,3447),(25535,3447),(25541,3448),(25542,3448),(25543,3448),(25544,3448),(25550,3449),(25551,3449),(25552,3449),(25553,3449),(25559,3450),(25560,3450),(25561,3450),(25562,3450),(25568,3451),(25569,3451),(25570,3451),(25571,3451),(25577,3452),(25578,3452),(25579,3452),(25580,3452),(25586,3453),(25587,3453),(25588,3453),(25589,3453),(25595,3454),(25596,3454),(25597,3454),(25598,3454),(25604,3455),(25605,3455),(25606,3455),(25607,3455),(25613,3456),(25614,3456),(25615,3456),(25616,3456),(25622,3457),(25623,3457),(25624,3457),(25625,3457),(25631,3458),(25632,3458),(25633,3458),(25634,3458),(25640,3459),(25641,3459),(25642,3459),(25643,3459),(25649,3460),(25650,3460),(25651,3460),(25652,3460),(25658,3461),(25659,3461),(25660,3461),(25661,3461),(25667,3462),(25668,3462),(25669,3462),(25670,3462),(25676,3463),(25677,3463),(25678,3463),(25679,3463),(25685,3464),(25686,3464),(25687,3464),(25688,3464),(25694,3465),(25695,3465),(25696,3465),(25697,3465),(25703,3466),(25704,3466),(25705,3466),(25706,3466),(25712,3467),(25713,3467),(25714,3467),(25715,3467),(25721,3468),(25722,3468),(25723,3468),(25724,3468),(25730,3469),(25731,3469),(25732,3469),(25733,3469),(25739,3470),(25740,3470),(25741,3470),(25742,3470),(25748,3471),(25749,3471),(25750,3471),(25751,3471),(25757,3472),(25758,3472),(25759,3472),(25760,3472),(25766,3473),(25767,3473),(25768,3473),(25769,3473),(25775,3474),(25776,3474),(25777,3474),(25778,3474),(25784,3475),(25785,3475),(25786,3475),(25787,3475),(25793,3476),(25794,3476),(25795,3476),(25796,3476),(25802,3477),(25803,3477),(25804,3477),(25805,3477),(25811,3478),(25812,3478),(25813,3478),(25814,3478),(25820,3479),(25821,3479),(25822,3479),(25823,3479),(25829,3480),(25830,3480),(25831,3480),(25832,3480),(25838,3481),(25839,3481),(25840,3481),(25841,3481),(25847,3482),(25848,3482),(25849,3482),(25850,3482),(25856,3483),(25857,3483),(25858,3483),(25859,3483),(25865,3484),(25866,3484),(25867,3484),(25868,3484),(25874,3485),(25875,3485),(25876,3485),(25877,3485),(25883,3486),(25884,3486),(25885,3486),(25886,3486),(25892,3487),(25893,3487),(25894,3487),(25895,3487),(25901,3488),(25902,3488),(25903,3488),(25904,3488),(25910,3489),(25911,3489),(25912,3489),(25913,3489),(25919,3490),(25920,3490),(25921,3490),(25922,3490),(25928,3491),(25929,3491),(25930,3491),(25931,3491),(25937,3492),(25938,3492),(25939,3492),(25940,3492),(25946,3493),(25947,3493),(25948,3493),(25949,3493),(25955,3494),(25956,3494),(25957,3494),(25958,3494),(25964,3495),(25965,3495),(25966,3495),(25967,3495),(25973,3496),(25974,3496),(25975,3496),(25976,3496),(25982,3497),(25983,3497),(25984,3497),(25985,3497),(25991,3498),(25992,3498),(25993,3498),(25994,3498),(26000,3499),(26001,3499),(26002,3499),(26003,3499),(26009,3500),(26010,3500),(26011,3500),(26012,3500),(26018,3501),(26019,3501),(26020,3501),(26021,3501),(26027,3502),(26028,3502),(26029,3502),(26030,3502),(26036,3503),(26037,3503),(26038,3503),(26039,3503),(26045,3504),(26046,3504),(26047,3504),(26048,3504),(26054,3505),(26055,3505),(26056,3505),(26057,3505),(26063,3506),(26064,3506),(26065,3506),(26066,3506),(26072,3507),(26073,3507),(26074,3507),(26075,3507),(26081,3508),(26082,3508),(26083,3508),(26084,3508),(26090,3509),(26091,3509),(26092,3509),(26093,3509),(26099,3510),(26100,3510),(26101,3510),(26102,3510),(26108,3511),(26109,3511),(26110,3511),(26111,3511),(26117,3512),(26118,3512),(26119,3512),(26120,3512),(26126,3513),(26127,3513),(26128,3513),(26129,3513),(26135,3514),(26136,3514),(26137,3514),(26138,3514),(26144,3515),(26145,3515),(26146,3515),(26147,3515),(26153,3516),(26154,3516),(26155,3516),(26156,3516),(26162,3517),(26163,3517),(26164,3517),(26165,3517),(26171,3518),(26172,3518),(26173,3518),(26174,3518),(26180,3519),(26181,3519),(26182,3519),(26183,3519),(26189,3520),(26190,3520),(26191,3520),(26192,3520),(26198,3521),(26199,3521),(26200,3521),(26201,3521),(26207,3522),(26208,3522),(26209,3522),(26210,3522),(26216,3523),(26217,3523),(26218,3523),(26219,3523),(26225,3524),(26226,3524),(26227,3524),(26228,3524),(26234,3525),(26235,3525),(26236,3525),(26237,3525),(26243,3526),(26244,3526),(26245,3526),(26246,3526),(26252,3527),(26253,3527),(26254,3527),(26255,3527),(26261,3528),(26262,3528),(26263,3528),(26264,3528),(26270,3529),(26271,3529),(26272,3529),(26273,3529),(26279,3530),(26280,3530),(26281,3530),(26282,3530),(26288,3531),(26289,3531),(26290,3531),(26291,3531),(26297,3532),(26298,3532),(26299,3532),(26300,3532),(26306,3533),(26307,3533),(26308,3533),(26309,3533),(26315,3534),(26316,3534),(26317,3534),(26318,3534),(26324,3535),(26325,3535),(26326,3535),(26327,3535),(26333,3536),(26334,3536),(26335,3536),(26336,3536),(26342,3537),(26343,3537),(26344,3537),(26345,3537),(26351,3538),(26352,3538),(26353,3538),(26354,3538),(26360,3539),(26361,3539),(26362,3539),(26363,3539),(26369,3540),(26370,3540),(26371,3540),(26372,3540),(26378,3541),(26379,3541),(26380,3541),(26381,3541),(26387,3542),(26388,3542),(26389,3542),(26390,3542),(26396,3543),(26397,3543),(26398,3543),(26399,3543),(26405,3544),(26406,3544),(26407,3544),(26408,3544),(26414,3545),(26415,3545),(26416,3545),(26417,3545),(26423,3546),(26424,3546),(26425,3546),(26426,3546),(26432,3547),(26433,3547),(26434,3547),(26435,3547),(26441,3548),(26442,3548),(26443,3548),(26444,3548),(26450,3549),(26451,3549),(26452,3549),(26453,3549),(26459,3550),(26460,3550),(26461,3550),(26462,3550),(26468,3551),(26469,3551),(26470,3551),(26471,3551),(26477,3552),(26478,3552),(26479,3552),(26480,3552),(26486,3553),(26487,3553),(26488,3553),(26489,3553),(26495,3554),(26496,3554),(26497,3554),(26498,3554),(26504,3555),(26505,3555),(26506,3555),(26507,3555),(26513,3556),(26514,3556),(26515,3556),(26516,3556),(26522,3557),(26523,3557),(26524,3557),(26525,3557),(26531,3558),(26532,3558),(26533,3558),(26534,3558),(26540,3559),(26541,3559),(26542,3559),(26543,3559),(26549,3560),(26550,3560),(26551,3560),(26552,3560),(26558,3561),(26559,3561),(26560,3561),(26561,3561),(26567,3562),(26568,3562),(26569,3562),(26570,3562),(26576,3563),(26577,3563),(26578,3563),(26579,3563),(26585,3564),(26586,3564),(26587,3564),(26588,3564),(26594,3565),(26595,3565),(26596,3565),(26597,3565),(26603,3566),(26604,3566),(26605,3566),(26606,3566),(26612,3567),(26613,3567),(26614,3567),(26615,3567),(26621,3568),(26622,3568),(26623,3568),(26624,3568),(26630,3569),(26631,3569),(26632,3569),(26633,3569),(26639,3570),(26640,3570),(26641,3570),(26642,3570),(26648,3571),(26649,3571),(26650,3571),(26651,3571),(26657,3572),(26658,3572),(26659,3572),(26660,3572),(26666,3573),(26667,3573),(26668,3573),(26669,3573),(26675,3574),(26676,3574),(26677,3574),(26678,3574),(26684,3575),(26685,3575),(26686,3575),(26687,3575),(26693,3576),(26694,3576),(26695,3576),(26696,3576),(26702,3577),(26703,3577),(26704,3577),(26705,3577),(26711,3578),(26712,3578),(26713,3578),(26714,3578),(26720,3579),(26721,3579),(26722,3579),(26723,3579),(26729,3580),(26730,3580),(26731,3580),(26732,3580),(26738,3581),(26739,3581),(26740,3581),(26741,3581),(26747,3582),(26748,3582),(26749,3582),(26750,3582),(26756,3583),(26757,3583),(26758,3583),(26759,3583),(26765,3584),(26766,3584),(26767,3584),(26768,3584),(26774,3585),(26775,3585),(26776,3585),(26777,3585),(26783,3586),(26784,3586),(26785,3586),(26786,3586),(26792,3587),(26793,3587),(26794,3587),(26795,3587),(26801,3588),(26802,3588),(26803,3588),(26804,3588),(26810,3589),(26811,3589),(26812,3589),(26813,3589),(26819,3590),(26820,3590),(26821,3590),(26822,3590),(26828,3591),(26829,3591),(26830,3591),(26831,3591),(26837,3592),(26838,3592),(26839,3592),(26840,3592),(26846,3593),(26847,3593),(26848,3593),(26849,3593),(26855,3594),(26856,3594),(26857,3594),(26858,3594),(26864,3595),(26865,3595),(26866,3595),(26867,3595),(26873,3596),(26874,3596),(26875,3596),(26876,3596),(26882,3597),(26883,3597),(26884,3597),(26885,3597),(26891,3598),(26892,3598),(26893,3598),(26894,3598),(26900,3599),(26901,3599),(26902,3599),(26903,3599),(26909,3600),(26910,3600),(26911,3600),(26912,3600),(26918,3601),(26919,3601),(26920,3601),(26921,3601),(26927,3602),(26928,3602),(26929,3602),(26930,3602),(26936,3603),(26937,3603),(26938,3603),(26939,3603),(26945,3604),(26946,3604),(26947,3604),(26948,3604),(26954,3605),(26955,3605),(26956,3605),(26957,3605),(26963,3606),(26964,3606),(26965,3606),(26966,3606),(26972,3607),(26973,3607),(26974,3607),(26975,3607),(26981,3608),(26982,3608),(26983,3608),(26984,3608),(26990,3609),(26991,3609),(26992,3609),(26993,3609),(26999,3610),(27000,3610),(27001,3610),(27002,3610),(27008,3611),(27009,3611),(27010,3611),(27011,3611),(27017,3612),(27018,3612),(27019,3612),(27020,3612),(27026,3613),(27027,3613),(27028,3613),(27029,3613),(27035,3614),(27036,3614),(27037,3614),(27038,3614),(27044,3615),(27045,3615),(27046,3615),(27047,3615),(27053,3616),(27054,3616),(27055,3616),(27056,3616),(27062,3617),(27063,3617),(27064,3617),(27065,3617),(27071,3618),(27072,3618),(27073,3618),(27074,3618),(27080,3619),(27081,3619),(27082,3619),(27083,3619),(27089,3620),(27090,3620),(27091,3620),(27092,3620),(27098,3621),(27099,3621),(27100,3621),(27101,3621),(27107,3622),(27108,3622),(27109,3622),(27110,3622),(27116,3623),(27117,3623),(27118,3623),(27119,3623),(27125,3624),(27126,3624),(27127,3624),(27128,3624),(27134,3625),(27135,3625),(27136,3625),(27137,3625),(27143,3626),(27144,3626),(27145,3626),(27146,3626),(27152,3627),(27153,3627),(27154,3627),(27155,3627),(27161,3628),(27162,3628),(27163,3628),(27164,3628),(27170,3629),(27171,3629),(27172,3629),(27173,3629),(27179,3630),(27180,3630),(27181,3630),(27182,3630),(27188,3631),(27189,3631),(27190,3631),(27191,3631),(27197,3632),(27198,3632),(27199,3632),(27200,3632),(27206,3633),(27207,3633),(27208,3633),(27209,3633),(27215,3634),(27216,3634),(27217,3634),(27218,3634),(27224,3635),(27225,3635),(27226,3635),(27227,3635),(27233,3636),(27234,3636),(27235,3636),(27236,3636),(27242,3637),(27243,3637),(27244,3637),(27245,3637),(27251,3638),(27252,3638),(27253,3638),(27254,3638),(27260,3639),(27261,3639),(27262,3639),(27263,3639),(27269,3640),(27270,3640),(27271,3640),(27272,3640),(27278,3641),(27279,3641),(27280,3641),(27281,3641),(27287,3642),(27288,3642),(27289,3642),(27290,3642),(27296,3643),(27297,3643),(27298,3643),(27299,3643),(27305,3644),(27306,3644),(27307,3644),(27308,3644),(27314,3645),(27315,3645),(27316,3645),(27317,3645),(27323,3646),(27324,3646),(27325,3646),(27326,3646),(27332,3647),(27333,3647),(27334,3647),(27335,3647),(27341,3648),(27342,3648),(27343,3648),(27344,3648),(27350,3649),(27351,3649),(27352,3649),(27353,3649),(27359,3650),(27360,3650),(27361,3650),(27362,3650),(27368,3651),(27369,3651),(27370,3651),(27371,3651),(27377,3652),(27378,3652),(27379,3652),(27380,3652),(27386,3653),(27387,3653),(27388,3653),(27389,3653),(27395,3654),(27396,3654),(27397,3654),(27398,3654),(27404,3655),(27405,3655),(27406,3655),(27407,3655),(27413,3656),(27414,3656),(27415,3656),(27416,3656),(27422,3657),(27423,3657),(27424,3657),(27425,3657),(27431,3658),(27432,3658),(27433,3658),(27434,3658),(27440,3659),(27441,3659),(27442,3659),(27443,3659),(27449,3660),(27450,3660),(27451,3660),(27452,3660),(27458,3661),(27459,3661),(27460,3661),(27461,3661),(27467,3662),(27468,3662),(27469,3662),(27470,3662),(27476,3663),(27477,3663),(27478,3663),(27479,3663),(27485,3664),(27486,3664),(27487,3664),(27488,3664),(27494,3665),(27495,3665),(27496,3665),(27497,3665),(27503,3666),(27504,3666),(27505,3666),(27506,3666),(27512,3667),(27513,3667),(27514,3667),(27515,3667),(27521,3668),(27522,3668),(27523,3668),(27524,3668),(27530,3669),(27531,3669),(27532,3669),(27533,3669),(27539,3670),(27540,3670),(27541,3670),(27542,3670),(27548,3671),(27549,3671),(27550,3671),(27551,3671),(27557,3672),(27558,3672),(27559,3672),(27560,3672),(27566,3673),(27567,3673),(27568,3673),(27569,3673),(27575,3674),(27576,3674),(27577,3674),(27578,3674),(27584,3675),(27585,3675),(27586,3675),(27587,3675),(27593,3676),(27594,3676),(27595,3676),(27596,3676),(27602,3677),(27603,3677),(27604,3677),(27605,3677),(27611,3678),(27612,3678),(27613,3678),(27614,3678),(27620,3679),(27621,3679),(27622,3679),(27623,3679),(27628,3680),(27629,3680),(27630,3680),(27631,3680),(27632,3680),(27637,3681),(27638,3681),(27639,3681),(27640,3681),(27641,3681),(27642,3682),(27643,3682),(27644,3682),(27645,3682),(27646,3682),(27647,3682),(27648,3682),(27649,3682),(27650,3682),(27655,3683),(27656,3683),(27657,3683),(27658,3683),(27659,3683),(27660,3684),(27661,3684),(27662,3684),(27663,3684),(27664,3684),(27665,3684),(27666,3684),(27667,3684),(27668,3684),(27673,3685),(27674,3685),(27675,3685),(27676,3685),(27677,3685),(27682,3686),(27683,3686),(27684,3686),(27685,3686),(27686,3686),(27687,3687),(27688,3687),(27689,3687),(27690,3687),(27691,3687),(27692,3687),(27693,3687),(27694,3687),(27695,3687),(27700,3688),(27701,3688),(27702,3688),(27703,3688),(27704,3688),(27709,3689),(27710,3689),(27711,3689),(27712,3689),(27713,3689),(27718,3690),(27719,3690),(27720,3690),(27721,3690),(27722,3690),(27727,3691),(27728,3691),(27729,3691),(27730,3691),(27731,3691),(27736,3692),(27737,3692),(27738,3692),(27739,3692),(27740,3692),(27745,3693),(27746,3693),(27747,3693),(27748,3693),(27749,3693),(27754,3694),(27755,3694),(27756,3694),(27757,3694),(27758,3694),(27763,3695),(27764,3695),(27765,3695),(27766,3695),(27767,3695),(27772,3696),(27773,3696),(27774,3696),(27775,3696),(27776,3696),(27781,3697),(27782,3697),(27783,3697),(27784,3697),(27785,3697),(27790,3698),(27791,3698),(27792,3698),(27793,3698),(27794,3698),(27799,3699),(27800,3699),(27801,3699),(27802,3699),(27803,3699),(27808,3700),(27809,3700),(27810,3700),(27811,3700),(27812,3700),(27817,3701),(27818,3701),(27819,3701),(27820,3701),(27821,3701),(27826,3702),(27827,3702),(27828,3702),(27829,3702),(27830,3702),(27835,3703),(27836,3703),(27837,3703),(27838,3703),(27839,3703),(27844,3704),(27845,3704),(27846,3704),(27847,3704),(27848,3704),(27853,3705),(27854,3705),(27855,3705),(27856,3705),(27857,3705),(27862,3706),(27863,3706),(27864,3706),(27865,3706),(27866,3706),(27867,3707),(27868,3707),(27869,3707),(27870,3707),(27871,3707),(27872,3707),(27873,3707),(27874,3707),(27875,3707),(27891,3719),(27892,3719),(27893,3719),(27894,3719),(27895,3719),(27900,3720),(27901,3720),(27902,3720),(27903,3720),(27904,3720),(27909,3721),(27910,3721),(27911,3721),(27912,3721),(27913,3721),(27918,3722),(27919,3722),(27920,3722),(27921,3722),(27922,3722),(27927,3723),(27928,3723),(27929,3723),(27930,3723),(27931,3723),(27936,3724),(27937,3724),(27938,3724),(27939,3724),(27940,3724),(27945,3725),(27946,3725),(27947,3725),(27948,3725),(27949,3725),(27954,3726),(27955,3726),(27956,3726),(27957,3726),(27958,3726),(27963,3727),(27964,3727),(27965,3727),(27966,3727),(27967,3727),(27972,3728),(27973,3728),(27974,3728),(27975,3728),(27976,3728),(27981,3729),(27982,3729),(27983,3729),(27984,3729),(27985,3729);
/*!40000 ALTER TABLE `ezpage_map_zones_pages` ENABLE KEYS */;
UNLOCK TABLES;

--
-- Table structure for table `ezpage_pages`
--

DROP TABLE IF EXISTS `ezpage_pages`;
/*!40101 SET @saved_cs_client     = @@character_set_client */;
/*!40101 SET character_set_client = utf8 */;
CREATE TABLE `ezpage_pages` (
  `id` int(11) NOT NULL AUTO_INCREMENT,
  `version_no` int(11) NOT NULL,
  `content_id` int(11) NOT NULL,
  `language_code` varchar(255) COLLATE utf8mb4_unicode_520_ci NOT NULL DEFAULT '',
  `layout` varchar(255) COLLATE utf8mb4_unicode_520_ci NOT NULL DEFAULT '',
  PRIMARY KEY (`id`),
  KEY `ezpage_pages_content_id_version_no` (`content_id`,`version_no`)
) ENGINE=InnoDB AUTO_INCREMENT=3730 DEFAULT CHARSET=utf8mb4 COLLATE=utf8mb4_unicode_520_ci;
/*!40101 SET character_set_client = @saved_cs_client */;

--
-- Dumping data for table `ezpage_pages`
--

LOCK TABLES `ezpage_pages` WRITE;
/*!40000 ALTER TABLE `ezpage_pages` DISABLE KEYS */;
INSERT INTO `ezpage_pages` VALUES (1,1,52,'eng-GB','default'),(496,1,63,'eng-GB','default'),(690,1,82,'eng-GB','default'),(1514,1,83,'eng-GB','flexible'),(1517,1,84,'eng-GB','default'),(1519,1,85,'eng-GB','default'),(1527,2,83,'eng-GB','flexible'),(1546,3,83,'eng-GB','flexible'),(1550,27,57,'eng-GB','flexible'),(1553,2,63,'eng-GB','default'),(1556,28,57,'eng-GB','flexible'),(3682,29,57,'eng-GB','flexible'),(3684,30,57,'eng-GB','flexible'),(3687,31,57,'eng-GB','flexible'),(3707,32,57,'eng-GB','flexible');
/*!40000 ALTER TABLE `ezpage_pages` ENABLE KEYS */;
UNLOCK TABLES;

--
-- Table structure for table `ezpage_zones`
--

DROP TABLE IF EXISTS `ezpage_zones`;
/*!40101 SET @saved_cs_client     = @@character_set_client */;
/*!40101 SET character_set_client = utf8 */;
CREATE TABLE `ezpage_zones` (
  `id` int(11) NOT NULL AUTO_INCREMENT,
  `name` varchar(255) COLLATE utf8mb4_unicode_520_ci NOT NULL DEFAULT '',
  PRIMARY KEY (`id`)
) ENGINE=InnoDB AUTO_INCREMENT=27986 DEFAULT CHARSET=utf8mb4 COLLATE=utf8mb4_unicode_520_ci;
/*!40101 SET character_set_client = @saved_cs_client */;

--
-- Dumping data for table `ezpage_zones`
--

LOCK TABLES `ezpage_zones` WRITE;
/*!40000 ALTER TABLE `ezpage_zones` DISABLE KEYS */;
INSERT INTO `ezpage_zones` VALUES (1,'default'),(4,'default'),(5,'default'),(6,'default'),(7,'default'),(8,'default'),(9,'default'),(10,'default'),(11,'default'),(16,'default'),(17,'default'),(18,'default'),(19,'default'),(20,'default'),(21,'default'),(22,'default'),(23,'default'),(24,'default'),(25,'default'),(26,'default'),(27,'default'),(28,'default'),(29,'default'),(30,'default'),(31,'default'),(32,'default'),(33,'default'),(34,'default'),(35,'default'),(36,'default'),(37,'default'),(38,'default'),(39,'default'),(40,'default'),(41,'default'),(42,'default'),(43,'default'),(44,'default'),(49,'default'),(50,'default'),(55,'default'),(56,'default'),(57,'default'),(58,'default'),(59,'default'),(60,'default'),(61,'default'),(62,'default'),(63,'default'),(64,'default'),(65,'default'),(66,'default'),(67,'default'),(68,'default'),(69,'default'),(70,'default'),(71,'default'),(72,'default'),(73,'default'),(74,'default'),(75,'default'),(76,'default'),(77,'default'),(78,'default'),(79,'default'),(80,'default'),(81,'default'),(82,'default'),(83,'default'),(84,'default'),(85,'default'),(86,'default'),(87,'default'),(88,'default'),(89,'default'),(90,'default'),(91,'default'),(94,'default'),(181,'default'),(184,'default'),(185,'default'),(187,'default'),(492,'default'),(493,'default'),(494,'default'),(495,'default'),(496,'default'),(671,'Top-Left Zone'),(672,'Top-Right Zone'),(673,'Left Zone'),(674,'Center Zone'),(675,'Rigth Zone'),(676,'Bottom-Left Zone'),(677,'Bottom-Right Zone'),(678,'Bottom Zone'),(680,'Top-Left Zone'),(681,'Top-Right Zone'),(682,'Left Zone'),(683,'Center Zone'),(684,'Rigth Zone'),(685,'Bottom-Left Zone'),(686,'Bottom-Right Zone'),(687,'Bottom Zone'),(689,'Top-Left Zone'),(690,'Top-Right Zone'),(691,'Left Zone'),(692,'Center Zone'),(693,'Rigth Zone'),(694,'Bottom-Left Zone'),(695,'Bottom-Right Zone'),(696,'Bottom Zone'),(698,'Top-Left Zone'),(699,'Top-Right Zone'),(700,'Left Zone'),(701,'Center Zone'),(702,'Rigth Zone'),(703,'Bottom-Left Zone'),(704,'Bottom-Right Zone'),(705,'Bottom Zone'),(707,'Top-Left Zone'),(708,'Top-Right Zone'),(709,'Left Zone'),(710,'Center Zone'),(711,'Rigth Zone'),(712,'Bottom-Left Zone'),(713,'Bottom-Right Zone'),(714,'Bottom Zone'),(717,'Top-Left Zone'),(718,'Top-Right Zone'),(719,'Left Zone'),(720,'Center Zone'),(721,'Rigth Zone'),(722,'Bottom-Left Zone'),(723,'Bottom-Right Zone'),(724,'Bottom Zone'),(726,'Top-Left Zone'),(727,'Top-Right Zone'),(728,'Left Zone'),(729,'Center Zone'),(730,'Rigth Zone'),(731,'Bottom-Left Zone'),(732,'Bottom-Right Zone'),(733,'Bottom Zone'),(735,'Top-Left Zone'),(736,'Top-Right Zone'),(737,'Left Zone'),(738,'Center Zone'),(739,'Rigth Zone'),(740,'Bottom-Left Zone'),(741,'Bottom-Right Zone'),(742,'Bottom Zone'),(744,'Top-Left Zone'),(745,'Top-Right Zone'),(746,'Left Zone'),(747,'Center Zone'),(748,'Rigth Zone'),(749,'Bottom-Left Zone'),(750,'Bottom-Right Zone'),(751,'Bottom Zone'),(753,'Top-Left Zone'),(754,'Top-Right Zone'),(755,'Left Zone'),(756,'Center Zone'),(757,'Rigth Zone'),(758,'Bottom-Left Zone'),(759,'Bottom-Right Zone'),(760,'Bottom Zone'),(762,'Top-Left Zone'),(763,'Top-Right Zone'),(764,'Left Zone'),(765,'Center Zone'),(766,'Rigth Zone'),(767,'Bottom-Left Zone'),(768,'Bottom-Right Zone'),(769,'Bottom Zone'),(771,'Top-Left Zone'),(772,'Top-Right Zone'),(773,'Left Zone'),(774,'Center Zone'),(775,'Rigth Zone'),(776,'Bottom-Left Zone'),(777,'Bottom-Right Zone'),(778,'Bottom Zone'),(780,'Top-Left Zone'),(781,'Top-Right Zone'),(782,'Left Zone'),(783,'Center Zone'),(784,'Rigth Zone'),(785,'Bottom-Left Zone'),(786,'Bottom-Right Zone'),(787,'Bottom Zone'),(791,'Top-Left Zone'),(792,'Top-Right Zone'),(793,'Left Zone'),(794,'Center Zone'),(795,'Rigth Zone'),(796,'Bottom-Left Zone'),(797,'Bottom-Right Zone'),(798,'Bottom Zone'),(800,'Top-Left Zone'),(801,'Top-Right Zone'),(802,'Left Zone'),(803,'Center Zone'),(804,'Rigth Zone'),(805,'Bottom-Left Zone'),(806,'Bottom-Right Zone'),(807,'Bottom Zone'),(808,'default'),(809,'default'),(810,'default'),(813,'Top-Left Zone'),(814,'Top-Right Zone'),(815,'Left Zone'),(816,'Center Zone'),(817,'Rigth Zone'),(818,'Bottom-Left Zone'),(819,'Bottom-Right Zone'),(820,'Bottom Zone'),(822,'Top-Left Zone'),(823,'Top-Right Zone'),(824,'Left Zone'),(825,'Center Zone'),(826,'Rigth Zone'),(827,'Bottom-Left Zone'),(828,'Bottom-Right Zone'),(829,'Bottom Zone'),(831,'Top-Left Zone'),(832,'Top-Right Zone'),(833,'Left Zone'),(834,'Center Zone'),(835,'Rigth Zone'),(836,'Bottom-Left Zone'),(837,'Bottom-Right Zone'),(838,'Bottom Zone'),(840,'Top-Left Zone'),(841,'Top-Right Zone'),(842,'Left Zone'),(843,'Center Zone'),(844,'Rigth Zone'),(845,'Bottom-Left Zone'),(846,'Bottom-Right Zone'),(847,'Bottom Zone'),(849,'Top-Left Zone'),(850,'Top-Right Zone'),(851,'Left Zone'),(852,'Center Zone'),(853,'Rigth Zone'),(854,'Bottom-Left Zone'),(855,'Bottom-Right Zone'),(856,'Bottom Zone'),(858,'Top-Left Zone'),(859,'Top-Right Zone'),(860,'Left Zone'),(861,'Center Zone'),(862,'Rigth Zone'),(863,'Bottom-Left Zone'),(864,'Bottom-Right Zone'),(865,'Bottom Zone'),(867,'Top-Left Zone'),(868,'Top-Right Zone'),(869,'Left Zone'),(870,'Center Zone'),(871,'Rigth Zone'),(872,'Bottom-Left Zone'),(873,'Bottom-Right Zone'),(874,'Bottom Zone'),(876,'Top-Left Zone'),(877,'Top-Right Zone'),(878,'Left Zone'),(879,'Center Zone'),(880,'Rigth Zone'),(881,'Bottom-Left Zone'),(882,'Bottom-Right Zone'),(883,'Bottom Zone'),(885,'Top-Left Zone'),(886,'Top-Right Zone'),(887,'Left Zone'),(888,'Center Zone'),(889,'Rigth Zone'),(890,'Bottom-Left Zone'),(891,'Bottom-Right Zone'),(892,'Bottom Zone'),(894,'Top-Left Zone'),(895,'Top-Right Zone'),(896,'Left Zone'),(897,'Center Zone'),(898,'Rigth Zone'),(899,'Bottom-Left Zone'),(900,'Bottom-Right Zone'),(901,'Bottom Zone'),(903,'Top-Left Zone'),(904,'Top-Right Zone'),(905,'Left Zone'),(906,'Center Zone'),(907,'Rigth Zone'),(908,'Bottom-Left Zone'),(909,'Bottom-Right Zone'),(910,'Bottom Zone'),(912,'Top-Left Zone'),(913,'Top-Right Zone'),(914,'Left Zone'),(915,'Center Zone'),(916,'Rigth Zone'),(917,'Bottom-Left Zone'),(918,'Bottom-Right Zone'),(919,'Bottom Zone'),(921,'Top-Left Zone'),(922,'Top-Right Zone'),(923,'Left Zone'),(924,'Center Zone'),(925,'Rigth Zone'),(926,'Bottom-Left Zone'),(927,'Bottom-Right Zone'),(928,'Bottom Zone'),(930,'Top-Left Zone'),(931,'Top-Right Zone'),(932,'Left Zone'),(933,'Center Zone'),(934,'Rigth Zone'),(935,'Bottom-Left Zone'),(936,'Bottom-Right Zone'),(937,'Bottom Zone'),(939,'Top-Left Zone'),(940,'Top-Right Zone'),(941,'Left Zone'),(942,'Center Zone'),(943,'Rigth Zone'),(944,'Bottom-Left Zone'),(945,'Bottom-Right Zone'),(946,'Bottom Zone'),(948,'Top-Left Zone'),(949,'Top-Right Zone'),(950,'Left Zone'),(951,'Center Zone'),(952,'Rigth Zone'),(953,'Bottom-Left Zone'),(954,'Bottom-Right Zone'),(955,'Bottom Zone'),(957,'Top-Left Zone'),(958,'Top-Right Zone'),(959,'Left Zone'),(960,'Center Zone'),(961,'Rigth Zone'),(962,'Bottom-Left Zone'),(963,'Bottom-Right Zone'),(964,'Bottom Zone'),(966,'Top-Left Zone'),(967,'Top-Right Zone'),(968,'Left Zone'),(969,'Center Zone'),(970,'Rigth Zone'),(971,'Bottom-Left Zone'),(972,'Bottom-Right Zone'),(973,'Bottom Zone'),(975,'Top-Left Zone'),(976,'Top-Right Zone'),(977,'Left Zone'),(978,'Center Zone'),(979,'Rigth Zone'),(980,'Bottom-Left Zone'),(981,'Bottom-Right Zone'),(982,'Bottom Zone'),(984,'Top-Left Zone'),(985,'Top-Right Zone'),(986,'Left Zone'),(987,'Center Zone'),(988,'Rigth Zone'),(989,'Bottom-Left Zone'),(990,'Bottom-Right Zone'),(991,'Bottom Zone'),(993,'Top-Left Zone'),(994,'Top-Right Zone'),(995,'Left Zone'),(996,'Center Zone'),(997,'Rigth Zone'),(998,'Bottom-Left Zone'),(999,'Bottom-Right Zone'),(1000,'Bottom Zone'),(1002,'Top-Left Zone'),(1003,'Top-Right Zone'),(1004,'Left Zone'),(1005,'Center Zone'),(1006,'Rigth Zone'),(1007,'Bottom-Left Zone'),(1008,'Bottom-Right Zone'),(1009,'Bottom Zone'),(1011,'Top-Left Zone'),(1012,'Top-Right Zone'),(1013,'Left Zone'),(1014,'Center Zone'),(1015,'Rigth Zone'),(1016,'Bottom-Left Zone'),(1017,'Bottom-Right Zone'),(1018,'Bottom Zone'),(1020,'Top-Left Zone'),(1021,'Top-Right Zone'),(1022,'Left Zone'),(1023,'Center Zone'),(1024,'Rigth Zone'),(1025,'Bottom-Left Zone'),(1026,'Bottom-Right Zone'),(1027,'Bottom Zone'),(1029,'Top-Left Zone'),(1030,'Top-Right Zone'),(1031,'Left Zone'),(1032,'Center Zone'),(1033,'Rigth Zone'),(1034,'Bottom-Left Zone'),(1035,'Bottom-Right Zone'),(1036,'Bottom Zone'),(1038,'Top-Left Zone'),(1039,'Top-Right Zone'),(1040,'Left Zone'),(1041,'Center Zone'),(1042,'Rigth Zone'),(1043,'Bottom-Left Zone'),(1044,'Bottom-Right Zone'),(1045,'Bottom Zone'),(1047,'Top-Left Zone'),(1048,'Top-Right Zone'),(1049,'Left Zone'),(1050,'Center Zone'),(1051,'Rigth Zone'),(1052,'Bottom-Left Zone'),(1053,'Bottom-Right Zone'),(1054,'Bottom Zone'),(1056,'Top-Left Zone'),(1057,'Top-Right Zone'),(1058,'Left Zone'),(1059,'Center Zone'),(1060,'Rigth Zone'),(1061,'Bottom-Left Zone'),(1062,'Bottom-Right Zone'),(1063,'Bottom Zone'),(1065,'Top-Left Zone'),(1066,'Top-Right Zone'),(1067,'Left Zone'),(1068,'Center Zone'),(1069,'Rigth Zone'),(1070,'Bottom-Left Zone'),(1071,'Bottom-Right Zone'),(1072,'Bottom Zone'),(1074,'Top-Left Zone'),(1075,'Top-Right Zone'),(1076,'Left Zone'),(1077,'Center Zone'),(1078,'Rigth Zone'),(1079,'Bottom-Left Zone'),(1080,'Bottom-Right Zone'),(1081,'Bottom Zone'),(1083,'Top-Left Zone'),(1084,'Top-Right Zone'),(1085,'Left Zone'),(1086,'Center Zone'),(1087,'Rigth Zone'),(1088,'Bottom-Left Zone'),(1089,'Bottom-Right Zone'),(1090,'Bottom Zone'),(1092,'Top-Left Zone'),(1093,'Top-Right Zone'),(1094,'Left Zone'),(1095,'Center Zone'),(1096,'Rigth Zone'),(1097,'Bottom-Left Zone'),(1098,'Bottom-Right Zone'),(1099,'Bottom Zone'),(1101,'Top-Left Zone'),(1102,'Top-Right Zone'),(1103,'Left Zone'),(1104,'Center Zone'),(1105,'Rigth Zone'),(1106,'Bottom-Left Zone'),(1107,'Bottom-Right Zone'),(1108,'Bottom Zone'),(1110,'Top-Left Zone'),(1111,'Top-Right Zone'),(1112,'Left Zone'),(1113,'Center Zone'),(1114,'Rigth Zone'),(1115,'Bottom-Left Zone'),(1116,'Bottom-Right Zone'),(1117,'Bottom Zone'),(1119,'Top-Left Zone'),(1120,'Top-Right Zone'),(1121,'Left Zone'),(1122,'Center Zone'),(1123,'Rigth Zone'),(1124,'Bottom-Left Zone'),(1125,'Bottom-Right Zone'),(1126,'Bottom Zone'),(1128,'Top-Left Zone'),(1129,'Top-Right Zone'),(1130,'Left Zone'),(1131,'Center Zone'),(1132,'Rigth Zone'),(1133,'Bottom-Left Zone'),(1134,'Bottom-Right Zone'),(1135,'Bottom Zone'),(1137,'Top-Left Zone'),(1138,'Top-Right Zone'),(1139,'Left Zone'),(1140,'Center Zone'),(1141,'Rigth Zone'),(1142,'Bottom-Left Zone'),(1143,'Bottom-Right Zone'),(1144,'Bottom Zone'),(1146,'Top-Left Zone'),(1147,'Top-Right Zone'),(1148,'Left Zone'),(1149,'Center Zone'),(1150,'Rigth Zone'),(1151,'Bottom-Left Zone'),(1152,'Bottom-Right Zone'),(1153,'Bottom Zone'),(1155,'Top-Left Zone'),(1156,'Top-Right Zone'),(1157,'Left Zone'),(1158,'Center Zone'),(1159,'Rigth Zone'),(1160,'Bottom-Left Zone'),(1161,'Bottom-Right Zone'),(1162,'Bottom Zone'),(1164,'Top-Left Zone'),(1165,'Top-Right Zone'),(1166,'Left Zone'),(1167,'Center Zone'),(1168,'Rigth Zone'),(1169,'Bottom-Left Zone'),(1170,'Bottom-Right Zone'),(1171,'Bottom Zone'),(1173,'Top-Left Zone'),(1174,'Top-Right Zone'),(1175,'Left Zone'),(1176,'Center Zone'),(1177,'Rigth Zone'),(1178,'Bottom-Left Zone'),(1179,'Bottom-Right Zone'),(1180,'Bottom Zone'),(1182,'Top-Left Zone'),(1183,'Top-Right Zone'),(1184,'Left Zone'),(1185,'Center Zone'),(1186,'Rigth Zone'),(1187,'Bottom-Left Zone'),(1188,'Bottom-Right Zone'),(1189,'Bottom Zone'),(1191,'Top-Left Zone'),(1192,'Top-Right Zone'),(1193,'Left Zone'),(1194,'Center Zone'),(1195,'Rigth Zone'),(1196,'Bottom-Left Zone'),(1197,'Bottom-Right Zone'),(1198,'Bottom Zone'),(1200,'Top-Left Zone'),(1201,'Top-Right Zone'),(1202,'Left Zone'),(1203,'Center Zone'),(1204,'Rigth Zone'),(1205,'Bottom-Left Zone'),(1206,'Bottom-Right Zone'),(1207,'Bottom Zone'),(1209,'Top-Left Zone'),(1210,'Top-Right Zone'),(1211,'Left Zone'),(1212,'Center Zone'),(1213,'Rigth Zone'),(1214,'Bottom-Left Zone'),(1215,'Bottom-Right Zone'),(1216,'Bottom Zone'),(1218,'Top-Left Zone'),(1219,'Top-Right Zone'),(1220,'Left Zone'),(1221,'Center Zone'),(1222,'Rigth Zone'),(1223,'Bottom-Left Zone'),(1224,'Bottom-Right Zone'),(1225,'Bottom Zone'),(1227,'Top-Left Zone'),(1228,'Top-Right Zone'),(1229,'Left Zone'),(1230,'Center Zone'),(1231,'Rigth Zone'),(1232,'Bottom-Left Zone'),(1233,'Bottom-Right Zone'),(1234,'Bottom Zone'),(1236,'Top-Left Zone'),(1237,'Top-Right Zone'),(1238,'Left Zone'),(1239,'Center Zone'),(1240,'Rigth Zone'),(1241,'Bottom-Left Zone'),(1242,'Bottom-Right Zone'),(1243,'Bottom Zone'),(1245,'Top-Left Zone'),(1246,'Top-Right Zone'),(1247,'Left Zone'),(1248,'Center Zone'),(1249,'Rigth Zone'),(1250,'Bottom-Left Zone'),(1251,'Bottom-Right Zone'),(1252,'Bottom Zone'),(1254,'Top-Left Zone'),(1255,'Top-Right Zone'),(1256,'Left Zone'),(1257,'Center Zone'),(1258,'Rigth Zone'),(1259,'Bottom-Left Zone'),(1260,'Bottom-Right Zone'),(1261,'Bottom Zone'),(1263,'Top-Left Zone'),(1264,'Top-Right Zone'),(1265,'Left Zone'),(1266,'Center Zone'),(1267,'Rigth Zone'),(1268,'Bottom-Left Zone'),(1269,'Bottom-Right Zone'),(1270,'Bottom Zone'),(1272,'Top-Left Zone'),(1273,'Top-Right Zone'),(1274,'Left Zone'),(1275,'Center Zone'),(1276,'Rigth Zone'),(1277,'Bottom-Left Zone'),(1278,'Bottom-Right Zone'),(1279,'Bottom Zone'),(1281,'Top-Left Zone'),(1282,'Top-Right Zone'),(1283,'Left Zone'),(1284,'Center Zone'),(1285,'Rigth Zone'),(1286,'Bottom-Left Zone'),(1287,'Bottom-Right Zone'),(1288,'Bottom Zone'),(1290,'Top-Left Zone'),(1291,'Top-Right Zone'),(1292,'Left Zone'),(1293,'Center Zone'),(1294,'Rigth Zone'),(1295,'Bottom-Left Zone'),(1296,'Bottom-Right Zone'),(1297,'Bottom Zone'),(1299,'Top-Left Zone'),(1300,'Top-Right Zone'),(1301,'Left Zone'),(1302,'Center Zone'),(1303,'Rigth Zone'),(1304,'Bottom-Left Zone'),(1305,'Bottom-Right Zone'),(1306,'Bottom Zone'),(1308,'Top-Left Zone'),(1309,'Top-Right Zone'),(1310,'Left Zone'),(1311,'Center Zone'),(1312,'Rigth Zone'),(1313,'Bottom-Left Zone'),(1314,'Bottom-Right Zone'),(1315,'Bottom Zone'),(1317,'Top-Left Zone'),(1318,'Top-Right Zone'),(1319,'Left Zone'),(1320,'Center Zone'),(1321,'Rigth Zone'),(1322,'Bottom-Left Zone'),(1323,'Bottom-Right Zone'),(1324,'Bottom Zone'),(1326,'Top-Left Zone'),(1327,'Top-Right Zone'),(1328,'Left Zone'),(1329,'Center Zone'),(1330,'Rigth Zone'),(1331,'Bottom-Left Zone'),(1332,'Bottom-Right Zone'),(1333,'Bottom Zone'),(1335,'Top-Left Zone'),(1336,'Top-Right Zone'),(1337,'Left Zone'),(1338,'Center Zone'),(1339,'Rigth Zone'),(1340,'Bottom-Left Zone'),(1341,'Bottom-Right Zone'),(1342,'Bottom Zone'),(1344,'Top-Left Zone'),(1345,'Top-Right Zone'),(1346,'Left Zone'),(1347,'Center Zone'),(1348,'Rigth Zone'),(1349,'Bottom-Left Zone'),(1350,'Bottom-Right Zone'),(1351,'Bottom Zone'),(1353,'Top-Left Zone'),(1354,'Top-Right Zone'),(1355,'Left Zone'),(1356,'Center Zone'),(1357,'Rigth Zone'),(1358,'Bottom-Left Zone'),(1359,'Bottom-Right Zone'),(1360,'Bottom Zone'),(1362,'Top-Left Zone'),(1363,'Top-Right Zone'),(1364,'Left Zone'),(1365,'Center Zone'),(1366,'Rigth Zone'),(1367,'Bottom-Left Zone'),(1368,'Bottom-Right Zone'),(1369,'Bottom Zone'),(1371,'Top-Left Zone'),(1372,'Top-Right Zone'),(1373,'Left Zone'),(1374,'Center Zone'),(1375,'Rigth Zone'),(1376,'Bottom-Left Zone'),(1377,'Bottom-Right Zone'),(1378,'Bottom Zone'),(1380,'Top-Left Zone'),(1381,'Top-Right Zone'),(1382,'Left Zone'),(1383,'Center Zone'),(1384,'Rigth Zone'),(1385,'Bottom-Left Zone'),(1386,'Bottom-Right Zone'),(1387,'Bottom Zone'),(1389,'Top-Left Zone'),(1390,'Top-Right Zone'),(1391,'Left Zone'),(1392,'Center Zone'),(1393,'Rigth Zone'),(1394,'Bottom-Left Zone'),(1395,'Bottom-Right Zone'),(1396,'Bottom Zone'),(1398,'Top-Left Zone'),(1399,'Top-Right Zone'),(1400,'Left Zone'),(1401,'Center Zone'),(1402,'Rigth Zone'),(1403,'Bottom-Left Zone'),(1404,'Bottom-Right Zone'),(1405,'Bottom Zone'),(1407,'Top-Left Zone'),(1408,'Top-Right Zone'),(1409,'Left Zone'),(1410,'Center Zone'),(1411,'Rigth Zone'),(1412,'Bottom-Left Zone'),(1413,'Bottom-Right Zone'),(1414,'Bottom Zone'),(1416,'Top-Left Zone'),(1417,'Top-Right Zone'),(1418,'Left Zone'),(1419,'Center Zone'),(1420,'Rigth Zone'),(1421,'Bottom-Left Zone'),(1422,'Bottom-Right Zone'),(1423,'Bottom Zone'),(1425,'Top-Left Zone'),(1426,'Top-Right Zone'),(1427,'Left Zone'),(1428,'Center Zone'),(1429,'Rigth Zone'),(1430,'Bottom-Left Zone'),(1431,'Bottom-Right Zone'),(1432,'Bottom Zone'),(1434,'Top-Left Zone'),(1435,'Top-Right Zone'),(1436,'Left Zone'),(1437,'Center Zone'),(1438,'Rigth Zone'),(1439,'Bottom-Left Zone'),(1440,'Bottom-Right Zone'),(1441,'Bottom Zone'),(1443,'Top-Left Zone'),(1444,'Top-Right Zone'),(1445,'Left Zone'),(1446,'Center Zone'),(1447,'Rigth Zone'),(1448,'Bottom-Left Zone'),(1449,'Bottom-Right Zone'),(1450,'Bottom Zone'),(1452,'Top-Left Zone'),(1453,'Top-Right Zone'),(1454,'Left Zone'),(1455,'Center Zone'),(1456,'Rigth Zone'),(1457,'Bottom-Left Zone'),(1458,'Bottom-Right Zone'),(1459,'Bottom Zone'),(1461,'Top-Left Zone'),(1462,'Top-Right Zone'),(1464,'Center Zone'),(1465,'Rigth Zone'),(1466,'Bottom-Left Zone'),(1467,'Bottom-Right Zone'),(1468,'Bottom Zone'),(1470,'Top-Left Zone'),(1471,'Top-Right Zone'),(1473,'Center Zone'),(1474,'Rigth Zone'),(1475,'Bottom-Left Zone'),(1476,'Bottom-Right Zone'),(1477,'Bottom Zone'),(1479,'Top-Left Zone'),(1480,'Top-Right Zone'),(1482,'Center Zone'),(1483,'Rigth Zone'),(1484,'Bottom-Left Zone'),(1485,'Bottom-Right Zone'),(1486,'Bottom Zone'),(1488,'Top-Left Zone'),(1489,'Top-Right Zone'),(1491,'Center Zone'),(1492,'Rigth Zone'),(1493,'Bottom-Left Zone'),(1494,'Bottom-Right Zone'),(1495,'Bottom Zone'),(1497,'Top-Left Zone'),(1498,'Top-Right Zone'),(1500,'Center Zone'),(1501,'Rigth Zone'),(1502,'Bottom-Left Zone'),(1503,'Bottom-Right Zone'),(1504,'Bottom Zone'),(1506,'Top-Left Zone'),(1507,'Top-Right Zone'),(1509,'Center Zone'),(1510,'Rigth Zone'),(1511,'Bottom-Left Zone'),(1512,'Bottom-Right Zone'),(1513,'Bottom Zone'),(1515,'Top-Left Zone'),(1516,'Top-Right Zone'),(1518,'Center Zone'),(1519,'Rigth Zone'),(1520,'Bottom-Left Zone'),(1521,'Bottom-Right Zone'),(1522,'Bottom Zone'),(1524,'Top-Left Zone'),(1525,'Top-Right Zone'),(1527,'Center Zone'),(1528,'Rigth Zone'),(1529,'Bottom-Left Zone'),(1530,'Bottom-Right Zone'),(1531,'Bottom Zone'),(1533,'Top-Left Zone'),(1534,'Top-Right Zone'),(1536,'Center Zone'),(1537,'Rigth Zone'),(1538,'Bottom-Left Zone'),(1539,'Bottom-Right Zone'),(1540,'Bottom Zone'),(1542,'Top-Left Zone'),(1543,'Top-Right Zone'),(1545,'Center Zone'),(1546,'Rigth Zone'),(1547,'Bottom-Left Zone'),(1548,'Bottom-Right Zone'),(1549,'Bottom Zone'),(1551,'Top-Left Zone'),(1552,'Top-Right Zone'),(1554,'Center Zone'),(1555,'Rigth Zone'),(1556,'Bottom-Left Zone'),(1557,'Bottom-Right Zone'),(1558,'Bottom Zone'),(1560,'Top-Left Zone'),(1561,'Top-Right Zone'),(1563,'Center Zone'),(1564,'Rigth Zone'),(1565,'Bottom-Left Zone'),(1566,'Bottom-Right Zone'),(1567,'Bottom Zone'),(1569,'Top-Left Zone'),(1570,'Top-Right Zone'),(1572,'Center Zone'),(1573,'Rigth Zone'),(1574,'Bottom-Left Zone'),(1575,'Bottom-Right Zone'),(1576,'Bottom Zone'),(1578,'Top-Left Zone'),(1579,'Top-Right Zone'),(1581,'Center Zone'),(1582,'Rigth Zone'),(1583,'Bottom-Left Zone'),(1584,'Bottom-Right Zone'),(1585,'Bottom Zone'),(1587,'Top-Left Zone'),(1588,'Top-Right Zone'),(1590,'Center Zone'),(1591,'Rigth Zone'),(1592,'Bottom-Left Zone'),(1593,'Bottom-Right Zone'),(1594,'Bottom Zone'),(1596,'Top-Left Zone'),(1597,'Top-Right Zone'),(1599,'Center Zone'),(1600,'Rigth Zone'),(1601,'Bottom-Left Zone'),(1602,'Bottom-Right Zone'),(1603,'Bottom Zone'),(1605,'Top-Left Zone'),(1606,'Top-Right Zone'),(1608,'Center Zone'),(1609,'Rigth Zone'),(1610,'Bottom-Left Zone'),(1611,'Bottom-Right Zone'),(1612,'Bottom Zone'),(1614,'Top-Left Zone'),(1615,'Top-Right Zone'),(1617,'Center Zone'),(1618,'Rigth Zone'),(1619,'Bottom-Left Zone'),(1620,'Bottom-Right Zone'),(1621,'Bottom Zone'),(1623,'Top-Left Zone'),(1624,'Top-Right Zone'),(1626,'Center Zone'),(1627,'Rigth Zone'),(1628,'Bottom-Left Zone'),(1629,'Bottom-Right Zone'),(1630,'Bottom Zone'),(1632,'Top-Left Zone'),(1633,'Top-Right Zone'),(1635,'Center Zone'),(1636,'Rigth Zone'),(1637,'Bottom-Left Zone'),(1638,'Bottom-Right Zone'),(1639,'Bottom Zone'),(1641,'Top-Left Zone'),(1642,'Top-Right Zone'),(1644,'Center Zone'),(1645,'Rigth Zone'),(1646,'Bottom-Left Zone'),(1647,'Bottom-Right Zone'),(1648,'Bottom Zone'),(1650,'Top-Left Zone'),(1651,'Top-Right Zone'),(1653,'Center Zone'),(1654,'Rigth Zone'),(1655,'Bottom-Left Zone'),(1656,'Bottom-Right Zone'),(1657,'Bottom Zone'),(1659,'Top-Left Zone'),(1660,'Top-Right Zone'),(1662,'Center Zone'),(1663,'Rigth Zone'),(1664,'Bottom-Left Zone'),(1665,'Bottom-Right Zone'),(1666,'Bottom Zone'),(1668,'Top-Left Zone'),(1669,'Top-Right Zone'),(1671,'Center Zone'),(1672,'Rigth Zone'),(1673,'Bottom-Left Zone'),(1674,'Bottom-Right Zone'),(1675,'Bottom Zone'),(1677,'Top-Left Zone'),(1678,'Top-Right Zone'),(1680,'Center Zone'),(1681,'Rigth Zone'),(1682,'Bottom-Left Zone'),(1683,'Bottom-Right Zone'),(1684,'Bottom Zone'),(1686,'Top-Left Zone'),(1687,'Top-Right Zone'),(1689,'Center Zone'),(1690,'Rigth Zone'),(1691,'Bottom-Left Zone'),(1692,'Bottom-Right Zone'),(1693,'Bottom Zone'),(1695,'Top-Left Zone'),(1696,'Top-Right Zone'),(1698,'Center Zone'),(1699,'Rigth Zone'),(1700,'Bottom-Left Zone'),(1701,'Bottom-Right Zone'),(1702,'Bottom Zone'),(1704,'Top-Left Zone'),(1705,'Top-Right Zone'),(1707,'Center Zone'),(1708,'Rigth Zone'),(1709,'Bottom-Left Zone'),(1710,'Bottom-Right Zone'),(1711,'Bottom Zone'),(1713,'Top-Left Zone'),(1714,'Top-Right Zone'),(1716,'Center Zone'),(1717,'Rigth Zone'),(1718,'Bottom-Left Zone'),(1719,'Bottom-Right Zone'),(1720,'Bottom Zone'),(1722,'Top-Left Zone'),(1723,'Top-Right Zone'),(1725,'Center Zone'),(1726,'Rigth Zone'),(1727,'Bottom-Left Zone'),(1728,'Bottom-Right Zone'),(1729,'Bottom Zone'),(1731,'Top-Left Zone'),(1732,'Top-Right Zone'),(1734,'Center Zone'),(1735,'Rigth Zone'),(1736,'Bottom-Left Zone'),(1737,'Bottom-Right Zone'),(1738,'Bottom Zone'),(1740,'Top-Left Zone'),(1741,'Top-Right Zone'),(1743,'Center Zone'),(1744,'Rigth Zone'),(1745,'Bottom-Left Zone'),(1746,'Bottom-Right Zone'),(1747,'Bottom Zone'),(1749,'Top-Left Zone'),(1750,'Top-Right Zone'),(1752,'Center Zone'),(1753,'Rigth Zone'),(1754,'Bottom-Left Zone'),(1755,'Bottom-Right Zone'),(1756,'Bottom Zone'),(1758,'Top-Left Zone'),(1759,'Top-Right Zone'),(1761,'Center Zone'),(1762,'Rigth Zone'),(1763,'Bottom-Left Zone'),(1764,'Bottom-Right Zone'),(1765,'Bottom Zone'),(1767,'Top-Left Zone'),(1768,'Top-Right Zone'),(1770,'Center Zone'),(1771,'Rigth Zone'),(1772,'Bottom-Left Zone'),(1773,'Bottom-Right Zone'),(1774,'Bottom Zone'),(1776,'Top-Left Zone'),(1777,'Top-Right Zone'),(1779,'Center Zone'),(1780,'Rigth Zone'),(1781,'Bottom-Left Zone'),(1782,'Bottom-Right Zone'),(1783,'Bottom Zone'),(1785,'Top-Left Zone'),(1786,'Top-Right Zone'),(1788,'Center Zone'),(1789,'Rigth Zone'),(1790,'Bottom-Left Zone'),(1791,'Bottom-Right Zone'),(1792,'Bottom Zone'),(1794,'Top-Left Zone'),(1795,'Top-Right Zone'),(1797,'Center Zone'),(1798,'Rigth Zone'),(1799,'Bottom-Left Zone'),(1800,'Bottom-Right Zone'),(1801,'Bottom Zone'),(1803,'Top-Left Zone'),(1804,'Top-Right Zone'),(1806,'Center Zone'),(1807,'Rigth Zone'),(1808,'Bottom-Left Zone'),(1809,'Bottom-Right Zone'),(1810,'Bottom Zone'),(1812,'Top-Left Zone'),(1813,'Top-Right Zone'),(1815,'Center Zone'),(1816,'Rigth Zone'),(1817,'Bottom-Left Zone'),(1818,'Bottom-Right Zone'),(1819,'Bottom Zone'),(1821,'Top-Left Zone'),(1822,'Top-Right Zone'),(1824,'Center Zone'),(1825,'Rigth Zone'),(1826,'Bottom-Left Zone'),(1827,'Bottom-Right Zone'),(1828,'Bottom Zone'),(1830,'Top-Left Zone'),(1831,'Top-Right Zone'),(1833,'Center Zone'),(1834,'Rigth Zone'),(1835,'Bottom-Left Zone'),(1836,'Bottom-Right Zone'),(1837,'Bottom Zone'),(1839,'Top-Left Zone'),(1840,'Top-Right Zone'),(1842,'Center Zone'),(1843,'Rigth Zone'),(1844,'Bottom-Left Zone'),(1845,'Bottom-Right Zone'),(1846,'Bottom Zone'),(1848,'Top-Left Zone'),(1849,'Top-Right Zone'),(1851,'Center Zone'),(1852,'Rigth Zone'),(1853,'Bottom-Left Zone'),(1854,'Bottom-Right Zone'),(1855,'Bottom Zone'),(1857,'Top-Left Zone'),(1858,'Top-Right Zone'),(1860,'Center Zone'),(1861,'Rigth Zone'),(1862,'Bottom-Left Zone'),(1863,'Bottom-Right Zone'),(1864,'Bottom Zone'),(1866,'Top-Left Zone'),(1867,'Top-Right Zone'),(1869,'Center Zone'),(1870,'Rigth Zone'),(1871,'Bottom-Left Zone'),(1872,'Bottom-Right Zone'),(1873,'Bottom Zone'),(1875,'Top-Left Zone'),(1876,'Top-Right Zone'),(1878,'Center Zone'),(1879,'Rigth Zone'),(1880,'Bottom-Left Zone'),(1881,'Bottom-Right Zone'),(1882,'Bottom Zone'),(1884,'Top-Left Zone'),(1885,'Top-Right Zone'),(1887,'Center Zone'),(1888,'Rigth Zone'),(1889,'Bottom-Left Zone'),(1890,'Bottom-Right Zone'),(1891,'Bottom Zone'),(1893,'Top-Left Zone'),(1894,'Top-Right Zone'),(1896,'Center Zone'),(1897,'Rigth Zone'),(1898,'Bottom-Left Zone'),(1899,'Bottom-Right Zone'),(1900,'Bottom Zone'),(1902,'Top-Left Zone'),(1903,'Top-Right Zone'),(1905,'Center Zone'),(1906,'Rigth Zone'),(1907,'Bottom-Left Zone'),(1908,'Bottom-Right Zone'),(1909,'Bottom Zone'),(1911,'Top-Left Zone'),(1912,'Top-Right Zone'),(1914,'Center Zone'),(1915,'Rigth Zone'),(1916,'Bottom-Left Zone'),(1917,'Bottom-Right Zone'),(1918,'Bottom Zone'),(1920,'Top-Left Zone'),(1921,'Top-Right Zone'),(1923,'Center Zone'),(1924,'Rigth Zone'),(1925,'Bottom-Left Zone'),(1926,'Bottom-Right Zone'),(1927,'Bottom Zone'),(1929,'Top-Left Zone'),(1930,'Top-Right Zone'),(1932,'Center Zone'),(1933,'Rigth Zone'),(1934,'Bottom-Left Zone'),(1935,'Bottom-Right Zone'),(1936,'Bottom Zone'),(1938,'Top-Left Zone'),(1939,'Top-Right Zone'),(1941,'Center Zone'),(1942,'Rigth Zone'),(1943,'Bottom-Left Zone'),(1944,'Bottom-Right Zone'),(1945,'Bottom Zone'),(1947,'Top-Left Zone'),(1948,'Top-Right Zone'),(1950,'Center Zone'),(1951,'Rigth Zone'),(1952,'Bottom-Left Zone'),(1953,'Bottom-Right Zone'),(1954,'Bottom Zone'),(1956,'Top-Left Zone'),(1957,'Top-Right Zone'),(1959,'Center Zone'),(1960,'Rigth Zone'),(1961,'Bottom-Left Zone'),(1962,'Bottom-Right Zone'),(1963,'Bottom Zone'),(1965,'Top-Left Zone'),(1966,'Top-Right Zone'),(1968,'Center Zone'),(1969,'Rigth Zone'),(1970,'Bottom-Left Zone'),(1971,'Bottom-Right Zone'),(1972,'Bottom Zone'),(1974,'Top-Left Zone'),(1975,'Top-Right Zone'),(1977,'Center Zone'),(1978,'Rigth Zone'),(1979,'Bottom-Left Zone'),(1980,'Bottom-Right Zone'),(1981,'Bottom Zone'),(1983,'Top-Left Zone'),(1984,'Top-Right Zone'),(1986,'Center Zone'),(1987,'Rigth Zone'),(1988,'Bottom-Left Zone'),(1989,'Bottom-Right Zone'),(1990,'Bottom Zone'),(1992,'Top-Left Zone'),(1993,'Top-Right Zone'),(1995,'Center Zone'),(1996,'Rigth Zone'),(1997,'Bottom-Left Zone'),(1998,'Bottom-Right Zone'),(1999,'Bottom Zone'),(2001,'Top-Left Zone'),(2002,'Top-Right Zone'),(2004,'Center Zone'),(2005,'Rigth Zone'),(2006,'Bottom-Left Zone'),(2007,'Bottom-Right Zone'),(2008,'Bottom Zone'),(2010,'Top-Left Zone'),(2011,'Top-Right Zone'),(2013,'Center Zone'),(2014,'Rigth Zone'),(2015,'Bottom-Left Zone'),(2016,'Bottom-Right Zone'),(2017,'Bottom Zone'),(2019,'Top-Left Zone'),(2020,'Top-Right Zone'),(2022,'Center Zone'),(2023,'Rigth Zone'),(2024,'Bottom-Left Zone'),(2025,'Bottom-Right Zone'),(2026,'Bottom Zone'),(2028,'Top-Left Zone'),(2029,'Top-Right Zone'),(2031,'Center Zone'),(2032,'Rigth Zone'),(2033,'Bottom-Left Zone'),(2034,'Bottom-Right Zone'),(2035,'Bottom Zone'),(2037,'Top-Left Zone'),(2038,'Top-Right Zone'),(2040,'Center Zone'),(2041,'Rigth Zone'),(2042,'Bottom-Left Zone'),(2043,'Bottom-Right Zone'),(2044,'Bottom Zone'),(2046,'Top-Left Zone'),(2047,'Top-Right Zone'),(2049,'Center Zone'),(2050,'Rigth Zone'),(2051,'Bottom-Left Zone'),(2052,'Bottom-Right Zone'),(2053,'Bottom Zone'),(2055,'Top-Left Zone'),(2056,'Top-Right Zone'),(2058,'Center Zone'),(2059,'Rigth Zone'),(2060,'Bottom-Left Zone'),(2061,'Bottom-Right Zone'),(2062,'Bottom Zone'),(2064,'Top-Left Zone'),(2065,'Top-Right Zone'),(2067,'Center Zone'),(2068,'Rigth Zone'),(2069,'Bottom-Left Zone'),(2070,'Bottom-Right Zone'),(2071,'Bottom Zone'),(2073,'Top-Left Zone'),(2074,'Top-Right Zone'),(2076,'Center Zone'),(2077,'Rigth Zone'),(2078,'Bottom-Left Zone'),(2079,'Bottom-Right Zone'),(2080,'Bottom Zone'),(2082,'Top-Left Zone'),(2083,'Top-Right Zone'),(2085,'Center Zone'),(2086,'Rigth Zone'),(2087,'Bottom-Left Zone'),(2088,'Bottom-Right Zone'),(2089,'Bottom Zone'),(2091,'Top-Left Zone'),(2092,'Top-Right Zone'),(2094,'Center Zone'),(2095,'Rigth Zone'),(2096,'Bottom-Left Zone'),(2097,'Bottom-Right Zone'),(2098,'Bottom Zone'),(2100,'Top-Left Zone'),(2101,'Top-Right Zone'),(2103,'Center Zone'),(2104,'Rigth Zone'),(2105,'Bottom-Left Zone'),(2106,'Bottom-Right Zone'),(2107,'Bottom Zone'),(2109,'Top-Left Zone'),(2110,'Top-Right Zone'),(2112,'Center Zone'),(2113,'Rigth Zone'),(2114,'Bottom-Left Zone'),(2115,'Bottom-Right Zone'),(2116,'Bottom Zone'),(2118,'Top-Left Zone'),(2119,'Top-Right Zone'),(2121,'Center Zone'),(2122,'Rigth Zone'),(2123,'Bottom-Left Zone'),(2124,'Bottom-Right Zone'),(2125,'Bottom Zone'),(2127,'Top-Left Zone'),(2128,'Top-Right Zone'),(2130,'Center Zone'),(2131,'Rigth Zone'),(2132,'Bottom-Left Zone'),(2133,'Bottom-Right Zone'),(2134,'Bottom Zone'),(2136,'Top-Left Zone'),(2137,'Top-Right Zone'),(2139,'Center Zone'),(2140,'Rigth Zone'),(2141,'Bottom-Left Zone'),(2142,'Bottom-Right Zone'),(2143,'Bottom Zone'),(2145,'Top-Left Zone'),(2146,'Top-Right Zone'),(2148,'Center Zone'),(2149,'Rigth Zone'),(2150,'Bottom-Left Zone'),(2151,'Bottom-Right Zone'),(2152,'Bottom Zone'),(2154,'Top-Left Zone'),(2155,'Top-Right Zone'),(2157,'Center Zone'),(2158,'Rigth Zone'),(2159,'Bottom-Left Zone'),(2160,'Bottom-Right Zone'),(2161,'Bottom Zone'),(2163,'Top-Left Zone'),(2164,'Top-Right Zone'),(2166,'Center Zone'),(2167,'Rigth Zone'),(2168,'Bottom-Left Zone'),(2169,'Bottom-Right Zone'),(2170,'Bottom Zone'),(2172,'Top-Left Zone'),(2173,'Top-Right Zone'),(2175,'Center Zone'),(2176,'Rigth Zone'),(2177,'Bottom-Left Zone'),(2178,'Bottom-Right Zone'),(2179,'Bottom Zone'),(2181,'Top-Left Zone'),(2182,'Top-Right Zone'),(2184,'Center Zone'),(2185,'Rigth Zone'),(2186,'Bottom-Left Zone'),(2187,'Bottom-Right Zone'),(2188,'Bottom Zone'),(2190,'Top-Left Zone'),(2191,'Top-Right Zone'),(2193,'Center Zone'),(2194,'Rigth Zone'),(2195,'Bottom-Left Zone'),(2196,'Bottom-Right Zone'),(2197,'Bottom Zone'),(2199,'Top-Left Zone'),(2200,'Top-Right Zone'),(2202,'Center Zone'),(2203,'Rigth Zone'),(2204,'Bottom-Left Zone'),(2205,'Bottom-Right Zone'),(2206,'Bottom Zone'),(2208,'Top-Left Zone'),(2209,'Top-Right Zone'),(2211,'Center Zone'),(2212,'Rigth Zone'),(2213,'Bottom-Left Zone'),(2214,'Bottom-Right Zone'),(2215,'Bottom Zone'),(2217,'Top-Left Zone'),(2218,'Top-Right Zone'),(2220,'Center Zone'),(2221,'Rigth Zone'),(2222,'Bottom-Left Zone'),(2223,'Bottom-Right Zone'),(2224,'Bottom Zone'),(2226,'Top-Left Zone'),(2227,'Top-Right Zone'),(2229,'Center Zone'),(2230,'Rigth Zone'),(2231,'Bottom-Left Zone'),(2232,'Bottom-Right Zone'),(2233,'Bottom Zone'),(2235,'Top-Left Zone'),(2236,'Top-Right Zone'),(2238,'Center Zone'),(2239,'Rigth Zone'),(2240,'Bottom-Left Zone'),(2241,'Bottom-Right Zone'),(2242,'Bottom Zone'),(2244,'Top-Left Zone'),(2245,'Top-Right Zone'),(2247,'Center Zone'),(2248,'Rigth Zone'),(2249,'Bottom-Left Zone'),(2250,'Bottom-Right Zone'),(2251,'Bottom Zone'),(2253,'Top-Left Zone'),(2254,'Top-Right Zone'),(2256,'Center Zone'),(2257,'Rigth Zone'),(2258,'Bottom-Left Zone'),(2259,'Bottom-Right Zone'),(2260,'Bottom Zone'),(2262,'Top-Left Zone'),(2263,'Top-Right Zone'),(2265,'Center Zone'),(2266,'Rigth Zone'),(2267,'Bottom-Left Zone'),(2268,'Bottom-Right Zone'),(2269,'Bottom Zone'),(2271,'Top-Left Zone'),(2272,'Top-Right Zone'),(2274,'Center Zone'),(2275,'Rigth Zone'),(2276,'Bottom-Left Zone'),(2277,'Bottom-Right Zone'),(2278,'Bottom Zone'),(2280,'Top-Left Zone'),(2281,'Top-Right Zone'),(2283,'Center Zone'),(2284,'Rigth Zone'),(2285,'Bottom-Left Zone'),(2286,'Bottom-Right Zone'),(2287,'Bottom Zone'),(2289,'Top-Left Zone'),(2290,'Top-Right Zone'),(2292,'Center Zone'),(2293,'Rigth Zone'),(2294,'Bottom-Left Zone'),(2295,'Bottom-Right Zone'),(2296,'Bottom Zone'),(2298,'Top-Left Zone'),(2299,'Top-Right Zone'),(2301,'Center Zone'),(2302,'Rigth Zone'),(2303,'Bottom-Left Zone'),(2304,'Bottom-Right Zone'),(2305,'Bottom Zone'),(2307,'Top-Left Zone'),(2308,'Top-Right Zone'),(2310,'Center Zone'),(2311,'Rigth Zone'),(2312,'Bottom-Left Zone'),(2313,'Bottom-Right Zone'),(2314,'Bottom Zone'),(2316,'Top-Left Zone'),(2317,'Top-Right Zone'),(2319,'Center Zone'),(2320,'Rigth Zone'),(2321,'Bottom-Left Zone'),(2322,'Bottom-Right Zone'),(2323,'Bottom Zone'),(2325,'Top-Left Zone'),(2326,'Top-Right Zone'),(2328,'Center Zone'),(2329,'Rigth Zone'),(2330,'Bottom-Left Zone'),(2331,'Bottom-Right Zone'),(2332,'Bottom Zone'),(2334,'Top-Left Zone'),(2335,'Top-Right Zone'),(2337,'Center Zone'),(2338,'Rigth Zone'),(2339,'Bottom-Left Zone'),(2340,'Bottom-Right Zone'),(2341,'Bottom Zone'),(2343,'Top-Left Zone'),(2344,'Top-Right Zone'),(2346,'Center Zone'),(2347,'Rigth Zone'),(2348,'Bottom-Left Zone'),(2349,'Bottom-Right Zone'),(2350,'Bottom Zone'),(2352,'Top-Left Zone'),(2353,'Top-Right Zone'),(2355,'Center Zone'),(2356,'Rigth Zone'),(2357,'Bottom-Left Zone'),(2358,'Bottom-Right Zone'),(2359,'Bottom Zone'),(2361,'Top-Left Zone'),(2362,'Top-Right Zone'),(2364,'Center Zone'),(2365,'Rigth Zone'),(2366,'Bottom-Left Zone'),(2367,'Bottom-Right Zone'),(2368,'Bottom Zone'),(2370,'Top-Left Zone'),(2371,'Top-Right Zone'),(2373,'Center Zone'),(2374,'Rigth Zone'),(2375,'Bottom-Left Zone'),(2376,'Bottom-Right Zone'),(2377,'Bottom Zone'),(2379,'Top-Left Zone'),(2380,'Top-Right Zone'),(2382,'Center Zone'),(2383,'Rigth Zone'),(2384,'Bottom-Left Zone'),(2385,'Bottom-Right Zone'),(2386,'Bottom Zone'),(2388,'Top-Left Zone'),(2389,'Top-Right Zone'),(2391,'Center Zone'),(2392,'Rigth Zone'),(2393,'Bottom-Left Zone'),(2394,'Bottom-Right Zone'),(2395,'Bottom Zone'),(2397,'Top-Left Zone'),(2398,'Top-Right Zone'),(2400,'Center Zone'),(2401,'Rigth Zone'),(2402,'Bottom-Left Zone'),(2403,'Bottom-Right Zone'),(2404,'Bottom Zone'),(2406,'Top-Left Zone'),(2407,'Top-Right Zone'),(2409,'Center Zone'),(2410,'Rigth Zone'),(2411,'Bottom-Left Zone'),(2412,'Bottom-Right Zone'),(2413,'Bottom Zone'),(2415,'Top-Left Zone'),(2416,'Top-Right Zone'),(2418,'Center Zone'),(2419,'Rigth Zone'),(2420,'Bottom-Left Zone'),(2421,'Bottom-Right Zone'),(2422,'Bottom Zone'),(2424,'Top-Left Zone'),(2425,'Top-Right Zone'),(2427,'Center Zone'),(2428,'Rigth Zone'),(2429,'Bottom-Left Zone'),(2430,'Bottom-Right Zone'),(2431,'Bottom Zone'),(2433,'Top-Left Zone'),(2434,'Top-Right Zone'),(2436,'Center Zone'),(2437,'Rigth Zone'),(2438,'Bottom-Left Zone'),(2439,'Bottom-Right Zone'),(2440,'Bottom Zone'),(2442,'Top-Left Zone'),(2443,'Top-Right Zone'),(2445,'Center Zone'),(2446,'Rigth Zone'),(2447,'Bottom-Left Zone'),(2448,'Bottom-Right Zone'),(2449,'Bottom Zone'),(2451,'Top-Left Zone'),(2452,'Top-Right Zone'),(2454,'Center Zone'),(2455,'Rigth Zone'),(2456,'Bottom-Left Zone'),(2457,'Bottom-Right Zone'),(2458,'Bottom Zone'),(2460,'Top-Left Zone'),(2461,'Top-Right Zone'),(2463,'Center Zone'),(2464,'Rigth Zone'),(2465,'Bottom-Left Zone'),(2466,'Bottom-Right Zone'),(2467,'Bottom Zone'),(2469,'Top-Left Zone'),(2470,'Top-Right Zone'),(2472,'Center Zone'),(2473,'Rigth Zone'),(2474,'Bottom-Left Zone'),(2475,'Bottom-Right Zone'),(2476,'Bottom Zone'),(2478,'Top-Left Zone'),(2479,'Top-Right Zone'),(2481,'Center Zone'),(2482,'Rigth Zone'),(2483,'Bottom-Left Zone'),(2484,'Bottom-Right Zone'),(2485,'Bottom Zone'),(2487,'Top-Left Zone'),(2488,'Top-Right Zone'),(2490,'Center Zone'),(2491,'Rigth Zone'),(2492,'Bottom-Left Zone'),(2493,'Bottom-Right Zone'),(2494,'Bottom Zone'),(2496,'Top-Left Zone'),(2497,'Top-Right Zone'),(2499,'Center Zone'),(2500,'Rigth Zone'),(2501,'Bottom-Left Zone'),(2502,'Bottom-Right Zone'),(2503,'Bottom Zone'),(2505,'Top-Left Zone'),(2506,'Top-Right Zone'),(2508,'Center Zone'),(2509,'Rigth Zone'),(2510,'Bottom-Left Zone'),(2511,'Bottom-Right Zone'),(2512,'Bottom Zone'),(2514,'Top-Left Zone'),(2515,'Top-Right Zone'),(2517,'Center Zone'),(2518,'Rigth Zone'),(2519,'Bottom-Left Zone'),(2520,'Bottom-Right Zone'),(2521,'Bottom Zone'),(2523,'Top-Left Zone'),(2524,'Top-Right Zone'),(2526,'Center Zone'),(2527,'Rigth Zone'),(2528,'Bottom-Left Zone'),(2529,'Bottom-Right Zone'),(2530,'Bottom Zone'),(2532,'Top-Left Zone'),(2533,'Top-Right Zone'),(2535,'Center Zone'),(2536,'Rigth Zone'),(2537,'Bottom-Left Zone'),(2538,'Bottom-Right Zone'),(2539,'Bottom Zone'),(2541,'Top-Left Zone'),(2542,'Top-Right Zone'),(2544,'Center Zone'),(2545,'Rigth Zone'),(2546,'Bottom-Left Zone'),(2547,'Bottom-Right Zone'),(2548,'Bottom Zone'),(2550,'Top-Left Zone'),(2551,'Top-Right Zone'),(2553,'Center Zone'),(2554,'Rigth Zone'),(2555,'Bottom-Left Zone'),(2556,'Bottom-Right Zone'),(2557,'Bottom Zone'),(2559,'Top-Left Zone'),(2560,'Top-Right Zone'),(2562,'Center Zone'),(2563,'Rigth Zone'),(2564,'Bottom-Left Zone'),(2565,'Bottom-Right Zone'),(2566,'Bottom Zone'),(2568,'Top-Left Zone'),(2569,'Top-Right Zone'),(2571,'Center Zone'),(2572,'Rigth Zone'),(2573,'Bottom-Left Zone'),(2574,'Bottom-Right Zone'),(2575,'Bottom Zone'),(2577,'Top-Left Zone'),(2578,'Top-Right Zone'),(2580,'Center Zone'),(2581,'Rigth Zone'),(2582,'Bottom-Left Zone'),(2583,'Bottom-Right Zone'),(2584,'Bottom Zone'),(2586,'Top-Left Zone'),(2587,'Top-Right Zone'),(2589,'Center Zone'),(2590,'Rigth Zone'),(2591,'Bottom-Left Zone'),(2592,'Bottom-Right Zone'),(2593,'Bottom Zone'),(2595,'Top-Left Zone'),(2596,'Top-Right Zone'),(2598,'Center Zone'),(2599,'Rigth Zone'),(2600,'Bottom-Left Zone'),(2601,'Bottom-Right Zone'),(2602,'Bottom Zone'),(2604,'Top-Left Zone'),(2605,'Top-Right Zone'),(2607,'Center Zone'),(2608,'Rigth Zone'),(2609,'Bottom-Left Zone'),(2610,'Bottom-Right Zone'),(2611,'Bottom Zone'),(2613,'Top-Left Zone'),(2614,'Top-Right Zone'),(2616,'Center Zone'),(2617,'Rigth Zone'),(2618,'Bottom-Left Zone'),(2619,'Bottom-Right Zone'),(2620,'Bottom Zone'),(2622,'Top-Left Zone'),(2623,'Top-Right Zone'),(2625,'Center Zone'),(2626,'Rigth Zone'),(2627,'Bottom-Left Zone'),(2628,'Bottom-Right Zone'),(2629,'Bottom Zone'),(2631,'Top-Left Zone'),(2632,'Top-Right Zone'),(2634,'Center Zone'),(2635,'Rigth Zone'),(2636,'Bottom-Left Zone'),(2637,'Bottom-Right Zone'),(2638,'Bottom Zone'),(2640,'Top-Left Zone'),(2641,'Top-Right Zone'),(2643,'Center Zone'),(2644,'Rigth Zone'),(2645,'Bottom-Left Zone'),(2646,'Bottom-Right Zone'),(2647,'Bottom Zone'),(2649,'Top-Left Zone'),(2650,'Top-Right Zone'),(2652,'Center Zone'),(2653,'Rigth Zone'),(2654,'Bottom-Left Zone'),(2655,'Bottom-Right Zone'),(2656,'Bottom Zone'),(2658,'Top-Left Zone'),(2659,'Top-Right Zone'),(2661,'Center Zone'),(2662,'Rigth Zone'),(2663,'Bottom-Left Zone'),(2664,'Bottom-Right Zone'),(2665,'Bottom Zone'),(2667,'Top-Left Zone'),(2668,'Top-Right Zone'),(2670,'Center Zone'),(2671,'Rigth Zone'),(2672,'Bottom-Left Zone'),(2673,'Bottom-Right Zone'),(2674,'Bottom Zone'),(2676,'Top-Left Zone'),(2677,'Top-Right Zone'),(2679,'Center Zone'),(2680,'Rigth Zone'),(2681,'Bottom-Left Zone'),(2682,'Bottom-Right Zone'),(2683,'Bottom Zone'),(2685,'Top-Left Zone'),(2686,'Top-Right Zone'),(2688,'Center Zone'),(2689,'Rigth Zone'),(2690,'Bottom-Left Zone'),(2691,'Bottom-Right Zone'),(2692,'Bottom Zone'),(2694,'Top-Left Zone'),(2695,'Top-Right Zone'),(2697,'Center Zone'),(2698,'Rigth Zone'),(2699,'Bottom-Left Zone'),(2700,'Bottom-Right Zone'),(2701,'Bottom Zone'),(2703,'Top-Left Zone'),(2704,'Top-Right Zone'),(2706,'Center Zone'),(2707,'Rigth Zone'),(2708,'Bottom-Left Zone'),(2709,'Bottom-Right Zone'),(2710,'Bottom Zone'),(2712,'Top-Left Zone'),(2713,'Top-Right Zone'),(2715,'Center Zone'),(2716,'Rigth Zone'),(2717,'Bottom-Left Zone'),(2718,'Bottom-Right Zone'),(2719,'Bottom Zone'),(2721,'Top-Left Zone'),(2722,'Top-Right Zone'),(2724,'Center Zone'),(2725,'Rigth Zone'),(2726,'Bottom-Left Zone'),(2727,'Bottom-Right Zone'),(2728,'Bottom Zone'),(2730,'Top-Left Zone'),(2731,'Top-Right Zone'),(2733,'Center Zone'),(2734,'Rigth Zone'),(2735,'Bottom-Left Zone'),(2736,'Bottom-Right Zone'),(2737,'Bottom Zone'),(2739,'Top-Left Zone'),(2740,'Top-Right Zone'),(2742,'Center Zone'),(2743,'Rigth Zone'),(2744,'Bottom-Left Zone'),(2745,'Bottom-Right Zone'),(2746,'Bottom Zone'),(2748,'Top-Left Zone'),(2749,'Top-Right Zone'),(2751,'Center Zone'),(2752,'Rigth Zone'),(2753,'Bottom-Left Zone'),(2754,'Bottom-Right Zone'),(2755,'Bottom Zone'),(2757,'Top-Left Zone'),(2758,'Top-Right Zone'),(2760,'Center Zone'),(2761,'Rigth Zone'),(2762,'Bottom-Left Zone'),(2763,'Bottom-Right Zone'),(2764,'Bottom Zone'),(2766,'Top-Left Zone'),(2767,'Top-Right Zone'),(2769,'Center Zone'),(2770,'Rigth Zone'),(2771,'Bottom-Left Zone'),(2772,'Bottom-Right Zone'),(2773,'Bottom Zone'),(2775,'Top-Left Zone'),(2776,'Top-Right Zone'),(2778,'Center Zone'),(2779,'Rigth Zone'),(2780,'Bottom-Left Zone'),(2781,'Bottom-Right Zone'),(2782,'Bottom Zone'),(2784,'Top-Left Zone'),(2785,'Top-Right Zone'),(2787,'Center Zone'),(2788,'Rigth Zone'),(2789,'Bottom-Left Zone'),(2790,'Bottom-Right Zone'),(2791,'Bottom Zone'),(2793,'Top-Left Zone'),(2794,'Top-Right Zone'),(2796,'Center Zone'),(2797,'Rigth Zone'),(2798,'Bottom-Left Zone'),(2799,'Bottom-Right Zone'),(2800,'Bottom Zone'),(2802,'Top-Left Zone'),(2803,'Top-Right Zone'),(2805,'Center Zone'),(2806,'Rigth Zone'),(2807,'Bottom-Left Zone'),(2808,'Bottom-Right Zone'),(2809,'Bottom Zone'),(2811,'Top-Left Zone'),(2812,'Top-Right Zone'),(2814,'Center Zone'),(2815,'Rigth Zone'),(2816,'Bottom-Left Zone'),(2817,'Bottom-Right Zone'),(2818,'Bottom Zone'),(2820,'Top-Left Zone'),(2821,'Top-Right Zone'),(2823,'Center Zone'),(2824,'Rigth Zone'),(2825,'Bottom-Left Zone'),(2826,'Bottom-Right Zone'),(2827,'Bottom Zone'),(2829,'Top-Left Zone'),(2830,'Top-Right Zone'),(2832,'Center Zone'),(2833,'Rigth Zone'),(2834,'Bottom-Left Zone'),(2835,'Bottom-Right Zone'),(2836,'Bottom Zone'),(2838,'Top-Left Zone'),(2839,'Top-Right Zone'),(2841,'Center Zone'),(2842,'Rigth Zone'),(2843,'Bottom-Left Zone'),(2844,'Bottom-Right Zone'),(2845,'Bottom Zone'),(2847,'Top-Left Zone'),(2848,'Top-Right Zone'),(2850,'Center Zone'),(2851,'Rigth Zone'),(2852,'Bottom-Left Zone'),(2853,'Bottom-Right Zone'),(2854,'Bottom Zone'),(2856,'Top-Left Zone'),(2857,'Top-Right Zone'),(2859,'Center Zone'),(2860,'Rigth Zone'),(2861,'Bottom-Left Zone'),(2862,'Bottom-Right Zone'),(2863,'Bottom Zone'),(2865,'Top-Left Zone'),(2866,'Top-Right Zone'),(2868,'Center Zone'),(2869,'Rigth Zone'),(2870,'Bottom-Left Zone'),(2871,'Bottom-Right Zone'),(2872,'Bottom Zone'),(2874,'Top-Left Zone'),(2875,'Top-Right Zone'),(2877,'Center Zone'),(2878,'Rigth Zone'),(2879,'Bottom-Left Zone'),(2880,'Bottom-Right Zone'),(2881,'Bottom Zone'),(2883,'Top-Left Zone'),(2884,'Top-Right Zone'),(2886,'Center Zone'),(2887,'Rigth Zone'),(2888,'Bottom-Left Zone'),(2889,'Bottom-Right Zone'),(2890,'Bottom Zone'),(2892,'Top-Left Zone'),(2893,'Top-Right Zone'),(2895,'Center Zone'),(2896,'Rigth Zone'),(2897,'Bottom-Left Zone'),(2898,'Bottom-Right Zone'),(2899,'Bottom Zone'),(2901,'Top-Left Zone'),(2902,'Top-Right Zone'),(2904,'Center Zone'),(2905,'Rigth Zone'),(2906,'Bottom-Left Zone'),(2907,'Bottom-Right Zone'),(2908,'Bottom Zone'),(2910,'Top-Left Zone'),(2911,'Top-Right Zone'),(2913,'Center Zone'),(2914,'Rigth Zone'),(2915,'Bottom-Left Zone'),(2916,'Bottom-Right Zone'),(2917,'Bottom Zone'),(2919,'Top-Left Zone'),(2920,'Top-Right Zone'),(2922,'Center Zone'),(2923,'Rigth Zone'),(2924,'Bottom-Left Zone'),(2925,'Bottom-Right Zone'),(2926,'Bottom Zone'),(2928,'Top-Left Zone'),(2929,'Top-Right Zone'),(2931,'Center Zone'),(2932,'Rigth Zone'),(2933,'Bottom-Left Zone'),(2934,'Bottom-Right Zone'),(2935,'Bottom Zone'),(2937,'Top-Left Zone'),(2938,'Top-Right Zone'),(2940,'Center Zone'),(2941,'Rigth Zone'),(2942,'Bottom-Left Zone'),(2943,'Bottom-Right Zone'),(2944,'Bottom Zone'),(2946,'Top-Left Zone'),(2947,'Top-Right Zone'),(2949,'Center Zone'),(2950,'Rigth Zone'),(2951,'Bottom-Left Zone'),(2952,'Bottom-Right Zone'),(2953,'Bottom Zone'),(2955,'Top-Left Zone'),(2956,'Top-Right Zone'),(2958,'Center Zone'),(2959,'Rigth Zone'),(2960,'Bottom-Left Zone'),(2961,'Bottom-Right Zone'),(2962,'Bottom Zone'),(2964,'Top-Left Zone'),(2965,'Top-Right Zone'),(2967,'Center Zone'),(2968,'Rigth Zone'),(2969,'Bottom-Left Zone'),(2970,'Bottom-Right Zone'),(2971,'Bottom Zone'),(2973,'Top-Left Zone'),(2974,'Top-Right Zone'),(2976,'Center Zone'),(2977,'Rigth Zone'),(2978,'Bottom-Left Zone'),(2979,'Bottom-Right Zone'),(2980,'Bottom Zone'),(2982,'Top-Left Zone'),(2983,'Top-Right Zone'),(2985,'Center Zone'),(2986,'Rigth Zone'),(2987,'Bottom-Left Zone'),(2988,'Bottom-Right Zone'),(2989,'Bottom Zone'),(2991,'Top-Left Zone'),(2992,'Top-Right Zone'),(2994,'Center Zone'),(2995,'Rigth Zone'),(2996,'Bottom-Left Zone'),(2997,'Bottom-Right Zone'),(2998,'Bottom Zone'),(3000,'Top-Left Zone'),(3001,'Top-Right Zone'),(3003,'Center Zone'),(3004,'Rigth Zone'),(3005,'Bottom-Left Zone'),(3006,'Bottom-Right Zone'),(3007,'Bottom Zone'),(3009,'Top-Left Zone'),(3010,'Top-Right Zone'),(3012,'Center Zone'),(3013,'Rigth Zone'),(3014,'Bottom-Left Zone'),(3015,'Bottom-Right Zone'),(3016,'Bottom Zone'),(3018,'Top-Left Zone'),(3019,'Top-Right Zone'),(3021,'Center Zone'),(3022,'Rigth Zone'),(3023,'Bottom-Left Zone'),(3024,'Bottom-Right Zone'),(3025,'Bottom Zone'),(3027,'Top-Left Zone'),(3028,'Top-Right Zone'),(3030,'Center Zone'),(3031,'Rigth Zone'),(3032,'Bottom-Left Zone'),(3033,'Bottom-Right Zone'),(3034,'Bottom Zone'),(3036,'Top-Left Zone'),(3037,'Top-Right Zone'),(3039,'Center Zone'),(3040,'Rigth Zone'),(3041,'Bottom-Left Zone'),(3042,'Bottom-Right Zone'),(3043,'Bottom Zone'),(3045,'Top-Left Zone'),(3046,'Top-Right Zone'),(3048,'Center Zone'),(3049,'Rigth Zone'),(3050,'Bottom-Left Zone'),(3051,'Bottom-Right Zone'),(3052,'Bottom Zone'),(3054,'Top-Left Zone'),(3055,'Top-Right Zone'),(3057,'Center Zone'),(3058,'Rigth Zone'),(3059,'Bottom-Left Zone'),(3060,'Bottom-Right Zone'),(3061,'Bottom Zone'),(3063,'Top-Left Zone'),(3064,'Top-Right Zone'),(3066,'Center Zone'),(3067,'Rigth Zone'),(3068,'Bottom-Left Zone'),(3069,'Bottom-Right Zone'),(3070,'Bottom Zone'),(3072,'Top-Left Zone'),(3073,'Top-Right Zone'),(3075,'Center Zone'),(3076,'Rigth Zone'),(3077,'Bottom-Left Zone'),(3078,'Bottom-Right Zone'),(3079,'Bottom Zone'),(3081,'Top-Left Zone'),(3082,'Top-Right Zone'),(3084,'Center Zone'),(3085,'Rigth Zone'),(3086,'Bottom-Left Zone'),(3087,'Bottom-Right Zone'),(3088,'Bottom Zone'),(3090,'Top-Left Zone'),(3091,'Top-Right Zone'),(3093,'Center Zone'),(3094,'Rigth Zone'),(3095,'Bottom-Left Zone'),(3096,'Bottom-Right Zone'),(3097,'Bottom Zone'),(3099,'Top-Left Zone'),(3100,'Top-Right Zone'),(3102,'Center Zone'),(3103,'Rigth Zone'),(3104,'Bottom-Left Zone'),(3105,'Bottom-Right Zone'),(3106,'Bottom Zone'),(3108,'Top-Left Zone'),(3109,'Top-Right Zone'),(3111,'Center Zone'),(3112,'Rigth Zone'),(3113,'Bottom-Left Zone'),(3114,'Bottom-Right Zone'),(3115,'Bottom Zone'),(3117,'Top-Left Zone'),(3118,'Top-Right Zone'),(3120,'Center Zone'),(3121,'Rigth Zone'),(3122,'Bottom-Left Zone'),(3123,'Bottom-Right Zone'),(3124,'Bottom Zone'),(3126,'Top-Left Zone'),(3127,'Top-Right Zone'),(3129,'Center Zone'),(3130,'Rigth Zone'),(3131,'Bottom-Left Zone'),(3132,'Bottom-Right Zone'),(3133,'Bottom Zone'),(3135,'Top-Left Zone'),(3136,'Top-Right Zone'),(3138,'Center Zone'),(3139,'Rigth Zone'),(3140,'Bottom-Left Zone'),(3141,'Bottom-Right Zone'),(3142,'Bottom Zone'),(3144,'Top-Left Zone'),(3145,'Top-Right Zone'),(3147,'Center Zone'),(3148,'Rigth Zone'),(3149,'Bottom-Left Zone'),(3150,'Bottom-Right Zone'),(3151,'Bottom Zone'),(3153,'Top-Left Zone'),(3154,'Top-Right Zone'),(3156,'Center Zone'),(3157,'Rigth Zone'),(3158,'Bottom-Left Zone'),(3159,'Bottom-Right Zone'),(3160,'Bottom Zone'),(3162,'Top-Left Zone'),(3163,'Top-Right Zone'),(3165,'Center Zone'),(3166,'Rigth Zone'),(3167,'Bottom-Left Zone'),(3168,'Bottom-Right Zone'),(3169,'Bottom Zone'),(3171,'Top-Left Zone'),(3172,'Top-Right Zone'),(3174,'Center Zone'),(3175,'Rigth Zone'),(3176,'Bottom-Left Zone'),(3177,'Bottom-Right Zone'),(3178,'Bottom Zone'),(3180,'Top-Left Zone'),(3181,'Top-Right Zone'),(3183,'Center Zone'),(3184,'Rigth Zone'),(3185,'Bottom-Left Zone'),(3186,'Bottom-Right Zone'),(3187,'Bottom Zone'),(3189,'Top-Left Zone'),(3190,'Top-Right Zone'),(3192,'Center Zone'),(3193,'Rigth Zone'),(3194,'Bottom-Left Zone'),(3195,'Bottom-Right Zone'),(3196,'Bottom Zone'),(3198,'Top-Left Zone'),(3199,'Top-Right Zone'),(3201,'Center Zone'),(3202,'Rigth Zone'),(3203,'Bottom-Left Zone'),(3204,'Bottom-Right Zone'),(3205,'Bottom Zone'),(3207,'Top-Left Zone'),(3208,'Top-Right Zone'),(3210,'Center Zone'),(3211,'Rigth Zone'),(3212,'Bottom-Left Zone'),(3213,'Bottom-Right Zone'),(3214,'Bottom Zone'),(3216,'Top-Left Zone'),(3217,'Top-Right Zone'),(3219,'Center Zone'),(3220,'Rigth Zone'),(3221,'Bottom-Left Zone'),(3222,'Bottom-Right Zone'),(3223,'Bottom Zone'),(3225,'Top-Left Zone'),(3226,'Top-Right Zone'),(3228,'Center Zone'),(3229,'Rigth Zone'),(3230,'Bottom-Left Zone'),(3231,'Bottom-Right Zone'),(3232,'Bottom Zone'),(3234,'Top-Left Zone'),(3235,'Top-Right Zone'),(3237,'Center Zone'),(3238,'Rigth Zone'),(3239,'Bottom-Left Zone'),(3240,'Bottom-Right Zone'),(3241,'Bottom Zone'),(3243,'Top-Left Zone'),(3244,'Top-Right Zone'),(3246,'Center Zone'),(3247,'Rigth Zone'),(3248,'Bottom-Left Zone'),(3249,'Bottom-Right Zone'),(3250,'Bottom Zone'),(3252,'Top-Left Zone'),(3253,'Top-Right Zone'),(3255,'Center Zone'),(3256,'Rigth Zone'),(3257,'Bottom-Left Zone'),(3258,'Bottom-Right Zone'),(3259,'Bottom Zone'),(3261,'Top-Left Zone'),(3262,'Top-Right Zone'),(3264,'Center Zone'),(3265,'Rigth Zone'),(3266,'Bottom-Left Zone'),(3267,'Bottom-Right Zone'),(3268,'Bottom Zone'),(3270,'Top-Left Zone'),(3271,'Top-Right Zone'),(3273,'Center Zone'),(3274,'Rigth Zone'),(3275,'Bottom-Left Zone'),(3276,'Bottom-Right Zone'),(3277,'Bottom Zone'),(3279,'Top-Left Zone'),(3280,'Top-Right Zone'),(3282,'Center Zone'),(3283,'Rigth Zone'),(3284,'Bottom-Left Zone'),(3285,'Bottom-Right Zone'),(3286,'Bottom Zone'),(3288,'Top-Left Zone'),(3289,'Top-Right Zone'),(3291,'Center Zone'),(3292,'Rigth Zone'),(3293,'Bottom-Left Zone'),(3294,'Bottom-Right Zone'),(3295,'Bottom Zone'),(3297,'Top-Left Zone'),(3298,'Top-Right Zone'),(3300,'Center Zone'),(3301,'Rigth Zone'),(3302,'Bottom-Left Zone'),(3303,'Bottom-Right Zone'),(3304,'Bottom Zone'),(3306,'Top-Left Zone'),(3307,'Top-Right Zone'),(3309,'Center Zone'),(3310,'Rigth Zone'),(3311,'Bottom-Left Zone'),(3312,'Bottom-Right Zone'),(3313,'Bottom Zone'),(3315,'Top-Left Zone'),(3316,'Top-Right Zone'),(3318,'Center Zone'),(3319,'Rigth Zone'),(3320,'Bottom-Left Zone'),(3321,'Bottom-Right Zone'),(3322,'Bottom Zone'),(3324,'Top-Left Zone'),(3325,'Top-Right Zone'),(3327,'Center Zone'),(3328,'Rigth Zone'),(3329,'Bottom-Left Zone'),(3330,'Bottom-Right Zone'),(3331,'Bottom Zone'),(3333,'Top-Left Zone'),(3334,'Top-Right Zone'),(3336,'Center Zone'),(3337,'Rigth Zone'),(3338,'Bottom-Left Zone'),(3339,'Bottom-Right Zone'),(3340,'Bottom Zone'),(3342,'Top-Left Zone'),(3343,'Top-Right Zone'),(3345,'Center Zone'),(3346,'Rigth Zone'),(3347,'Bottom-Left Zone'),(3348,'Bottom-Right Zone'),(3349,'Bottom Zone'),(3351,'Top-Left Zone'),(3352,'Top-Right Zone'),(3354,'Center Zone'),(3355,'Rigth Zone'),(3356,'Bottom-Left Zone'),(3357,'Bottom-Right Zone'),(3358,'Bottom Zone'),(3360,'Top-Left Zone'),(3361,'Top-Right Zone'),(3363,'Center Zone'),(3364,'Rigth Zone'),(3365,'Bottom-Left Zone'),(3366,'Bottom-Right Zone'),(3367,'Bottom Zone'),(3369,'Top-Left Zone'),(3370,'Top-Right Zone'),(3372,'Center Zone'),(3373,'Rigth Zone'),(3374,'Bottom-Left Zone'),(3375,'Bottom-Right Zone'),(3376,'Bottom Zone'),(3378,'Top-Left Zone'),(3379,'Top-Right Zone'),(3381,'Center Zone'),(3382,'Rigth Zone'),(3383,'Bottom-Left Zone'),(3384,'Bottom-Right Zone'),(3385,'Bottom Zone'),(3387,'Top-Left Zone'),(3388,'Top-Right Zone'),(3390,'Center Zone'),(3391,'Rigth Zone'),(3392,'Bottom-Left Zone'),(3393,'Bottom-Right Zone'),(3394,'Bottom Zone'),(3396,'Top-Left Zone'),(3397,'Top-Right Zone'),(3399,'Center Zone'),(3400,'Rigth Zone'),(3401,'Bottom-Left Zone'),(3402,'Bottom-Right Zone'),(3403,'Bottom Zone'),(3405,'Top-Left Zone'),(3406,'Top-Right Zone'),(3408,'Center Zone'),(3409,'Rigth Zone'),(3410,'Bottom-Left Zone'),(3411,'Bottom-Right Zone'),(3412,'Bottom Zone'),(3414,'Top-Left Zone'),(3415,'Top-Right Zone'),(3417,'Center Zone'),(3418,'Rigth Zone'),(3419,'Bottom-Left Zone'),(3420,'Bottom-Right Zone'),(3421,'Bottom Zone'),(3423,'Top-Left Zone'),(3424,'Top-Right Zone'),(3426,'Center Zone'),(3427,'Rigth Zone'),(3428,'Bottom-Left Zone'),(3429,'Bottom-Right Zone'),(3430,'Bottom Zone'),(3432,'Top-Left Zone'),(3433,'Top-Right Zone'),(3435,'Center Zone'),(3436,'Rigth Zone'),(3437,'Bottom-Left Zone'),(3438,'Bottom-Right Zone'),(3439,'Bottom Zone'),(3441,'Top-Left Zone'),(3442,'Top-Right Zone'),(3444,'Center Zone'),(3445,'Rigth Zone'),(3446,'Bottom-Left Zone'),(3447,'Bottom-Right Zone'),(3448,'Bottom Zone'),(3450,'Top-Left Zone'),(3451,'Top-Right Zone'),(3453,'Center Zone'),(3454,'Rigth Zone'),(3455,'Bottom-Left Zone'),(3456,'Bottom-Right Zone'),(3457,'Bottom Zone'),(3459,'Top-Left Zone'),(3460,'Top-Right Zone'),(3462,'Center Zone'),(3463,'Rigth Zone'),(3464,'Bottom-Left Zone'),(3465,'Bottom-Right Zone'),(3466,'Bottom Zone'),(3468,'Top-Left Zone'),(3469,'Top-Right Zone'),(3471,'Center Zone'),(3472,'Rigth Zone'),(3473,'Bottom-Left Zone'),(3474,'Bottom-Right Zone'),(3475,'Bottom Zone'),(3477,'Top-Left Zone'),(3478,'Top-Right Zone'),(3480,'Center Zone'),(3481,'Rigth Zone'),(3482,'Bottom-Left Zone'),(3483,'Bottom-Right Zone'),(3484,'Bottom Zone'),(3486,'Top-Left Zone'),(3487,'Top-Right Zone'),(3489,'Center Zone'),(3490,'Rigth Zone'),(3491,'Bottom-Left Zone'),(3492,'Bottom-Right Zone'),(3493,'Bottom Zone'),(3495,'Top-Left Zone'),(3496,'Top-Right Zone'),(3498,'Center Zone'),(3499,'Rigth Zone'),(3500,'Bottom-Left Zone'),(3501,'Bottom-Right Zone'),(3502,'Bottom Zone'),(3504,'Top-Left Zone'),(3505,'Top-Right Zone'),(3507,'Center Zone'),(3508,'Rigth Zone'),(3509,'Bottom-Left Zone'),(3510,'Bottom-Right Zone'),(3511,'Bottom Zone'),(3513,'Top-Left Zone'),(3514,'Top-Right Zone'),(3516,'Center Zone'),(3517,'Rigth Zone'),(3518,'Bottom-Left Zone'),(3519,'Bottom-Right Zone'),(3520,'Bottom Zone'),(3522,'Top-Left Zone'),(3523,'Top-Right Zone'),(3525,'Center Zone'),(3526,'Rigth Zone'),(3527,'Bottom-Left Zone'),(3528,'Bottom-Right Zone'),(3529,'Bottom Zone'),(3531,'Top-Left Zone'),(3532,'Top-Right Zone'),(3534,'Center Zone'),(3535,'Rigth Zone'),(3536,'Bottom-Left Zone'),(3537,'Bottom-Right Zone'),(3538,'Bottom Zone'),(3540,'Top-Left Zone'),(3541,'Top-Right Zone'),(3543,'Center Zone'),(3544,'Rigth Zone'),(3545,'Bottom-Left Zone'),(3546,'Bottom-Right Zone'),(3547,'Bottom Zone'),(3549,'Top-Left Zone'),(3550,'Top-Right Zone'),(3552,'Center Zone'),(3553,'Rigth Zone'),(3554,'Bottom-Left Zone'),(3555,'Bottom-Right Zone'),(3556,'Bottom Zone'),(3558,'Top-Left Zone'),(3559,'Top-Right Zone'),(3561,'Center Zone'),(3562,'Rigth Zone'),(3563,'Bottom-Left Zone'),(3564,'Bottom-Right Zone'),(3565,'Bottom Zone'),(3567,'Top-Left Zone'),(3568,'Top-Right Zone'),(3570,'Center Zone'),(3571,'Rigth Zone'),(3572,'Bottom-Left Zone'),(3573,'Bottom-Right Zone'),(3574,'Bottom Zone'),(3576,'Top-Left Zone'),(3577,'Top-Right Zone'),(3579,'Center Zone'),(3580,'Rigth Zone'),(3581,'Bottom-Left Zone'),(3582,'Bottom-Right Zone'),(3583,'Bottom Zone'),(3585,'Top-Left Zone'),(3586,'Top-Right Zone'),(3588,'Center Zone'),(3589,'Rigth Zone'),(3590,'Bottom-Left Zone'),(3591,'Bottom-Right Zone'),(3592,'Bottom Zone'),(3594,'Top-Left Zone'),(3595,'Top-Right Zone'),(3597,'Center Zone'),(3598,'Rigth Zone'),(3599,'Bottom-Left Zone'),(3600,'Bottom-Right Zone'),(3601,'Bottom Zone'),(3603,'Top-Left Zone'),(3604,'Top-Right Zone'),(3606,'Center Zone'),(3607,'Rigth Zone'),(3608,'Bottom-Left Zone'),(3609,'Bottom-Right Zone'),(3610,'Bottom Zone'),(3612,'Top-Left Zone'),(3613,'Top-Right Zone'),(3615,'Center Zone'),(3616,'Rigth Zone'),(3617,'Bottom-Left Zone'),(3618,'Bottom-Right Zone'),(3619,'Bottom Zone'),(3621,'Top-Left Zone'),(3622,'Top-Right Zone'),(3624,'Center Zone'),(3625,'Rigth Zone'),(3626,'Bottom-Left Zone'),(3627,'Bottom-Right Zone'),(3628,'Bottom Zone'),(3630,'Top-Left Zone'),(3631,'Top-Right Zone'),(3633,'Center Zone'),(3634,'Rigth Zone'),(3635,'Bottom-Left Zone'),(3636,'Bottom-Right Zone'),(3637,'Bottom Zone'),(3639,'Top-Left Zone'),(3640,'Top-Right Zone'),(3642,'Center Zone'),(3643,'Rigth Zone'),(3644,'Bottom-Left Zone'),(3645,'Bottom-Right Zone'),(3646,'Bottom Zone'),(3648,'Top-Left Zone'),(3649,'Top-Right Zone'),(3651,'Center Zone'),(3652,'Rigth Zone'),(3653,'Bottom-Left Zone'),(3654,'Bottom-Right Zone'),(3655,'Bottom Zone'),(3657,'Top-Left Zone'),(3658,'Top-Right Zone'),(3660,'Center Zone'),(3661,'Rigth Zone'),(3662,'Bottom-Left Zone'),(3663,'Bottom-Right Zone'),(3664,'Bottom Zone'),(3666,'Top-Left Zone'),(3667,'Top-Right Zone'),(3669,'Center Zone'),(3670,'Rigth Zone'),(3671,'Bottom-Left Zone'),(3672,'Bottom-Right Zone'),(3673,'Bottom Zone'),(3675,'Top-Left Zone'),(3676,'Top-Right Zone'),(3678,'Center Zone'),(3679,'Rigth Zone'),(3680,'Bottom-Left Zone'),(3681,'Bottom-Right Zone'),(3682,'Bottom Zone'),(3684,'Top-Left Zone'),(3685,'Top-Right Zone'),(3687,'Center Zone'),(3688,'Rigth Zone'),(3689,'Bottom-Left Zone'),(3690,'Bottom-Right Zone'),(3691,'Bottom Zone'),(3693,'Top-Left Zone'),(3694,'Top-Right Zone'),(3696,'Center Zone'),(3697,'Rigth Zone'),(3698,'Bottom-Left Zone'),(3699,'Bottom-Right Zone'),(3700,'Bottom Zone'),(3702,'Top-Left Zone'),(3703,'Top-Right Zone'),(3705,'Center Zone'),(3706,'Rigth Zone'),(3707,'Bottom-Left Zone'),(3708,'Bottom-Right Zone'),(3709,'Bottom Zone'),(3711,'Top-Left Zone'),(3712,'Top-Right Zone'),(3714,'Center Zone'),(3715,'Rigth Zone'),(3716,'Bottom-Left Zone'),(3717,'Bottom-Right Zone'),(3718,'Bottom Zone'),(3720,'Top-Left Zone'),(3721,'Top-Right Zone'),(3723,'Center Zone'),(3724,'Rigth Zone'),(3725,'Bottom-Left Zone'),(3726,'Bottom-Right Zone'),(3727,'Bottom Zone'),(3729,'Top-Left Zone'),(3730,'Top-Right Zone'),(3732,'Center Zone'),(3733,'Rigth Zone'),(3734,'Bottom-Left Zone'),(3735,'Bottom-Right Zone'),(3736,'Bottom Zone'),(3738,'Top-Left Zone'),(3739,'Top-Right Zone'),(3741,'Center Zone'),(3742,'Rigth Zone'),(3743,'Bottom-Left Zone'),(3744,'Bottom-Right Zone'),(3745,'Bottom Zone'),(3747,'Top-Left Zone'),(3748,'Top-Right Zone'),(3750,'Center Zone'),(3751,'Rigth Zone'),(3752,'Bottom-Left Zone'),(3753,'Bottom-Right Zone'),(3754,'Bottom Zone'),(3756,'Top-Left Zone'),(3757,'Top-Right Zone'),(3759,'Center Zone'),(3760,'Rigth Zone'),(3761,'Bottom-Left Zone'),(3762,'Bottom-Right Zone'),(3763,'Bottom Zone'),(3765,'Top-Left Zone'),(3766,'Top-Right Zone'),(3768,'Center Zone'),(3769,'Rigth Zone'),(3770,'Bottom-Left Zone'),(3771,'Bottom-Right Zone'),(3772,'Bottom Zone'),(3774,'Top-Left Zone'),(3775,'Top-Right Zone'),(3777,'Center Zone'),(3778,'Rigth Zone'),(3779,'Bottom-Left Zone'),(3780,'Bottom-Right Zone'),(3781,'Bottom Zone'),(3783,'Top-Left Zone'),(3784,'Top-Right Zone'),(3786,'Center Zone'),(3787,'Rigth Zone'),(3788,'Bottom-Left Zone'),(3789,'Bottom-Right Zone'),(3790,'Bottom Zone'),(3792,'Top-Left Zone'),(3793,'Top-Right Zone'),(3795,'Center Zone'),(3796,'Rigth Zone'),(3797,'Bottom-Left Zone'),(3798,'Bottom-Right Zone'),(3799,'Bottom Zone'),(3801,'Top-Left Zone'),(3802,'Top-Right Zone'),(3804,'Center Zone'),(3805,'Rigth Zone'),(3806,'Bottom-Left Zone'),(3807,'Bottom-Right Zone'),(3808,'Bottom Zone'),(3810,'Top-Left Zone'),(3811,'Top-Right Zone'),(3813,'Center Zone'),(3814,'Rigth Zone'),(3815,'Bottom-Left Zone'),(3816,'Bottom-Right Zone'),(3817,'Bottom Zone'),(3819,'Top-Left Zone'),(3820,'Top-Right Zone'),(3822,'Center Zone'),(3823,'Rigth Zone'),(3824,'Bottom-Left Zone'),(3825,'Bottom-Right Zone'),(3826,'Bottom Zone'),(3828,'Top-Left Zone'),(3829,'Top-Right Zone'),(3831,'Center Zone'),(3832,'Rigth Zone'),(3833,'Bottom-Left Zone'),(3834,'Bottom-Right Zone'),(3835,'Bottom Zone'),(3837,'Top-Left Zone'),(3838,'Top-Right Zone'),(3840,'Center Zone'),(3841,'Rigth Zone'),(3842,'Bottom-Left Zone'),(3843,'Bottom-Right Zone'),(3844,'Bottom Zone'),(3846,'Top-Left Zone'),(3847,'Top-Right Zone'),(3849,'Center Zone'),(3850,'Rigth Zone'),(3851,'Bottom-Left Zone'),(3852,'Bottom-Right Zone'),(3853,'Bottom Zone'),(3855,'Top-Left Zone'),(3856,'Top-Right Zone'),(3858,'Center Zone'),(3859,'Rigth Zone'),(3860,'Bottom-Left Zone'),(3861,'Bottom-Right Zone'),(3862,'Bottom Zone'),(3864,'Top-Left Zone'),(3865,'Top-Right Zone'),(3867,'Center Zone'),(3868,'Rigth Zone'),(3869,'Bottom-Left Zone'),(3870,'Bottom-Right Zone'),(3871,'Bottom Zone'),(3873,'Top-Left Zone'),(3874,'Top-Right Zone'),(3876,'Center Zone'),(3877,'Rigth Zone'),(3878,'Bottom-Left Zone'),(3879,'Bottom-Right Zone'),(3880,'Bottom Zone'),(3882,'Top-Left Zone'),(3883,'Top-Right Zone'),(3885,'Center Zone'),(3886,'Rigth Zone'),(3887,'Bottom-Left Zone'),(3888,'Bottom-Right Zone'),(3889,'Bottom Zone'),(3891,'Top-Left Zone'),(3892,'Top-Right Zone'),(3894,'Center Zone'),(3895,'Rigth Zone'),(3896,'Bottom-Left Zone'),(3897,'Bottom-Right Zone'),(3898,'Bottom Zone'),(3900,'Top-Left Zone'),(3901,'Top-Right Zone'),(3903,'Center Zone'),(3904,'Rigth Zone'),(3905,'Bottom-Left Zone'),(3906,'Bottom-Right Zone'),(3907,'Bottom Zone'),(3909,'Top-Left Zone'),(3910,'Top-Right Zone'),(3912,'Center Zone'),(3913,'Rigth Zone'),(3914,'Bottom-Left Zone'),(3915,'Bottom-Right Zone'),(3916,'Bottom Zone'),(3918,'Top-Left Zone'),(3919,'Top-Right Zone'),(3921,'Center Zone'),(3922,'Rigth Zone'),(3923,'Bottom-Left Zone'),(3924,'Bottom-Right Zone'),(3925,'Bottom Zone'),(3927,'Top-Left Zone'),(3928,'Top-Right Zone'),(3930,'Center Zone'),(3931,'Rigth Zone'),(3932,'Bottom-Left Zone'),(3933,'Bottom-Right Zone'),(3934,'Bottom Zone'),(3936,'Top-Left Zone'),(3937,'Top-Right Zone'),(3939,'Center Zone'),(3940,'Rigth Zone'),(3941,'Bottom-Left Zone'),(3942,'Bottom-Right Zone'),(3943,'Bottom Zone'),(3945,'Top-Left Zone'),(3946,'Top-Right Zone'),(3948,'Center Zone'),(3949,'Rigth Zone'),(3950,'Bottom-Left Zone'),(3951,'Bottom-Right Zone'),(3952,'Bottom Zone'),(3954,'Top-Left Zone'),(3955,'Top-Right Zone'),(3957,'Center Zone'),(3958,'Rigth Zone'),(3959,'Bottom-Left Zone'),(3960,'Bottom-Right Zone'),(3961,'Bottom Zone'),(3963,'Top-Left Zone'),(3964,'Top-Right Zone'),(3966,'Center Zone'),(3967,'Rigth Zone'),(3968,'Bottom-Left Zone'),(3969,'Bottom-Right Zone'),(3970,'Bottom Zone'),(3972,'Top-Left Zone'),(3973,'Top-Right Zone'),(3975,'Center Zone'),(3976,'Rigth Zone'),(3977,'Bottom-Left Zone'),(3978,'Bottom-Right Zone'),(3979,'Bottom Zone'),(3981,'Top-Left Zone'),(3982,'Top-Right Zone'),(3984,'Center Zone'),(3985,'Rigth Zone'),(3986,'Bottom-Left Zone'),(3987,'Bottom-Right Zone'),(3988,'Bottom Zone'),(3990,'Top-Left Zone'),(3991,'Top-Right Zone'),(3993,'Center Zone'),(3994,'Rigth Zone'),(3995,'Bottom-Left Zone'),(3996,'Bottom-Right Zone'),(3997,'Bottom Zone'),(3999,'Top-Left Zone'),(4000,'Top-Right Zone'),(4002,'Center Zone'),(4003,'Rigth Zone'),(4004,'Bottom-Left Zone'),(4005,'Bottom-Right Zone'),(4006,'Bottom Zone'),(4008,'Top-Left Zone'),(4009,'Top-Right Zone'),(4011,'Center Zone'),(4012,'Rigth Zone'),(4013,'Bottom-Left Zone'),(4014,'Bottom-Right Zone'),(4015,'Bottom Zone'),(4017,'Top-Left Zone'),(4018,'Top-Right Zone'),(4020,'Center Zone'),(4021,'Rigth Zone'),(4022,'Bottom-Left Zone'),(4023,'Bottom-Right Zone'),(4024,'Bottom Zone'),(4026,'Top-Left Zone'),(4027,'Top-Right Zone'),(4029,'Center Zone'),(4030,'Rigth Zone'),(4031,'Bottom-Left Zone'),(4032,'Bottom-Right Zone'),(4033,'Bottom Zone'),(4035,'Top-Left Zone'),(4036,'Top-Right Zone'),(4038,'Center Zone'),(4039,'Rigth Zone'),(4040,'Bottom-Left Zone'),(4041,'Bottom-Right Zone'),(4042,'Bottom Zone'),(4044,'Top-Left Zone'),(4045,'Top-Right Zone'),(4047,'Center Zone'),(4048,'Rigth Zone'),(4049,'Bottom-Left Zone'),(4050,'Bottom-Right Zone'),(4051,'Bottom Zone'),(4053,'Top-Left Zone'),(4054,'Top-Right Zone'),(4056,'Center Zone'),(4057,'Rigth Zone'),(4058,'Bottom-Left Zone'),(4059,'Bottom-Right Zone'),(4060,'Bottom Zone'),(4062,'Top-Left Zone'),(4063,'Top-Right Zone'),(4065,'Center Zone'),(4066,'Rigth Zone'),(4067,'Bottom-Left Zone'),(4068,'Bottom-Right Zone'),(4069,'Bottom Zone'),(4071,'Top-Left Zone'),(4072,'Top-Right Zone'),(4074,'Center Zone'),(4075,'Rigth Zone'),(4076,'Bottom-Left Zone'),(4077,'Bottom-Right Zone'),(4078,'Bottom Zone'),(4080,'Top-Left Zone'),(4081,'Top-Right Zone'),(4083,'Center Zone'),(4084,'Rigth Zone'),(4085,'Bottom-Left Zone'),(4086,'Bottom-Right Zone'),(4087,'Bottom Zone'),(4089,'Top-Left Zone'),(4090,'Top-Right Zone'),(4092,'Center Zone'),(4093,'Rigth Zone'),(4094,'Bottom-Left Zone'),(4095,'Bottom-Right Zone'),(4096,'Bottom Zone'),(4098,'Top-Left Zone'),(4099,'Top-Right Zone'),(4101,'Center Zone'),(4102,'Rigth Zone'),(4103,'Bottom-Left Zone'),(4104,'Bottom-Right Zone'),(4105,'Bottom Zone'),(4107,'Top-Left Zone'),(4108,'Top-Right Zone'),(4110,'Center Zone'),(4111,'Rigth Zone'),(4112,'Bottom-Left Zone'),(4113,'Bottom-Right Zone'),(4114,'Bottom Zone'),(4116,'Top-Left Zone'),(4117,'Top-Right Zone'),(4119,'Center Zone'),(4120,'Rigth Zone'),(4121,'Bottom-Left Zone'),(4122,'Bottom-Right Zone'),(4123,'Bottom Zone'),(4125,'Top-Left Zone'),(4126,'Top-Right Zone'),(4128,'Center Zone'),(4129,'Rigth Zone'),(4130,'Bottom-Left Zone'),(4131,'Bottom-Right Zone'),(4132,'Bottom Zone'),(4134,'Top-Left Zone'),(4135,'Top-Right Zone'),(4137,'Center Zone'),(4138,'Rigth Zone'),(4139,'Bottom-Left Zone'),(4140,'Bottom-Right Zone'),(4141,'Bottom Zone'),(4143,'Top-Left Zone'),(4144,'Top-Right Zone'),(4146,'Center Zone'),(4147,'Rigth Zone'),(4148,'Bottom-Left Zone'),(4149,'Bottom-Right Zone'),(4150,'Bottom Zone'),(4152,'Top-Left Zone'),(4153,'Top-Right Zone'),(4155,'Center Zone'),(4156,'Rigth Zone'),(4157,'Bottom-Left Zone'),(4158,'Bottom-Right Zone'),(4159,'Bottom Zone'),(4161,'Top-Left Zone'),(4162,'Top-Right Zone'),(4164,'Center Zone'),(4165,'Rigth Zone'),(4166,'Bottom-Left Zone'),(4167,'Bottom-Right Zone'),(4168,'Bottom Zone'),(4170,'Top-Left Zone'),(4171,'Top-Right Zone'),(4173,'Center Zone'),(4174,'Rigth Zone'),(4175,'Bottom-Left Zone'),(4176,'Bottom-Right Zone'),(4177,'Bottom Zone'),(4179,'Top-Left Zone'),(4180,'Top-Right Zone'),(4182,'Center Zone'),(4183,'Rigth Zone'),(4184,'Bottom-Left Zone'),(4185,'Bottom-Right Zone'),(4186,'Bottom Zone'),(4188,'Top-Left Zone'),(4189,'Top-Right Zone'),(4191,'Center Zone'),(4192,'Rigth Zone'),(4193,'Bottom-Left Zone'),(4194,'Bottom-Right Zone'),(4195,'Bottom Zone'),(4197,'Top-Left Zone'),(4198,'Top-Right Zone'),(4200,'Center Zone'),(4201,'Rigth Zone'),(4202,'Bottom-Left Zone'),(4203,'Bottom-Right Zone'),(4204,'Bottom Zone'),(4206,'Top-Left Zone'),(4207,'Top-Right Zone'),(4209,'Center Zone'),(4210,'Rigth Zone'),(4211,'Bottom-Left Zone'),(4212,'Bottom-Right Zone'),(4213,'Bottom Zone'),(4215,'Top-Left Zone'),(4216,'Top-Right Zone'),(4218,'Center Zone'),(4219,'Rigth Zone'),(4220,'Bottom-Left Zone'),(4221,'Bottom-Right Zone'),(4222,'Bottom Zone'),(4224,'Top-Left Zone'),(4225,'Top-Right Zone'),(4227,'Center Zone'),(4228,'Rigth Zone'),(4229,'Bottom-Left Zone'),(4230,'Bottom-Right Zone'),(4231,'Bottom Zone'),(4233,'Top-Left Zone'),(4234,'Top-Right Zone'),(4236,'Center Zone'),(4237,'Rigth Zone'),(4238,'Bottom-Left Zone'),(4239,'Bottom-Right Zone'),(4240,'Bottom Zone'),(4242,'Top-Left Zone'),(4243,'Top-Right Zone'),(4245,'Center Zone'),(4246,'Rigth Zone'),(4247,'Bottom-Left Zone'),(4248,'Bottom-Right Zone'),(4249,'Bottom Zone'),(4251,'Top-Left Zone'),(4252,'Top-Right Zone'),(4254,'Center Zone'),(4255,'Rigth Zone'),(4256,'Bottom-Left Zone'),(4257,'Bottom-Right Zone'),(4258,'Bottom Zone'),(4260,'Top-Left Zone'),(4261,'Top-Right Zone'),(4263,'Center Zone'),(4264,'Rigth Zone'),(4265,'Bottom-Left Zone'),(4266,'Bottom-Right Zone'),(4267,'Bottom Zone'),(4269,'Top-Left Zone'),(4270,'Top-Right Zone'),(4272,'Center Zone'),(4273,'Rigth Zone'),(4274,'Bottom-Left Zone'),(4275,'Bottom-Right Zone'),(4276,'Bottom Zone'),(4278,'Top-Left Zone'),(4279,'Top-Right Zone'),(4281,'Center Zone'),(4282,'Rigth Zone'),(4283,'Bottom-Left Zone'),(4284,'Bottom-Right Zone'),(4285,'Bottom Zone'),(4287,'Top-Left Zone'),(4288,'Top-Right Zone'),(4290,'Center Zone'),(4291,'Rigth Zone'),(4292,'Bottom-Left Zone'),(4293,'Bottom-Right Zone'),(4294,'Bottom Zone'),(4296,'Top-Left Zone'),(4297,'Top-Right Zone'),(4299,'Center Zone'),(4300,'Rigth Zone'),(4301,'Bottom-Left Zone'),(4302,'Bottom-Right Zone'),(4303,'Bottom Zone'),(4305,'Top-Left Zone'),(4306,'Top-Right Zone'),(4308,'Center Zone'),(4309,'Rigth Zone'),(4310,'Bottom-Left Zone'),(4311,'Bottom-Right Zone'),(4312,'Bottom Zone'),(4314,'Top-Left Zone'),(4315,'Top-Right Zone'),(4317,'Center Zone'),(4318,'Rigth Zone'),(4319,'Bottom-Left Zone'),(4320,'Bottom-Right Zone'),(4321,'Bottom Zone'),(4323,'Top-Left Zone'),(4324,'Top-Right Zone'),(4326,'Center Zone'),(4327,'Rigth Zone'),(4328,'Bottom-Left Zone'),(4329,'Bottom-Right Zone'),(4330,'Bottom Zone'),(4332,'Top-Left Zone'),(4333,'Top-Right Zone'),(4335,'Center Zone'),(4336,'Rigth Zone'),(4337,'Bottom-Left Zone'),(4338,'Bottom-Right Zone'),(4339,'Bottom Zone'),(4341,'Top-Left Zone'),(4342,'Top-Right Zone'),(4344,'Center Zone'),(4345,'Rigth Zone'),(4346,'Bottom-Left Zone'),(4347,'Bottom-Right Zone'),(4348,'Bottom Zone'),(4350,'Top-Left Zone'),(4351,'Top-Right Zone'),(4353,'Center Zone'),(4354,'Rigth Zone'),(4355,'Bottom-Left Zone'),(4356,'Bottom-Right Zone'),(4357,'Bottom Zone'),(4359,'Top-Left Zone'),(4360,'Top-Right Zone'),(4362,'Center Zone'),(4363,'Rigth Zone'),(4364,'Bottom-Left Zone'),(4365,'Bottom-Right Zone'),(4366,'Bottom Zone'),(4368,'Top-Left Zone'),(4369,'Top-Right Zone'),(4371,'Center Zone'),(4372,'Rigth Zone'),(4373,'Bottom-Left Zone'),(4374,'Bottom-Right Zone'),(4375,'Bottom Zone'),(4377,'Top-Left Zone'),(4378,'Top-Right Zone'),(4380,'Center Zone'),(4381,'Rigth Zone'),(4382,'Bottom-Left Zone'),(4383,'Bottom-Right Zone'),(4384,'Bottom Zone'),(4386,'Top-Left Zone'),(4387,'Top-Right Zone'),(4389,'Center Zone'),(4390,'Rigth Zone'),(4391,'Bottom-Left Zone'),(4392,'Bottom-Right Zone'),(4393,'Bottom Zone'),(4395,'Top-Left Zone'),(4396,'Top-Right Zone'),(4398,'Center Zone'),(4399,'Rigth Zone'),(4400,'Bottom-Left Zone'),(4401,'Bottom-Right Zone'),(4402,'Bottom Zone'),(4404,'Top-Left Zone'),(4405,'Top-Right Zone'),(4407,'Center Zone'),(4408,'Rigth Zone'),(4409,'Bottom-Left Zone'),(4410,'Bottom-Right Zone'),(4411,'Bottom Zone'),(4413,'Top-Left Zone'),(4414,'Top-Right Zone'),(4416,'Center Zone'),(4417,'Rigth Zone'),(4418,'Bottom-Left Zone'),(4419,'Bottom-Right Zone'),(4420,'Bottom Zone'),(4422,'Top-Left Zone'),(4423,'Top-Right Zone'),(4425,'Center Zone'),(4426,'Rigth Zone'),(4427,'Bottom-Left Zone'),(4428,'Bottom-Right Zone'),(4429,'Bottom Zone'),(4431,'Top-Left Zone'),(4432,'Top-Right Zone'),(4434,'Center Zone'),(4435,'Rigth Zone'),(4436,'Bottom-Left Zone'),(4437,'Bottom-Right Zone'),(4438,'Bottom Zone'),(4440,'Top-Left Zone'),(4441,'Top-Right Zone'),(4443,'Center Zone'),(4444,'Rigth Zone'),(4445,'Bottom-Left Zone'),(4446,'Bottom-Right Zone'),(4447,'Bottom Zone'),(4449,'Top-Left Zone'),(4450,'Top-Right Zone'),(4452,'Center Zone'),(4453,'Rigth Zone'),(4454,'Bottom-Left Zone'),(4455,'Bottom-Right Zone'),(4456,'Bottom Zone'),(4458,'Top-Left Zone'),(4459,'Top-Right Zone'),(4461,'Center Zone'),(4462,'Rigth Zone'),(4463,'Bottom-Left Zone'),(4464,'Bottom-Right Zone'),(4465,'Bottom Zone'),(4467,'Top-Left Zone'),(4468,'Top-Right Zone'),(4470,'Center Zone'),(4471,'Rigth Zone'),(4472,'Bottom-Left Zone'),(4473,'Bottom-Right Zone'),(4474,'Bottom Zone'),(4476,'Top-Left Zone'),(4477,'Top-Right Zone'),(4479,'Center Zone'),(4480,'Rigth Zone'),(4481,'Bottom-Left Zone'),(4482,'Bottom-Right Zone'),(4483,'Bottom Zone'),(4485,'Top-Left Zone'),(4486,'Top-Right Zone'),(4488,'Center Zone'),(4489,'Rigth Zone'),(4490,'Bottom-Left Zone'),(4491,'Bottom-Right Zone'),(4492,'Bottom Zone'),(4494,'Top-Left Zone'),(4495,'Top-Right Zone'),(4497,'Center Zone'),(4498,'Rigth Zone'),(4499,'Bottom-Left Zone'),(4500,'Bottom-Right Zone'),(4501,'Bottom Zone'),(4503,'Top-Left Zone'),(4504,'Top-Right Zone'),(4506,'Center Zone'),(4507,'Rigth Zone'),(4508,'Bottom-Left Zone'),(4509,'Bottom-Right Zone'),(4510,'Bottom Zone'),(4512,'Top-Left Zone'),(4513,'Top-Right Zone'),(4515,'Center Zone'),(4516,'Rigth Zone'),(4517,'Bottom-Left Zone'),(4518,'Bottom-Right Zone'),(4519,'Bottom Zone'),(4521,'Top-Left Zone'),(4522,'Top-Right Zone'),(4524,'Center Zone'),(4525,'Rigth Zone'),(4526,'Bottom-Left Zone'),(4527,'Bottom-Right Zone'),(4528,'Bottom Zone'),(4530,'Top-Left Zone'),(4531,'Top-Right Zone'),(4533,'Center Zone'),(4534,'Rigth Zone'),(4535,'Bottom-Left Zone'),(4536,'Bottom-Right Zone'),(4537,'Bottom Zone'),(4539,'Top-Left Zone'),(4540,'Top-Right Zone'),(4542,'Center Zone'),(4543,'Rigth Zone'),(4544,'Bottom-Left Zone'),(4545,'Bottom-Right Zone'),(4546,'Bottom Zone'),(4548,'Top-Left Zone'),(4549,'Top-Right Zone'),(4551,'Center Zone'),(4552,'Rigth Zone'),(4553,'Bottom-Left Zone'),(4554,'Bottom-Right Zone'),(4555,'Bottom Zone'),(4557,'Top-Left Zone'),(4558,'Top-Right Zone'),(4560,'Center Zone'),(4561,'Rigth Zone'),(4562,'Bottom-Left Zone'),(4563,'Bottom-Right Zone'),(4564,'Bottom Zone'),(4566,'Top-Left Zone'),(4567,'Top-Right Zone'),(4569,'Center Zone'),(4570,'Rigth Zone'),(4571,'Bottom-Left Zone'),(4572,'Bottom-Right Zone'),(4573,'Bottom Zone'),(4575,'Top-Left Zone'),(4576,'Top-Right Zone'),(4578,'Center Zone'),(4579,'Rigth Zone'),(4580,'Bottom-Left Zone'),(4581,'Bottom-Right Zone'),(4582,'Bottom Zone'),(4584,'Top-Left Zone'),(4585,'Top-Right Zone'),(4587,'Center Zone'),(4588,'Rigth Zone'),(4589,'Bottom-Left Zone'),(4590,'Bottom-Right Zone'),(4591,'Bottom Zone'),(4593,'Top-Left Zone'),(4594,'Top-Right Zone'),(4596,'Center Zone'),(4597,'Rigth Zone'),(4598,'Bottom-Left Zone'),(4599,'Bottom-Right Zone'),(4600,'Bottom Zone'),(4602,'Top-Left Zone'),(4603,'Top-Right Zone'),(4605,'Center Zone'),(4606,'Rigth Zone'),(4607,'Bottom-Left Zone'),(4608,'Bottom-Right Zone'),(4609,'Bottom Zone'),(4611,'Top-Left Zone'),(4612,'Top-Right Zone'),(4614,'Center Zone'),(4615,'Rigth Zone'),(4616,'Bottom-Left Zone'),(4617,'Bottom-Right Zone'),(4618,'Bottom Zone'),(4620,'Top-Left Zone'),(4621,'Top-Right Zone'),(4623,'Center Zone'),(4624,'Rigth Zone'),(4625,'Bottom-Left Zone'),(4626,'Bottom-Right Zone'),(4627,'Bottom Zone'),(4629,'Top-Left Zone'),(4630,'Top-Right Zone'),(4632,'Center Zone'),(4633,'Rigth Zone'),(4634,'Bottom-Left Zone'),(4635,'Bottom-Right Zone'),(4636,'Bottom Zone'),(4638,'Top-Left Zone'),(4639,'Top-Right Zone'),(4641,'Center Zone'),(4642,'Rigth Zone'),(4643,'Bottom-Left Zone'),(4644,'Bottom-Right Zone'),(4645,'Bottom Zone'),(4647,'Top-Left Zone'),(4648,'Top-Right Zone'),(4650,'Center Zone'),(4651,'Rigth Zone'),(4652,'Bottom-Left Zone'),(4653,'Bottom-Right Zone'),(4654,'Bottom Zone'),(4656,'Top-Left Zone'),(4657,'Top-Right Zone'),(4659,'Center Zone'),(4660,'Rigth Zone'),(4661,'Bottom-Left Zone'),(4662,'Bottom-Right Zone'),(4663,'Bottom Zone'),(4665,'Top-Left Zone'),(4666,'Top-Right Zone'),(4668,'Center Zone'),(4669,'Rigth Zone'),(4670,'Bottom-Left Zone'),(4671,'Bottom-Right Zone'),(4672,'Bottom Zone'),(4674,'Top-Left Zone'),(4675,'Top-Right Zone'),(4677,'Center Zone'),(4678,'Rigth Zone'),(4679,'Bottom-Left Zone'),(4680,'Bottom-Right Zone'),(4681,'Bottom Zone'),(4683,'Top-Left Zone'),(4684,'Top-Right Zone'),(4686,'Center Zone'),(4687,'Rigth Zone'),(4688,'Bottom-Left Zone'),(4689,'Bottom-Right Zone'),(4690,'Bottom Zone'),(4692,'Top-Left Zone'),(4693,'Top-Right Zone'),(4695,'Center Zone'),(4696,'Rigth Zone'),(4697,'Bottom-Left Zone'),(4698,'Bottom-Right Zone'),(4699,'Bottom Zone'),(4701,'Top-Left Zone'),(4702,'Top-Right Zone'),(4704,'Center Zone'),(4705,'Rigth Zone'),(4706,'Bottom-Left Zone'),(4707,'Bottom-Right Zone'),(4708,'Bottom Zone'),(4710,'Top-Left Zone'),(4711,'Top-Right Zone'),(4713,'Center Zone'),(4714,'Rigth Zone'),(4715,'Bottom-Left Zone'),(4716,'Bottom-Right Zone'),(4717,'Bottom Zone'),(4719,'Top-Left Zone'),(4720,'Top-Right Zone'),(4722,'Center Zone'),(4723,'Rigth Zone'),(4724,'Bottom-Left Zone'),(4725,'Bottom-Right Zone'),(4726,'Bottom Zone'),(4728,'Top-Left Zone'),(4729,'Top-Right Zone'),(4731,'Center Zone'),(4732,'Rigth Zone'),(4733,'Bottom-Left Zone'),(4734,'Bottom-Right Zone'),(4735,'Bottom Zone'),(4737,'Top-Left Zone'),(4738,'Top-Right Zone'),(4740,'Center Zone'),(4741,'Rigth Zone'),(4742,'Bottom-Left Zone'),(4743,'Bottom-Right Zone'),(4744,'Bottom Zone'),(4746,'Top-Left Zone'),(4747,'Top-Right Zone'),(4749,'Center Zone'),(4750,'Rigth Zone'),(4751,'Bottom-Left Zone'),(4752,'Bottom-Right Zone'),(4753,'Bottom Zone'),(4755,'Top-Left Zone'),(4756,'Top-Right Zone'),(4758,'Center Zone'),(4759,'Rigth Zone'),(4760,'Bottom-Left Zone'),(4761,'Bottom-Right Zone'),(4762,'Bottom Zone'),(4764,'Top-Left Zone'),(4765,'Top-Right Zone'),(4767,'Center Zone'),(4768,'Rigth Zone'),(4769,'Bottom-Left Zone'),(4770,'Bottom-Right Zone'),(4771,'Bottom Zone'),(4773,'Top-Left Zone'),(4774,'Top-Right Zone'),(4776,'Center Zone'),(4777,'Rigth Zone'),(4778,'Bottom-Left Zone'),(4779,'Bottom-Right Zone'),(4780,'Bottom Zone'),(4782,'Top-Left Zone'),(4783,'Top-Right Zone'),(4785,'Center Zone'),(4786,'Rigth Zone'),(4787,'Bottom-Left Zone'),(4788,'Bottom-Right Zone'),(4789,'Bottom Zone'),(4791,'Top-Left Zone'),(4792,'Top-Right Zone'),(4794,'Center Zone'),(4795,'Rigth Zone'),(4796,'Bottom-Left Zone'),(4797,'Bottom-Right Zone'),(4798,'Bottom Zone'),(4800,'Top-Left Zone'),(4801,'Top-Right Zone'),(4803,'Center Zone'),(4804,'Rigth Zone'),(4805,'Bottom-Left Zone'),(4806,'Bottom-Right Zone'),(4807,'Bottom Zone'),(4809,'Top-Left Zone'),(4810,'Top-Right Zone'),(4812,'Center Zone'),(4813,'Rigth Zone'),(4814,'Bottom-Left Zone'),(4815,'Bottom-Right Zone'),(4816,'Bottom Zone'),(4818,'Top-Left Zone'),(4819,'Top-Right Zone'),(4821,'Center Zone'),(4822,'Rigth Zone'),(4823,'Bottom-Left Zone'),(4824,'Bottom-Right Zone'),(4825,'Bottom Zone'),(4827,'Top-Left Zone'),(4828,'Top-Right Zone'),(4830,'Center Zone'),(4831,'Rigth Zone'),(4832,'Bottom-Left Zone'),(4833,'Bottom-Right Zone'),(4834,'Bottom Zone'),(4836,'Top-Left Zone'),(4837,'Top-Right Zone'),(4839,'Center Zone'),(4840,'Rigth Zone'),(4841,'Bottom-Left Zone'),(4842,'Bottom-Right Zone'),(4843,'Bottom Zone'),(4845,'Top-Left Zone'),(4846,'Top-Right Zone'),(4848,'Center Zone'),(4849,'Rigth Zone'),(4850,'Bottom-Left Zone'),(4851,'Bottom-Right Zone'),(4852,'Bottom Zone'),(4854,'Top-Left Zone'),(4855,'Top-Right Zone'),(4857,'Center Zone'),(4858,'Rigth Zone'),(4859,'Bottom-Left Zone'),(4860,'Bottom-Right Zone'),(4861,'Bottom Zone'),(4863,'Top-Left Zone'),(4864,'Top-Right Zone'),(4866,'Center Zone'),(4867,'Rigth Zone'),(4868,'Bottom-Left Zone'),(4869,'Bottom-Right Zone'),(4870,'Bottom Zone'),(4872,'Top-Left Zone'),(4873,'Top-Right Zone'),(4875,'Center Zone'),(4876,'Rigth Zone'),(4877,'Bottom-Left Zone'),(4878,'Bottom-Right Zone'),(4879,'Bottom Zone'),(4881,'Top-Left Zone'),(4882,'Top-Right Zone'),(4884,'Center Zone'),(4885,'Rigth Zone'),(4886,'Bottom-Left Zone'),(4887,'Bottom-Right Zone'),(4888,'Bottom Zone'),(4890,'Top-Left Zone'),(4891,'Top-Right Zone'),(4893,'Center Zone'),(4894,'Rigth Zone'),(4895,'Bottom-Left Zone'),(4896,'Bottom-Right Zone'),(4897,'Bottom Zone'),(4899,'Top-Left Zone'),(4900,'Top-Right Zone'),(4902,'Center Zone'),(4903,'Rigth Zone'),(4904,'Bottom-Left Zone'),(4905,'Bottom-Right Zone'),(4906,'Bottom Zone'),(4908,'Top-Left Zone'),(4909,'Top-Right Zone'),(4911,'Center Zone'),(4912,'Rigth Zone'),(4913,'Bottom-Left Zone'),(4914,'Bottom-Right Zone'),(4915,'Bottom Zone'),(4917,'Top-Left Zone'),(4918,'Top-Right Zone'),(4920,'Center Zone'),(4921,'Rigth Zone'),(4922,'Bottom-Left Zone'),(4923,'Bottom-Right Zone'),(4924,'Bottom Zone'),(4926,'Top-Left Zone'),(4927,'Top-Right Zone'),(4929,'Center Zone'),(4930,'Rigth Zone'),(4931,'Bottom-Left Zone'),(4932,'Bottom-Right Zone'),(4933,'Bottom Zone'),(4935,'Top-Left Zone'),(4936,'Top-Right Zone'),(4938,'Center Zone'),(4939,'Rigth Zone'),(4940,'Bottom-Left Zone'),(4941,'Bottom-Right Zone'),(4942,'Bottom Zone'),(4944,'Top-Left Zone'),(4945,'Top-Right Zone'),(4947,'Center Zone'),(4948,'Rigth Zone'),(4949,'Bottom-Left Zone'),(4950,'Bottom-Right Zone'),(4951,'Bottom Zone'),(4953,'Top-Left Zone'),(4954,'Top-Right Zone'),(4956,'Center Zone'),(4957,'Rigth Zone'),(4958,'Bottom-Left Zone'),(4959,'Bottom-Right Zone'),(4960,'Bottom Zone'),(4962,'Top-Left Zone'),(4963,'Top-Right Zone'),(4965,'Center Zone'),(4966,'Rigth Zone'),(4967,'Bottom-Left Zone'),(4968,'Bottom-Right Zone'),(4969,'Bottom Zone'),(4971,'Top-Left Zone'),(4972,'Top-Right Zone'),(4974,'Center Zone'),(4975,'Rigth Zone'),(4976,'Bottom-Left Zone'),(4977,'Bottom-Right Zone'),(4978,'Bottom Zone'),(4980,'Top-Left Zone'),(4981,'Top-Right Zone'),(4983,'Center Zone'),(4984,'Rigth Zone'),(4985,'Bottom-Left Zone'),(4986,'Bottom-Right Zone'),(4987,'Bottom Zone'),(4989,'Top-Left Zone'),(4990,'Top-Right Zone'),(4992,'Center Zone'),(4993,'Rigth Zone'),(4994,'Bottom-Left Zone'),(4995,'Bottom-Right Zone'),(4996,'Bottom Zone'),(4998,'Top-Left Zone'),(4999,'Top-Right Zone'),(5001,'Center Zone'),(5002,'Rigth Zone'),(5003,'Bottom-Left Zone'),(5004,'Bottom-Right Zone'),(5005,'Bottom Zone'),(5007,'Top-Left Zone'),(5008,'Top-Right Zone'),(5010,'Center Zone'),(5011,'Rigth Zone'),(5012,'Bottom-Left Zone'),(5013,'Bottom-Right Zone'),(5014,'Bottom Zone'),(5016,'Top-Left Zone'),(5017,'Top-Right Zone'),(5019,'Center Zone'),(5020,'Rigth Zone'),(5021,'Bottom-Left Zone'),(5022,'Bottom-Right Zone'),(5023,'Bottom Zone'),(5025,'Top-Left Zone'),(5026,'Top-Right Zone'),(5028,'Center Zone'),(5029,'Rigth Zone'),(5030,'Bottom-Left Zone'),(5031,'Bottom-Right Zone'),(5032,'Bottom Zone'),(5034,'Top-Left Zone'),(5035,'Top-Right Zone'),(5037,'Center Zone'),(5038,'Rigth Zone'),(5039,'Bottom-Left Zone'),(5040,'Bottom-Right Zone'),(5041,'Bottom Zone'),(5043,'Top-Left Zone'),(5044,'Top-Right Zone'),(5046,'Center Zone'),(5047,'Rigth Zone'),(5048,'Bottom-Left Zone'),(5049,'Bottom-Right Zone'),(5050,'Bottom Zone'),(5052,'Top-Left Zone'),(5053,'Top-Right Zone'),(5055,'Center Zone'),(5056,'Rigth Zone'),(5057,'Bottom-Left Zone'),(5058,'Bottom-Right Zone'),(5059,'Bottom Zone'),(5061,'Top-Left Zone'),(5062,'Top-Right Zone'),(5064,'Center Zone'),(5065,'Rigth Zone'),(5066,'Bottom-Left Zone'),(5067,'Bottom-Right Zone'),(5068,'Bottom Zone'),(5070,'Top-Left Zone'),(5071,'Top-Right Zone'),(5073,'Center Zone'),(5074,'Rigth Zone'),(5075,'Bottom-Left Zone'),(5076,'Bottom-Right Zone'),(5077,'Bottom Zone'),(5079,'Top-Left Zone'),(5080,'Top-Right Zone'),(5082,'Center Zone'),(5083,'Rigth Zone'),(5084,'Bottom-Left Zone'),(5085,'Bottom-Right Zone'),(5086,'Bottom Zone'),(5088,'Top-Left Zone'),(5089,'Top-Right Zone'),(5091,'Center Zone'),(5092,'Rigth Zone'),(5093,'Bottom-Left Zone'),(5094,'Bottom-Right Zone'),(5095,'Bottom Zone'),(5097,'Top-Left Zone'),(5098,'Top-Right Zone'),(5100,'Center Zone'),(5101,'Rigth Zone'),(5102,'Bottom-Left Zone'),(5103,'Bottom-Right Zone'),(5104,'Bottom Zone'),(5106,'Top-Left Zone'),(5107,'Top-Right Zone'),(5109,'Center Zone'),(5110,'Rigth Zone'),(5111,'Bottom-Left Zone'),(5112,'Bottom-Right Zone'),(5113,'Bottom Zone'),(5115,'Top-Left Zone'),(5116,'Top-Right Zone'),(5118,'Center Zone'),(5119,'Rigth Zone'),(5120,'Bottom-Left Zone'),(5121,'Bottom-Right Zone'),(5122,'Bottom Zone'),(5124,'Top-Left Zone'),(5125,'Top-Right Zone'),(5127,'Center Zone'),(5128,'Rigth Zone'),(5129,'Bottom-Left Zone'),(5130,'Bottom-Right Zone'),(5131,'Bottom Zone'),(5133,'Top-Left Zone'),(5134,'Top-Right Zone'),(5136,'Center Zone'),(5137,'Rigth Zone'),(5138,'Bottom-Left Zone'),(5139,'Bottom-Right Zone'),(5140,'Bottom Zone'),(5142,'Top-Left Zone'),(5143,'Top-Right Zone'),(5145,'Center Zone'),(5146,'Rigth Zone'),(5147,'Bottom-Left Zone'),(5148,'Bottom-Right Zone'),(5149,'Bottom Zone'),(5151,'Top-Left Zone'),(5152,'Top-Right Zone'),(5154,'Center Zone'),(5155,'Rigth Zone'),(5156,'Bottom-Left Zone'),(5157,'Bottom-Right Zone'),(5158,'Bottom Zone'),(5160,'Top-Left Zone'),(5161,'Top-Right Zone'),(5163,'Center Zone'),(5164,'Rigth Zone'),(5165,'Bottom-Left Zone'),(5166,'Bottom-Right Zone'),(5167,'Bottom Zone'),(5169,'Top-Left Zone'),(5170,'Top-Right Zone'),(5172,'Center Zone'),(5173,'Rigth Zone'),(5174,'Bottom-Left Zone'),(5175,'Bottom-Right Zone'),(5176,'Bottom Zone'),(5178,'Top-Left Zone'),(5179,'Top-Right Zone'),(5181,'Center Zone'),(5182,'Rigth Zone'),(5183,'Bottom-Left Zone'),(5184,'Bottom-Right Zone'),(5185,'Bottom Zone'),(5187,'Top-Left Zone'),(5188,'Top-Right Zone'),(5190,'Center Zone'),(5191,'Rigth Zone'),(5192,'Bottom-Left Zone'),(5193,'Bottom-Right Zone'),(5194,'Bottom Zone'),(5196,'Top-Left Zone'),(5197,'Top-Right Zone'),(5199,'Center Zone'),(5200,'Rigth Zone'),(5201,'Bottom-Left Zone'),(5202,'Bottom-Right Zone'),(5203,'Bottom Zone'),(5205,'Top-Left Zone'),(5206,'Top-Right Zone'),(5208,'Center Zone'),(5209,'Rigth Zone'),(5210,'Bottom-Left Zone'),(5211,'Bottom-Right Zone'),(5212,'Bottom Zone'),(5214,'Top-Left Zone'),(5215,'Top-Right Zone'),(5217,'Center Zone'),(5218,'Rigth Zone'),(5219,'Bottom-Left Zone'),(5220,'Bottom-Right Zone'),(5221,'Bottom Zone'),(5223,'Top-Left Zone'),(5224,'Top-Right Zone'),(5226,'Center Zone'),(5227,'Rigth Zone'),(5228,'Bottom-Left Zone'),(5229,'Bottom-Right Zone'),(5230,'Bottom Zone'),(5232,'Top-Left Zone'),(5233,'Top-Right Zone'),(5235,'Center Zone'),(5236,'Rigth Zone'),(5237,'Bottom-Left Zone'),(5238,'Bottom-Right Zone'),(5239,'Bottom Zone'),(5241,'Top-Left Zone'),(5242,'Top-Right Zone'),(5244,'Center Zone'),(5245,'Rigth Zone'),(5246,'Bottom-Left Zone'),(5247,'Bottom-Right Zone'),(5248,'Bottom Zone'),(5250,'Top-Left Zone'),(5251,'Top-Right Zone'),(5253,'Center Zone'),(5254,'Rigth Zone'),(5255,'Bottom-Left Zone'),(5256,'Bottom-Right Zone'),(5257,'Bottom Zone'),(5259,'Top-Left Zone'),(5260,'Top-Right Zone'),(5262,'Center Zone'),(5263,'Rigth Zone'),(5264,'Bottom-Left Zone'),(5265,'Bottom-Right Zone'),(5266,'Bottom Zone'),(5268,'Top-Left Zone'),(5269,'Top-Right Zone'),(5271,'Center Zone'),(5272,'Rigth Zone'),(5273,'Bottom-Left Zone'),(5274,'Bottom-Right Zone'),(5275,'Bottom Zone'),(5277,'Top-Left Zone'),(5278,'Top-Right Zone'),(5280,'Center Zone'),(5281,'Rigth Zone'),(5282,'Bottom-Left Zone'),(5283,'Bottom-Right Zone'),(5284,'Bottom Zone'),(5286,'Top-Left Zone'),(5287,'Top-Right Zone'),(5289,'Center Zone'),(5290,'Rigth Zone'),(5291,'Bottom-Left Zone'),(5292,'Bottom-Right Zone'),(5293,'Bottom Zone'),(5295,'Top-Left Zone'),(5296,'Top-Right Zone'),(5298,'Center Zone'),(5299,'Rigth Zone'),(5300,'Bottom-Left Zone'),(5301,'Bottom-Right Zone'),(5302,'Bottom Zone'),(5304,'Top-Left Zone'),(5305,'Top-Right Zone'),(5307,'Center Zone'),(5308,'Rigth Zone'),(5309,'Bottom-Left Zone'),(5310,'Bottom-Right Zone'),(5311,'Bottom Zone'),(5313,'Top-Left Zone'),(5314,'Top-Right Zone'),(5316,'Center Zone'),(5317,'Rigth Zone'),(5318,'Bottom-Left Zone'),(5319,'Bottom-Right Zone'),(5320,'Bottom Zone'),(5322,'Top-Left Zone'),(5323,'Top-Right Zone'),(5325,'Center Zone'),(5326,'Rigth Zone'),(5327,'Bottom-Left Zone'),(5328,'Bottom-Right Zone'),(5329,'Bottom Zone'),(5331,'Top-Left Zone'),(5332,'Top-Right Zone'),(5334,'Center Zone'),(5335,'Rigth Zone'),(5336,'Bottom-Left Zone'),(5337,'Bottom-Right Zone'),(5338,'Bottom Zone'),(5340,'Top-Left Zone'),(5341,'Top-Right Zone'),(5343,'Center Zone'),(5344,'Rigth Zone'),(5345,'Bottom-Left Zone'),(5346,'Bottom-Right Zone'),(5347,'Bottom Zone'),(5349,'Top-Left Zone'),(5350,'Top-Right Zone'),(5352,'Center Zone'),(5353,'Rigth Zone'),(5354,'Bottom-Left Zone'),(5355,'Bottom-Right Zone'),(5356,'Bottom Zone'),(5358,'Top-Left Zone'),(5359,'Top-Right Zone'),(5361,'Center Zone'),(5362,'Rigth Zone'),(5363,'Bottom-Left Zone'),(5364,'Bottom-Right Zone'),(5365,'Bottom Zone'),(5367,'Top-Left Zone'),(5368,'Top-Right Zone'),(5370,'Center Zone'),(5371,'Rigth Zone'),(5372,'Bottom-Left Zone'),(5373,'Bottom-Right Zone'),(5374,'Bottom Zone'),(5376,'Top-Left Zone'),(5377,'Top-Right Zone'),(5379,'Center Zone'),(5380,'Rigth Zone'),(5381,'Bottom-Left Zone'),(5382,'Bottom-Right Zone'),(5383,'Bottom Zone'),(5385,'Top-Left Zone'),(5386,'Top-Right Zone'),(5388,'Center Zone'),(5389,'Rigth Zone'),(5390,'Bottom-Left Zone'),(5391,'Bottom-Right Zone'),(5392,'Bottom Zone'),(5394,'Top-Left Zone'),(5395,'Top-Right Zone'),(5397,'Center Zone'),(5398,'Rigth Zone'),(5399,'Bottom-Left Zone'),(5400,'Bottom-Right Zone'),(5401,'Bottom Zone'),(5403,'Top-Left Zone'),(5404,'Top-Right Zone'),(5406,'Center Zone'),(5407,'Rigth Zone'),(5408,'Bottom-Left Zone'),(5409,'Bottom-Right Zone'),(5410,'Bottom Zone'),(5412,'Top-Left Zone'),(5413,'Top-Right Zone'),(5415,'Center Zone'),(5416,'Rigth Zone'),(5417,'Bottom-Left Zone'),(5418,'Bottom-Right Zone'),(5419,'Bottom Zone'),(5421,'Top-Left Zone'),(5422,'Top-Right Zone'),(5424,'Center Zone'),(5425,'Rigth Zone'),(5426,'Bottom-Left Zone'),(5427,'Bottom-Right Zone'),(5428,'Bottom Zone'),(5430,'Top-Left Zone'),(5431,'Top-Right Zone'),(5433,'Center Zone'),(5434,'Rigth Zone'),(5435,'Bottom-Left Zone'),(5436,'Bottom-Right Zone'),(5437,'Bottom Zone'),(5439,'Top-Left Zone'),(5440,'Top-Right Zone'),(5442,'Center Zone'),(5443,'Rigth Zone'),(5444,'Bottom-Left Zone'),(5445,'Bottom-Right Zone'),(5446,'Bottom Zone'),(5448,'Top-Left Zone'),(5449,'Top-Right Zone'),(5451,'Center Zone'),(5452,'Rigth Zone'),(5453,'Bottom-Left Zone'),(5454,'Bottom-Right Zone'),(5455,'Bottom Zone'),(5457,'Top-Left Zone'),(5458,'Top-Right Zone'),(5460,'Center Zone'),(5461,'Rigth Zone'),(5462,'Bottom-Left Zone'),(5463,'Bottom-Right Zone'),(5464,'Bottom Zone'),(5466,'Top-Left Zone'),(5467,'Top-Right Zone'),(5469,'Center Zone'),(5470,'Rigth Zone'),(5471,'Bottom-Left Zone'),(5472,'Bottom-Right Zone'),(5473,'Bottom Zone'),(5475,'Top-Left Zone'),(5476,'Top-Right Zone'),(5478,'Center Zone'),(5479,'Rigth Zone'),(5480,'Bottom-Left Zone'),(5481,'Bottom-Right Zone'),(5482,'Bottom Zone'),(5484,'Top-Left Zone'),(5485,'Top-Right Zone'),(5487,'Center Zone'),(5488,'Rigth Zone'),(5489,'Bottom-Left Zone'),(5490,'Bottom-Right Zone'),(5491,'Bottom Zone'),(5493,'Top-Left Zone'),(5494,'Top-Right Zone'),(5496,'Center Zone'),(5497,'Rigth Zone'),(5498,'Bottom-Left Zone'),(5499,'Bottom-Right Zone'),(5500,'Bottom Zone'),(5502,'Top-Left Zone'),(5503,'Top-Right Zone'),(5505,'Center Zone'),(5506,'Rigth Zone'),(5507,'Bottom-Left Zone'),(5508,'Bottom-Right Zone'),(5509,'Bottom Zone'),(5511,'Top-Left Zone'),(5512,'Top-Right Zone'),(5514,'Center Zone'),(5515,'Rigth Zone'),(5516,'Bottom-Left Zone'),(5517,'Bottom-Right Zone'),(5518,'Bottom Zone'),(5520,'Top-Left Zone'),(5521,'Top-Right Zone'),(5523,'Center Zone'),(5524,'Rigth Zone'),(5525,'Bottom-Left Zone'),(5526,'Bottom-Right Zone'),(5527,'Bottom Zone'),(5529,'Top-Left Zone'),(5530,'Top-Right Zone'),(5532,'Center Zone'),(5533,'Rigth Zone'),(5534,'Bottom-Left Zone'),(5535,'Bottom-Right Zone'),(5536,'Bottom Zone'),(5538,'Top-Left Zone'),(5539,'Top-Right Zone'),(5541,'Center Zone'),(5542,'Rigth Zone'),(5543,'Bottom-Left Zone'),(5544,'Bottom-Right Zone'),(5545,'Bottom Zone'),(5547,'Top-Left Zone'),(5548,'Top-Right Zone'),(5550,'Center Zone'),(5551,'Rigth Zone'),(5552,'Bottom-Left Zone'),(5553,'Bottom-Right Zone'),(5554,'Bottom Zone'),(5556,'Top-Left Zone'),(5557,'Top-Right Zone'),(5559,'Center Zone'),(5560,'Rigth Zone'),(5561,'Bottom-Left Zone'),(5562,'Bottom-Right Zone'),(5563,'Bottom Zone'),(5565,'Top-Left Zone'),(5566,'Top-Right Zone'),(5568,'Center Zone'),(5569,'Rigth Zone'),(5570,'Bottom-Left Zone'),(5571,'Bottom-Right Zone'),(5572,'Bottom Zone'),(5574,'Top-Left Zone'),(5575,'Top-Right Zone'),(5577,'Center Zone'),(5578,'Rigth Zone'),(5579,'Bottom-Left Zone'),(5580,'Bottom-Right Zone'),(5581,'Bottom Zone'),(5583,'Top-Left Zone'),(5584,'Top-Right Zone'),(5586,'Center Zone'),(5587,'Rigth Zone'),(5588,'Bottom-Left Zone'),(5589,'Bottom-Right Zone'),(5590,'Bottom Zone'),(5592,'Top-Left Zone'),(5593,'Top-Right Zone'),(5595,'Center Zone'),(5596,'Rigth Zone'),(5597,'Bottom-Left Zone'),(5598,'Bottom-Right Zone'),(5599,'Bottom Zone'),(5601,'Top-Left Zone'),(5602,'Top-Right Zone'),(5604,'Center Zone'),(5605,'Rigth Zone'),(5606,'Bottom-Left Zone'),(5607,'Bottom-Right Zone'),(5608,'Bottom Zone'),(5610,'Top-Left Zone'),(5611,'Top-Right Zone'),(5613,'Center Zone'),(5614,'Rigth Zone'),(5615,'Bottom-Left Zone'),(5616,'Bottom-Right Zone'),(5617,'Bottom Zone'),(5619,'Top-Left Zone'),(5620,'Top-Right Zone'),(5622,'Center Zone'),(5623,'Rigth Zone'),(5624,'Bottom-Left Zone'),(5625,'Bottom-Right Zone'),(5626,'Bottom Zone'),(5628,'Top-Left Zone'),(5629,'Top-Right Zone'),(5631,'Center Zone'),(5632,'Rigth Zone'),(5633,'Bottom-Left Zone'),(5634,'Bottom-Right Zone'),(5635,'Bottom Zone'),(5637,'Top-Left Zone'),(5638,'Top-Right Zone'),(5640,'Center Zone'),(5641,'Rigth Zone'),(5642,'Bottom-Left Zone'),(5643,'Bottom-Right Zone'),(5644,'Bottom Zone'),(5646,'Top-Left Zone'),(5647,'Top-Right Zone'),(5649,'Center Zone'),(5650,'Rigth Zone'),(5651,'Bottom-Left Zone'),(5652,'Bottom-Right Zone'),(5653,'Bottom Zone'),(5655,'Top-Left Zone'),(5656,'Top-Right Zone'),(5658,'Center Zone'),(5659,'Rigth Zone'),(5660,'Bottom-Left Zone'),(5661,'Bottom-Right Zone'),(5662,'Bottom Zone'),(5664,'Top-Left Zone'),(5665,'Top-Right Zone'),(5667,'Center Zone'),(5668,'Rigth Zone'),(5669,'Bottom-Left Zone'),(5670,'Bottom-Right Zone'),(5671,'Bottom Zone'),(5673,'Top-Left Zone'),(5674,'Top-Right Zone'),(5676,'Center Zone'),(5677,'Rigth Zone'),(5678,'Bottom-Left Zone'),(5679,'Bottom-Right Zone'),(5680,'Bottom Zone'),(5682,'Top-Left Zone'),(5683,'Top-Right Zone'),(5685,'Center Zone'),(5686,'Rigth Zone'),(5687,'Bottom-Left Zone'),(5688,'Bottom-Right Zone'),(5689,'Bottom Zone'),(5691,'Top-Left Zone'),(5692,'Top-Right Zone'),(5694,'Center Zone'),(5695,'Rigth Zone'),(5696,'Bottom-Left Zone'),(5697,'Bottom-Right Zone'),(5698,'Bottom Zone'),(5700,'Top-Left Zone'),(5701,'Top-Right Zone'),(5703,'Center Zone'),(5704,'Rigth Zone'),(5705,'Bottom-Left Zone'),(5706,'Bottom-Right Zone'),(5707,'Bottom Zone'),(5709,'Top-Left Zone'),(5710,'Top-Right Zone'),(5712,'Center Zone'),(5713,'Rigth Zone'),(5714,'Bottom-Left Zone'),(5715,'Bottom-Right Zone'),(5716,'Bottom Zone'),(5718,'Top-Left Zone'),(5719,'Top-Right Zone'),(5721,'Center Zone'),(5722,'Rigth Zone'),(5723,'Bottom-Left Zone'),(5724,'Bottom-Right Zone'),(5725,'Bottom Zone'),(5727,'Top-Left Zone'),(5728,'Top-Right Zone'),(5730,'Center Zone'),(5731,'Rigth Zone'),(5732,'Bottom-Left Zone'),(5733,'Bottom-Right Zone'),(5734,'Bottom Zone'),(5736,'Top-Left Zone'),(5737,'Top-Right Zone'),(5739,'Center Zone'),(5740,'Rigth Zone'),(5741,'Bottom-Left Zone'),(5742,'Bottom-Right Zone'),(5743,'Bottom Zone'),(5745,'Top-Left Zone'),(5746,'Top-Right Zone'),(5748,'Center Zone'),(5749,'Rigth Zone'),(5750,'Bottom-Left Zone'),(5751,'Bottom-Right Zone'),(5752,'Bottom Zone'),(5754,'Top-Left Zone'),(5755,'Top-Right Zone'),(5757,'Center Zone'),(5758,'Rigth Zone'),(5759,'Bottom-Left Zone'),(5760,'Bottom-Right Zone'),(5761,'Bottom Zone'),(5763,'Top-Left Zone'),(5764,'Top-Right Zone'),(5766,'Center Zone'),(5767,'Rigth Zone'),(5768,'Bottom-Left Zone'),(5769,'Bottom-Right Zone'),(5770,'Bottom Zone'),(5772,'Top-Left Zone'),(5773,'Top-Right Zone'),(5775,'Center Zone'),(5776,'Rigth Zone'),(5777,'Bottom-Left Zone'),(5778,'Bottom-Right Zone'),(5779,'Bottom Zone'),(5781,'Top-Left Zone'),(5782,'Top-Right Zone'),(5784,'Center Zone'),(5785,'Rigth Zone'),(5786,'Bottom-Left Zone'),(5787,'Bottom-Right Zone'),(5788,'Bottom Zone'),(5790,'Top-Left Zone'),(5791,'Top-Right Zone'),(5793,'Center Zone'),(5794,'Rigth Zone'),(5795,'Bottom-Left Zone'),(5796,'Bottom-Right Zone'),(5797,'Bottom Zone'),(5799,'Top-Left Zone'),(5800,'Top-Right Zone'),(5802,'Center Zone'),(5803,'Rigth Zone'),(5804,'Bottom-Left Zone'),(5805,'Bottom-Right Zone'),(5806,'Bottom Zone'),(5808,'Top-Left Zone'),(5809,'Top-Right Zone'),(5811,'Center Zone'),(5812,'Rigth Zone'),(5813,'Bottom-Left Zone'),(5814,'Bottom-Right Zone'),(5815,'Bottom Zone'),(5817,'Top-Left Zone'),(5818,'Top-Right Zone'),(5820,'Center Zone'),(5821,'Rigth Zone'),(5822,'Bottom-Left Zone'),(5823,'Bottom-Right Zone'),(5824,'Bottom Zone'),(5826,'Top-Left Zone'),(5827,'Top-Right Zone'),(5829,'Center Zone'),(5830,'Rigth Zone'),(5831,'Bottom-Left Zone'),(5832,'Bottom-Right Zone'),(5833,'Bottom Zone'),(5835,'Top-Left Zone'),(5836,'Top-Right Zone'),(5838,'Center Zone'),(5839,'Rigth Zone'),(5840,'Bottom-Left Zone'),(5841,'Bottom-Right Zone'),(5842,'Bottom Zone'),(5844,'Top-Left Zone'),(5845,'Top-Right Zone'),(5847,'Center Zone'),(5848,'Rigth Zone'),(5849,'Bottom-Left Zone'),(5850,'Bottom-Right Zone'),(5851,'Bottom Zone'),(5853,'Top-Left Zone'),(5854,'Top-Right Zone'),(5856,'Center Zone'),(5857,'Rigth Zone'),(5858,'Bottom-Left Zone'),(5859,'Bottom-Right Zone'),(5860,'Bottom Zone'),(5862,'Top-Left Zone'),(5863,'Top-Right Zone'),(5865,'Center Zone'),(5866,'Rigth Zone'),(5867,'Bottom-Left Zone'),(5868,'Bottom-Right Zone'),(5869,'Bottom Zone'),(5871,'Top-Left Zone'),(5872,'Top-Right Zone'),(5874,'Center Zone'),(5875,'Rigth Zone'),(5876,'Bottom-Left Zone'),(5877,'Bottom-Right Zone'),(5878,'Bottom Zone'),(5880,'Top-Left Zone'),(5881,'Top-Right Zone'),(5883,'Center Zone'),(5884,'Rigth Zone'),(5885,'Bottom-Left Zone'),(5886,'Bottom-Right Zone'),(5887,'Bottom Zone'),(5889,'Top-Left Zone'),(5890,'Top-Right Zone'),(5892,'Center Zone'),(5893,'Rigth Zone'),(5894,'Bottom-Left Zone'),(5895,'Bottom-Right Zone'),(5896,'Bottom Zone'),(5898,'Top-Left Zone'),(5899,'Top-Right Zone'),(5901,'Center Zone'),(5902,'Rigth Zone'),(5903,'Bottom-Left Zone'),(5904,'Bottom-Right Zone'),(5905,'Bottom Zone'),(5907,'Top-Left Zone'),(5908,'Top-Right Zone'),(5910,'Center Zone'),(5911,'Rigth Zone'),(5912,'Bottom-Left Zone'),(5913,'Bottom-Right Zone'),(5914,'Bottom Zone'),(5916,'Top-Left Zone'),(5917,'Top-Right Zone'),(5919,'Center Zone'),(5920,'Rigth Zone'),(5921,'Bottom-Left Zone'),(5922,'Bottom-Right Zone'),(5923,'Bottom Zone'),(5925,'Top-Left Zone'),(5926,'Top-Right Zone'),(5928,'Center Zone'),(5929,'Rigth Zone'),(5930,'Bottom-Left Zone'),(5931,'Bottom-Right Zone'),(5932,'Bottom Zone'),(5934,'Top-Left Zone'),(5935,'Top-Right Zone'),(5937,'Center Zone'),(5938,'Rigth Zone'),(5939,'Bottom-Left Zone'),(5940,'Bottom-Right Zone'),(5941,'Bottom Zone'),(5943,'Top-Left Zone'),(5944,'Top-Right Zone'),(5946,'Center Zone'),(5947,'Rigth Zone'),(5948,'Bottom-Left Zone'),(5949,'Bottom-Right Zone'),(5950,'Bottom Zone'),(5952,'Top-Left Zone'),(5953,'Top-Right Zone'),(5955,'Center Zone'),(5956,'Rigth Zone'),(5957,'Bottom-Left Zone'),(5958,'Bottom-Right Zone'),(5959,'Bottom Zone'),(5961,'Top-Left Zone'),(5962,'Top-Right Zone'),(5964,'Center Zone'),(5965,'Rigth Zone'),(5966,'Bottom-Left Zone'),(5967,'Bottom-Right Zone'),(5968,'Bottom Zone'),(5970,'Top-Left Zone'),(5971,'Top-Right Zone'),(5973,'Center Zone'),(5974,'Rigth Zone'),(5975,'Bottom-Left Zone'),(5976,'Bottom-Right Zone'),(5977,'Bottom Zone'),(5979,'Top-Left Zone'),(5980,'Top-Right Zone'),(5982,'Center Zone'),(5983,'Rigth Zone'),(5984,'Bottom-Left Zone'),(5985,'Bottom-Right Zone'),(5986,'Bottom Zone'),(5988,'Top-Left Zone'),(5989,'Top-Right Zone'),(5991,'Center Zone'),(5992,'Rigth Zone'),(5993,'Bottom-Left Zone'),(5994,'Bottom-Right Zone'),(5995,'Bottom Zone'),(5997,'Top-Left Zone'),(5998,'Top-Right Zone'),(6000,'Center Zone'),(6001,'Rigth Zone'),(6002,'Bottom-Left Zone'),(6003,'Bottom-Right Zone'),(6004,'Bottom Zone'),(6006,'Top-Left Zone'),(6007,'Top-Right Zone'),(6009,'Center Zone'),(6010,'Rigth Zone'),(6011,'Bottom-Left Zone'),(6012,'Bottom-Right Zone'),(6013,'Bottom Zone'),(6015,'Top-Left Zone'),(6016,'Top-Right Zone'),(6018,'Center Zone'),(6019,'Rigth Zone'),(6020,'Bottom-Left Zone'),(6021,'Bottom-Right Zone'),(6022,'Bottom Zone'),(6024,'Top-Left Zone'),(6025,'Top-Right Zone'),(6027,'Center Zone'),(6028,'Rigth Zone'),(6029,'Bottom-Left Zone'),(6030,'Bottom-Right Zone'),(6031,'Bottom Zone'),(6033,'Top-Left Zone'),(6034,'Top-Right Zone'),(6036,'Center Zone'),(6037,'Rigth Zone'),(6038,'Bottom-Left Zone'),(6039,'Bottom-Right Zone'),(6040,'Bottom Zone'),(6042,'Top-Left Zone'),(6043,'Top-Right Zone'),(6045,'Center Zone'),(6046,'Rigth Zone'),(6047,'Bottom-Left Zone'),(6048,'Bottom-Right Zone'),(6049,'Bottom Zone'),(6051,'Top-Left Zone'),(6052,'Top-Right Zone'),(6054,'Center Zone'),(6055,'Rigth Zone'),(6056,'Bottom-Left Zone'),(6057,'Bottom-Right Zone'),(6058,'Bottom Zone'),(6060,'Top-Left Zone'),(6061,'Top-Right Zone'),(6063,'Center Zone'),(6064,'Rigth Zone'),(6065,'Bottom-Left Zone'),(6066,'Bottom-Right Zone'),(6067,'Bottom Zone'),(6069,'Top-Left Zone'),(6070,'Top-Right Zone'),(6072,'Center Zone'),(6073,'Rigth Zone'),(6074,'Bottom-Left Zone'),(6075,'Bottom-Right Zone'),(6076,'Bottom Zone'),(6078,'Top-Left Zone'),(6079,'Top-Right Zone'),(6081,'Center Zone'),(6082,'Rigth Zone'),(6083,'Bottom-Left Zone'),(6084,'Bottom-Right Zone'),(6085,'Bottom Zone'),(6087,'Top-Left Zone'),(6088,'Top-Right Zone'),(6090,'Center Zone'),(6091,'Rigth Zone'),(6092,'Bottom-Left Zone'),(6093,'Bottom-Right Zone'),(6094,'Bottom Zone'),(6096,'Top-Left Zone'),(6097,'Top-Right Zone'),(6099,'Center Zone'),(6100,'Rigth Zone'),(6101,'Bottom-Left Zone'),(6102,'Bottom-Right Zone'),(6103,'Bottom Zone'),(6105,'Top-Left Zone'),(6106,'Top-Right Zone'),(6108,'Center Zone'),(6109,'Rigth Zone'),(6110,'Bottom-Left Zone'),(6111,'Bottom-Right Zone'),(6112,'Bottom Zone'),(6114,'Top-Left Zone'),(6115,'Top-Right Zone'),(6117,'Center Zone'),(6118,'Rigth Zone'),(6119,'Bottom-Left Zone'),(6120,'Bottom-Right Zone'),(6121,'Bottom Zone'),(6123,'Top-Left Zone'),(6124,'Top-Right Zone'),(6126,'Center Zone'),(6127,'Rigth Zone'),(6128,'Bottom-Left Zone'),(6129,'Bottom-Right Zone'),(6130,'Bottom Zone'),(6132,'Top-Left Zone'),(6133,'Top-Right Zone'),(6135,'Center Zone'),(6136,'Rigth Zone'),(6137,'Bottom-Left Zone'),(6138,'Bottom-Right Zone'),(6139,'Bottom Zone'),(6141,'Top-Left Zone'),(6142,'Top-Right Zone'),(6144,'Center Zone'),(6145,'Rigth Zone'),(6146,'Bottom-Left Zone'),(6147,'Bottom-Right Zone'),(6148,'Bottom Zone'),(6150,'Top-Left Zone'),(6151,'Top-Right Zone'),(6153,'Center Zone'),(6154,'Rigth Zone'),(6155,'Bottom-Left Zone'),(6156,'Bottom-Right Zone'),(6157,'Bottom Zone'),(6159,'Top-Left Zone'),(6160,'Top-Right Zone'),(6162,'Center Zone'),(6163,'Rigth Zone'),(6164,'Bottom-Left Zone'),(6165,'Bottom-Right Zone'),(6166,'Bottom Zone'),(6168,'Top-Left Zone'),(6169,'Top-Right Zone'),(6171,'Center Zone'),(6172,'Rigth Zone'),(6173,'Bottom-Left Zone'),(6174,'Bottom-Right Zone'),(6175,'Bottom Zone'),(6177,'Top-Left Zone'),(6178,'Top-Right Zone'),(6180,'Center Zone'),(6181,'Rigth Zone'),(6182,'Bottom-Left Zone'),(6183,'Bottom-Right Zone'),(6184,'Bottom Zone'),(6186,'Top-Left Zone'),(6187,'Top-Right Zone'),(6189,'Center Zone'),(6190,'Rigth Zone'),(6191,'Bottom-Left Zone'),(6192,'Bottom-Right Zone'),(6193,'Bottom Zone'),(6195,'Top-Left Zone'),(6196,'Top-Right Zone'),(6198,'Center Zone'),(6199,'Rigth Zone'),(6200,'Bottom-Left Zone'),(6201,'Bottom-Right Zone'),(6202,'Bottom Zone'),(6204,'Top-Left Zone'),(6205,'Top-Right Zone'),(6207,'Center Zone'),(6208,'Rigth Zone'),(6209,'Bottom-Left Zone'),(6210,'Bottom-Right Zone'),(6211,'Bottom Zone'),(6213,'Top-Left Zone'),(6214,'Top-Right Zone'),(6216,'Center Zone'),(6217,'Rigth Zone'),(6218,'Bottom-Left Zone'),(6219,'Bottom-Right Zone'),(6220,'Bottom Zone'),(6222,'Top-Left Zone'),(6223,'Top-Right Zone'),(6225,'Center Zone'),(6226,'Rigth Zone'),(6227,'Bottom-Left Zone'),(6228,'Bottom-Right Zone'),(6229,'Bottom Zone'),(6231,'Top-Left Zone'),(6232,'Top-Right Zone'),(6234,'Center Zone'),(6235,'Rigth Zone'),(6236,'Bottom-Left Zone'),(6237,'Bottom-Right Zone'),(6238,'Bottom Zone'),(6240,'Top-Left Zone'),(6241,'Top-Right Zone'),(6243,'Center Zone'),(6244,'Rigth Zone'),(6245,'Bottom-Left Zone'),(6246,'Bottom-Right Zone'),(6247,'Bottom Zone'),(6249,'Top-Left Zone'),(6250,'Top-Right Zone'),(6252,'Center Zone'),(6253,'Rigth Zone'),(6254,'Bottom-Left Zone'),(6255,'Bottom-Right Zone'),(6256,'Bottom Zone'),(6258,'Top-Left Zone'),(6259,'Top-Right Zone'),(6261,'Center Zone'),(6262,'Rigth Zone'),(6263,'Bottom-Left Zone'),(6264,'Bottom-Right Zone'),(6265,'Bottom Zone'),(6267,'Top-Left Zone'),(6268,'Top-Right Zone'),(6270,'Center Zone'),(6271,'Rigth Zone'),(6272,'Bottom-Left Zone'),(6273,'Bottom-Right Zone'),(6274,'Bottom Zone'),(6276,'Top-Left Zone'),(6277,'Top-Right Zone'),(6279,'Center Zone'),(6280,'Rigth Zone'),(6281,'Bottom-Left Zone'),(6282,'Bottom-Right Zone'),(6283,'Bottom Zone'),(6285,'Top-Left Zone'),(6286,'Top-Right Zone'),(6288,'Center Zone'),(6289,'Rigth Zone'),(6290,'Bottom-Left Zone'),(6291,'Bottom-Right Zone'),(6292,'Bottom Zone'),(6294,'Top-Left Zone'),(6295,'Top-Right Zone'),(6297,'Center Zone'),(6298,'Rigth Zone'),(6299,'Bottom-Left Zone'),(6300,'Bottom-Right Zone'),(6301,'Bottom Zone'),(6303,'Top-Left Zone'),(6304,'Top-Right Zone'),(6306,'Center Zone'),(6307,'Rigth Zone'),(6308,'Bottom-Left Zone'),(6309,'Bottom-Right Zone'),(6310,'Bottom Zone'),(6312,'Top-Left Zone'),(6313,'Top-Right Zone'),(6315,'Center Zone'),(6316,'Rigth Zone'),(6317,'Bottom-Left Zone'),(6318,'Bottom-Right Zone'),(6319,'Bottom Zone'),(6321,'Top-Left Zone'),(6322,'Top-Right Zone'),(6324,'Center Zone'),(6325,'Rigth Zone'),(6326,'Bottom-Left Zone'),(6327,'Bottom-Right Zone'),(6328,'Bottom Zone'),(6330,'Top-Left Zone'),(6331,'Top-Right Zone'),(6333,'Center Zone'),(6334,'Rigth Zone'),(6335,'Bottom-Left Zone'),(6336,'Bottom-Right Zone'),(6337,'Bottom Zone'),(6339,'Top-Left Zone'),(6340,'Top-Right Zone'),(6342,'Center Zone'),(6343,'Rigth Zone'),(6344,'Bottom-Left Zone'),(6345,'Bottom-Right Zone'),(6346,'Bottom Zone'),(6348,'Top-Left Zone'),(6349,'Top-Right Zone'),(6351,'Center Zone'),(6352,'Rigth Zone'),(6353,'Bottom-Left Zone'),(6354,'Bottom-Right Zone'),(6355,'Bottom Zone'),(6357,'Top-Left Zone'),(6358,'Top-Right Zone'),(6360,'Center Zone'),(6361,'Rigth Zone'),(6362,'Bottom-Left Zone'),(6363,'Bottom-Right Zone'),(6364,'Bottom Zone'),(6366,'Top-Left Zone'),(6367,'Top-Right Zone'),(6369,'Center Zone'),(6370,'Rigth Zone'),(6371,'Bottom-Left Zone'),(6372,'Bottom-Right Zone'),(6373,'Bottom Zone'),(6375,'Top-Left Zone'),(6376,'Top-Right Zone'),(6378,'Center Zone'),(6379,'Rigth Zone'),(6380,'Bottom-Left Zone'),(6381,'Bottom-Right Zone'),(6382,'Bottom Zone'),(6384,'Top-Left Zone'),(6385,'Top-Right Zone'),(6387,'Center Zone'),(6388,'Rigth Zone'),(6389,'Bottom-Left Zone'),(6390,'Bottom-Right Zone'),(6391,'Bottom Zone'),(6393,'Top-Left Zone'),(6394,'Top-Right Zone'),(6396,'Center Zone'),(6397,'Rigth Zone'),(6398,'Bottom-Left Zone'),(6399,'Bottom-Right Zone'),(6400,'Bottom Zone'),(6402,'Top-Left Zone'),(6403,'Top-Right Zone'),(6405,'Center Zone'),(6406,'Rigth Zone'),(6407,'Bottom-Left Zone'),(6408,'Bottom-Right Zone'),(6409,'Bottom Zone'),(6411,'Top-Left Zone'),(6412,'Top-Right Zone'),(6414,'Center Zone'),(6415,'Rigth Zone'),(6416,'Bottom-Left Zone'),(6417,'Bottom-Right Zone'),(6418,'Bottom Zone'),(6420,'Top-Left Zone'),(6421,'Top-Right Zone'),(6423,'Center Zone'),(6424,'Rigth Zone'),(6425,'Bottom-Left Zone'),(6426,'Bottom-Right Zone'),(6427,'Bottom Zone'),(6429,'Top-Left Zone'),(6430,'Top-Right Zone'),(6432,'Center Zone'),(6433,'Rigth Zone'),(6434,'Bottom-Left Zone'),(6435,'Bottom-Right Zone'),(6436,'Bottom Zone'),(6438,'Top-Left Zone'),(6439,'Top-Right Zone'),(6441,'Center Zone'),(6442,'Rigth Zone'),(6443,'Bottom-Left Zone'),(6444,'Bottom-Right Zone'),(6445,'Bottom Zone'),(6447,'Top-Left Zone'),(6448,'Top-Right Zone'),(6450,'Center Zone'),(6451,'Rigth Zone'),(6452,'Bottom-Left Zone'),(6453,'Bottom-Right Zone'),(6454,'Bottom Zone'),(6456,'Top-Left Zone'),(6457,'Top-Right Zone'),(6459,'Center Zone'),(6460,'Rigth Zone'),(6461,'Bottom-Left Zone'),(6462,'Bottom-Right Zone'),(6463,'Bottom Zone'),(6465,'Top-Left Zone'),(6466,'Top-Right Zone'),(6468,'Center Zone'),(6469,'Rigth Zone'),(6470,'Bottom-Left Zone'),(6471,'Bottom-Right Zone'),(6472,'Bottom Zone'),(6474,'Top-Left Zone'),(6475,'Top-Right Zone'),(6477,'Center Zone'),(6478,'Rigth Zone'),(6479,'Bottom-Left Zone'),(6480,'Bottom-Right Zone'),(6481,'Bottom Zone'),(6483,'Top-Left Zone'),(6484,'Top-Right Zone'),(6486,'Center Zone'),(6487,'Rigth Zone'),(6488,'Bottom-Left Zone'),(6489,'Bottom-Right Zone'),(6490,'Bottom Zone'),(6492,'Top-Left Zone'),(6493,'Top-Right Zone'),(6495,'Center Zone'),(6496,'Rigth Zone'),(6497,'Bottom-Left Zone'),(6498,'Bottom-Right Zone'),(6499,'Bottom Zone'),(6501,'Top-Left Zone'),(6502,'Top-Right Zone'),(6504,'Center Zone'),(6505,'Rigth Zone'),(6506,'Bottom-Left Zone'),(6507,'Bottom-Right Zone'),(6508,'Bottom Zone'),(6510,'Top-Left Zone'),(6511,'Top-Right Zone'),(6513,'Center Zone'),(6514,'Rigth Zone'),(6515,'Bottom-Left Zone'),(6516,'Bottom-Right Zone'),(6517,'Bottom Zone'),(6519,'Top-Left Zone'),(6520,'Top-Right Zone'),(6522,'Center Zone'),(6523,'Rigth Zone'),(6524,'Bottom-Left Zone'),(6525,'Bottom-Right Zone'),(6526,'Bottom Zone'),(6528,'Top-Left Zone'),(6529,'Top-Right Zone'),(6531,'Center Zone'),(6532,'Rigth Zone'),(6533,'Bottom-Left Zone'),(6534,'Bottom-Right Zone'),(6535,'Bottom Zone'),(6537,'Top-Left Zone'),(6538,'Top-Right Zone'),(6540,'Center Zone'),(6541,'Rigth Zone'),(6542,'Bottom-Left Zone'),(6543,'Bottom-Right Zone'),(6544,'Bottom Zone'),(6546,'Top-Left Zone'),(6547,'Top-Right Zone'),(6549,'Center Zone'),(6550,'Rigth Zone'),(6551,'Bottom-Left Zone'),(6552,'Bottom-Right Zone'),(6553,'Bottom Zone'),(6555,'Top-Left Zone'),(6556,'Top-Right Zone'),(6558,'Center Zone'),(6559,'Rigth Zone'),(6560,'Bottom-Left Zone'),(6561,'Bottom-Right Zone'),(6562,'Bottom Zone'),(6564,'Top-Left Zone'),(6565,'Top-Right Zone'),(6567,'Center Zone'),(6568,'Rigth Zone'),(6569,'Bottom-Left Zone'),(6570,'Bottom-Right Zone'),(6571,'Bottom Zone'),(6573,'Top-Left Zone'),(6574,'Top-Right Zone'),(6576,'Center Zone'),(6577,'Rigth Zone'),(6578,'Bottom-Left Zone'),(6579,'Bottom-Right Zone'),(6580,'Bottom Zone'),(6582,'Top-Left Zone'),(6583,'Top-Right Zone'),(6585,'Center Zone'),(6586,'Rigth Zone'),(6587,'Bottom-Left Zone'),(6588,'Bottom-Right Zone'),(6589,'Bottom Zone'),(6591,'Top-Left Zone'),(6592,'Top-Right Zone'),(6594,'Center Zone'),(6595,'Rigth Zone'),(6596,'Bottom-Left Zone'),(6597,'Bottom-Right Zone'),(6598,'Bottom Zone'),(6600,'Top-Left Zone'),(6601,'Top-Right Zone'),(6603,'Center Zone'),(6604,'Rigth Zone'),(6605,'Bottom-Left Zone'),(6606,'Bottom-Right Zone'),(6607,'Bottom Zone'),(6609,'Top-Left Zone'),(6610,'Top-Right Zone'),(6612,'Center Zone'),(6613,'Rigth Zone'),(6614,'Bottom-Left Zone'),(6615,'Bottom-Right Zone'),(6616,'Bottom Zone'),(6618,'Top-Left Zone'),(6619,'Top-Right Zone'),(6621,'Center Zone'),(6622,'Rigth Zone'),(6623,'Bottom-Left Zone'),(6624,'Bottom-Right Zone'),(6625,'Bottom Zone'),(6627,'Top-Left Zone'),(6628,'Top-Right Zone'),(6630,'Center Zone'),(6631,'Rigth Zone'),(6632,'Bottom-Left Zone'),(6633,'Bottom-Right Zone'),(6634,'Bottom Zone'),(6636,'Top-Left Zone'),(6637,'Top-Right Zone'),(6639,'Center Zone'),(6640,'Rigth Zone'),(6641,'Bottom-Left Zone'),(6642,'Bottom-Right Zone'),(6643,'Bottom Zone'),(6645,'Top-Left Zone'),(6646,'Top-Right Zone'),(6648,'Center Zone'),(6649,'Rigth Zone'),(6650,'Bottom-Left Zone'),(6651,'Bottom-Right Zone'),(6652,'Bottom Zone'),(6654,'Top-Left Zone'),(6655,'Top-Right Zone'),(6657,'Center Zone'),(6658,'Rigth Zone'),(6659,'Bottom-Left Zone'),(6660,'Bottom-Right Zone'),(6661,'Bottom Zone'),(6663,'Top-Left Zone'),(6664,'Top-Right Zone'),(6666,'Center Zone'),(6667,'Rigth Zone'),(6668,'Bottom-Left Zone'),(6669,'Bottom-Right Zone'),(6670,'Bottom Zone'),(6672,'Top-Left Zone'),(6673,'Top-Right Zone'),(6675,'Center Zone'),(6676,'Rigth Zone'),(6677,'Bottom-Left Zone'),(6678,'Bottom-Right Zone'),(6679,'Bottom Zone'),(6681,'Top-Left Zone'),(6682,'Top-Right Zone'),(6684,'Center Zone'),(6685,'Rigth Zone'),(6686,'Bottom-Left Zone'),(6687,'Bottom-Right Zone'),(6688,'Bottom Zone'),(6690,'Top-Left Zone'),(6691,'Top-Right Zone'),(6693,'Center Zone'),(6694,'Rigth Zone'),(6695,'Bottom-Left Zone'),(6696,'Bottom-Right Zone'),(6697,'Bottom Zone'),(6699,'Top-Left Zone'),(6700,'Top-Right Zone'),(6702,'Center Zone'),(6703,'Rigth Zone'),(6704,'Bottom-Left Zone'),(6705,'Bottom-Right Zone'),(6706,'Bottom Zone'),(6708,'Top-Left Zone'),(6709,'Top-Right Zone'),(6711,'Center Zone'),(6712,'Rigth Zone'),(6713,'Bottom-Left Zone'),(6714,'Bottom-Right Zone'),(6715,'Bottom Zone'),(6717,'Top-Left Zone'),(6718,'Top-Right Zone'),(6720,'Center Zone'),(6721,'Rigth Zone'),(6722,'Bottom-Left Zone'),(6723,'Bottom-Right Zone'),(6724,'Bottom Zone'),(6726,'Top-Left Zone'),(6727,'Top-Right Zone'),(6729,'Center Zone'),(6730,'Rigth Zone'),(6731,'Bottom-Left Zone'),(6732,'Bottom-Right Zone'),(6733,'Bottom Zone'),(6735,'Top-Left Zone'),(6736,'Top-Right Zone'),(6738,'Center Zone'),(6739,'Rigth Zone'),(6740,'Bottom-Left Zone'),(6741,'Bottom-Right Zone'),(6742,'Bottom Zone'),(6744,'Top-Left Zone'),(6745,'Top-Right Zone'),(6747,'Center Zone'),(6748,'Rigth Zone'),(6749,'Bottom-Left Zone'),(6750,'Bottom-Right Zone'),(6751,'Bottom Zone'),(6753,'Top-Left Zone'),(6754,'Top-Right Zone'),(6756,'Center Zone'),(6757,'Rigth Zone'),(6758,'Bottom-Left Zone'),(6759,'Bottom-Right Zone'),(6760,'Bottom Zone'),(6762,'Top-Left Zone'),(6763,'Top-Right Zone'),(6765,'Center Zone'),(6766,'Rigth Zone'),(6767,'Bottom-Left Zone'),(6768,'Bottom-Right Zone'),(6769,'Bottom Zone'),(6771,'Top-Left Zone'),(6772,'Top-Right Zone'),(6774,'Center Zone'),(6775,'Rigth Zone'),(6776,'Bottom-Left Zone'),(6777,'Bottom-Right Zone'),(6778,'Bottom Zone'),(6780,'Top-Left Zone'),(6781,'Top-Right Zone'),(6783,'Center Zone'),(6784,'Rigth Zone'),(6785,'Bottom-Left Zone'),(6786,'Bottom-Right Zone'),(6787,'Bottom Zone'),(6789,'Top-Left Zone'),(6790,'Top-Right Zone'),(6792,'Center Zone'),(6793,'Rigth Zone'),(6794,'Bottom-Left Zone'),(6795,'Bottom-Right Zone'),(6796,'Bottom Zone'),(6798,'Top-Left Zone'),(6799,'Top-Right Zone'),(6801,'Center Zone'),(6802,'Rigth Zone'),(6803,'Bottom-Left Zone'),(6804,'Bottom-Right Zone'),(6805,'Bottom Zone'),(6807,'Top-Left Zone'),(6808,'Top-Right Zone'),(6810,'Center Zone'),(6811,'Rigth Zone'),(6812,'Bottom-Left Zone'),(6813,'Bottom-Right Zone'),(6814,'Bottom Zone'),(6816,'Top-Left Zone'),(6817,'Top-Right Zone'),(6819,'Center Zone'),(6820,'Rigth Zone'),(6821,'Bottom-Left Zone'),(6822,'Bottom-Right Zone'),(6823,'Bottom Zone'),(6825,'Top-Left Zone'),(6826,'Top-Right Zone'),(6828,'Center Zone'),(6829,'Rigth Zone'),(6830,'Bottom-Left Zone'),(6831,'Bottom-Right Zone'),(6832,'Bottom Zone'),(6834,'Top-Left Zone'),(6835,'Top-Right Zone'),(6837,'Center Zone'),(6838,'Rigth Zone'),(6839,'Bottom-Left Zone'),(6840,'Bottom-Right Zone'),(6841,'Bottom Zone'),(6843,'Top-Left Zone'),(6844,'Top-Right Zone'),(6846,'Center Zone'),(6847,'Rigth Zone'),(6848,'Bottom-Left Zone'),(6849,'Bottom-Right Zone'),(6850,'Bottom Zone'),(6852,'Top-Left Zone'),(6853,'Top-Right Zone'),(6855,'Center Zone'),(6856,'Rigth Zone'),(6857,'Bottom-Left Zone'),(6858,'Bottom-Right Zone'),(6859,'Bottom Zone'),(6861,'Top-Left Zone'),(6862,'Top-Right Zone'),(6864,'Center Zone'),(6865,'Rigth Zone'),(6866,'Bottom-Left Zone'),(6867,'Bottom-Right Zone'),(6868,'Bottom Zone'),(6870,'Top-Left Zone'),(6871,'Top-Right Zone'),(6873,'Center Zone'),(6874,'Rigth Zone'),(6875,'Bottom-Left Zone'),(6876,'Bottom-Right Zone'),(6877,'Bottom Zone'),(6879,'Top-Left Zone'),(6880,'Top-Right Zone'),(6882,'Center Zone'),(6883,'Rigth Zone'),(6884,'Bottom-Left Zone'),(6885,'Bottom-Right Zone'),(6886,'Bottom Zone'),(6888,'Top-Left Zone'),(6889,'Top-Right Zone'),(6891,'Center Zone'),(6892,'Rigth Zone'),(6893,'Bottom-Left Zone'),(6894,'Bottom-Right Zone'),(6895,'Bottom Zone'),(6897,'Top-Left Zone'),(6898,'Top-Right Zone'),(6900,'Center Zone'),(6901,'Rigth Zone'),(6902,'Bottom-Left Zone'),(6903,'Bottom-Right Zone'),(6904,'Bottom Zone'),(6906,'Top-Left Zone'),(6907,'Top-Right Zone'),(6909,'Center Zone'),(6910,'Rigth Zone'),(6911,'Bottom-Left Zone'),(6912,'Bottom-Right Zone'),(6913,'Bottom Zone'),(6915,'Top-Left Zone'),(6916,'Top-Right Zone'),(6918,'Center Zone'),(6919,'Rigth Zone'),(6920,'Bottom-Left Zone'),(6921,'Bottom-Right Zone'),(6922,'Bottom Zone'),(6924,'Top-Left Zone'),(6925,'Top-Right Zone'),(6927,'Center Zone'),(6928,'Rigth Zone'),(6929,'Bottom-Left Zone'),(6930,'Bottom-Right Zone'),(6931,'Bottom Zone'),(6933,'Top-Left Zone'),(6934,'Top-Right Zone'),(6936,'Center Zone'),(6937,'Rigth Zone'),(6938,'Bottom-Left Zone'),(6939,'Bottom-Right Zone'),(6940,'Bottom Zone'),(6942,'Top-Left Zone'),(6943,'Top-Right Zone'),(6945,'Center Zone'),(6946,'Rigth Zone'),(6947,'Bottom-Left Zone'),(6948,'Bottom-Right Zone'),(6949,'Bottom Zone'),(6951,'Top-Left Zone'),(6952,'Top-Right Zone'),(6954,'Center Zone'),(6955,'Rigth Zone'),(6956,'Bottom-Left Zone'),(6957,'Bottom-Right Zone'),(6958,'Bottom Zone'),(6960,'Top-Left Zone'),(6961,'Top-Right Zone'),(6963,'Center Zone'),(6964,'Rigth Zone'),(6965,'Bottom-Left Zone'),(6966,'Bottom-Right Zone'),(6967,'Bottom Zone'),(6969,'Top-Left Zone'),(6970,'Top-Right Zone'),(6972,'Center Zone'),(6973,'Rigth Zone'),(6974,'Bottom-Left Zone'),(6975,'Bottom-Right Zone'),(6976,'Bottom Zone'),(6978,'Top-Left Zone'),(6979,'Top-Right Zone'),(6981,'Center Zone'),(6982,'Rigth Zone'),(6983,'Bottom-Left Zone'),(6984,'Bottom-Right Zone'),(6985,'Bottom Zone'),(6987,'Top-Left Zone'),(6988,'Top-Right Zone'),(6990,'Center Zone'),(6991,'Rigth Zone'),(6992,'Bottom-Left Zone'),(6993,'Bottom-Right Zone'),(6994,'Bottom Zone'),(6996,'Top-Left Zone'),(6997,'Top-Right Zone'),(6999,'Center Zone'),(7000,'Rigth Zone'),(7001,'Bottom-Left Zone'),(7002,'Bottom-Right Zone'),(7003,'Bottom Zone'),(7005,'Top-Left Zone'),(7006,'Top-Right Zone'),(7008,'Center Zone'),(7009,'Rigth Zone'),(7010,'Bottom-Left Zone'),(7011,'Bottom-Right Zone'),(7012,'Bottom Zone'),(7014,'Top-Left Zone'),(7015,'Top-Right Zone'),(7017,'Center Zone'),(7018,'Rigth Zone'),(7019,'Bottom-Left Zone'),(7020,'Bottom-Right Zone'),(7021,'Bottom Zone'),(7023,'Top-Left Zone'),(7024,'Top-Right Zone'),(7026,'Center Zone'),(7027,'Rigth Zone'),(7028,'Bottom-Left Zone'),(7029,'Bottom-Right Zone'),(7030,'Bottom Zone'),(7032,'Top-Left Zone'),(7033,'Top-Right Zone'),(7035,'Center Zone'),(7036,'Rigth Zone'),(7037,'Bottom-Left Zone'),(7038,'Bottom-Right Zone'),(7039,'Bottom Zone'),(7041,'Top-Left Zone'),(7042,'Top-Right Zone'),(7044,'Center Zone'),(7045,'Rigth Zone'),(7046,'Bottom-Left Zone'),(7047,'Bottom-Right Zone'),(7048,'Bottom Zone'),(7050,'Top-Left Zone'),(7051,'Top-Right Zone'),(7053,'Center Zone'),(7054,'Rigth Zone'),(7055,'Bottom-Left Zone'),(7056,'Bottom-Right Zone'),(7057,'Bottom Zone'),(7059,'Top-Left Zone'),(7060,'Top-Right Zone'),(7062,'Center Zone'),(7063,'Rigth Zone'),(7064,'Bottom-Left Zone'),(7065,'Bottom-Right Zone'),(7066,'Bottom Zone'),(7068,'Top-Left Zone'),(7069,'Top-Right Zone'),(7071,'Center Zone'),(7072,'Rigth Zone'),(7073,'Bottom-Left Zone'),(7074,'Bottom-Right Zone'),(7075,'Bottom Zone'),(7077,'Top-Left Zone'),(7078,'Top-Right Zone'),(7080,'Center Zone'),(7081,'Rigth Zone'),(7082,'Bottom-Left Zone'),(7083,'Bottom-Right Zone'),(7084,'Bottom Zone'),(7086,'Top-Left Zone'),(7087,'Top-Right Zone'),(7089,'Center Zone'),(7090,'Rigth Zone'),(7091,'Bottom-Left Zone'),(7092,'Bottom-Right Zone'),(7093,'Bottom Zone'),(7095,'Top-Left Zone'),(7096,'Top-Right Zone'),(7098,'Center Zone'),(7099,'Rigth Zone'),(7100,'Bottom-Left Zone'),(7101,'Bottom-Right Zone'),(7102,'Bottom Zone'),(7104,'Top-Left Zone'),(7105,'Top-Right Zone'),(7107,'Center Zone'),(7108,'Rigth Zone'),(7109,'Bottom-Left Zone'),(7110,'Bottom-Right Zone'),(7111,'Bottom Zone'),(7113,'Top-Left Zone'),(7114,'Top-Right Zone'),(7116,'Center Zone'),(7117,'Rigth Zone'),(7118,'Bottom-Left Zone'),(7119,'Bottom-Right Zone'),(7120,'Bottom Zone'),(7122,'Top-Left Zone'),(7123,'Top-Right Zone'),(7125,'Center Zone'),(7126,'Rigth Zone'),(7127,'Bottom-Left Zone'),(7128,'Bottom-Right Zone'),(7129,'Bottom Zone'),(7131,'Top-Left Zone'),(7132,'Top-Right Zone'),(7134,'Center Zone'),(7135,'Rigth Zone'),(7136,'Bottom-Left Zone'),(7137,'Bottom-Right Zone'),(7138,'Bottom Zone'),(7140,'Top-Left Zone'),(7141,'Top-Right Zone'),(7143,'Center Zone'),(7144,'Rigth Zone'),(7145,'Bottom-Left Zone'),(7146,'Bottom-Right Zone'),(7147,'Bottom Zone'),(7149,'Top-Left Zone'),(7150,'Top-Right Zone'),(7152,'Center Zone'),(7153,'Rigth Zone'),(7154,'Bottom-Left Zone'),(7155,'Bottom-Right Zone'),(7156,'Bottom Zone'),(7158,'Top-Left Zone'),(7159,'Top-Right Zone'),(7161,'Center Zone'),(7162,'Rigth Zone'),(7163,'Bottom-Left Zone'),(7164,'Bottom-Right Zone'),(7165,'Bottom Zone'),(7167,'Top-Left Zone'),(7168,'Top-Right Zone'),(7170,'Center Zone'),(7171,'Rigth Zone'),(7172,'Bottom-Left Zone'),(7173,'Bottom-Right Zone'),(7174,'Bottom Zone'),(7176,'Top-Left Zone'),(7177,'Top-Right Zone'),(7179,'Center Zone'),(7180,'Rigth Zone'),(7181,'Bottom-Left Zone'),(7182,'Bottom-Right Zone'),(7183,'Bottom Zone'),(7185,'Top-Left Zone'),(7186,'Top-Right Zone'),(7188,'Center Zone'),(7189,'Rigth Zone'),(7190,'Bottom-Left Zone'),(7191,'Bottom-Right Zone'),(7192,'Bottom Zone'),(7194,'Top-Left Zone'),(7195,'Top-Right Zone'),(7197,'Center Zone'),(7198,'Rigth Zone'),(7199,'Bottom-Left Zone'),(7200,'Bottom-Right Zone'),(7201,'Bottom Zone'),(7203,'Top-Left Zone'),(7204,'Top-Right Zone'),(7206,'Center Zone'),(7207,'Rigth Zone'),(7208,'Bottom-Left Zone'),(7209,'Bottom-Right Zone'),(7210,'Bottom Zone'),(7212,'Top-Left Zone'),(7213,'Top-Right Zone'),(7215,'Center Zone'),(7216,'Rigth Zone'),(7217,'Bottom-Left Zone'),(7218,'Bottom-Right Zone'),(7219,'Bottom Zone'),(7221,'Top-Left Zone'),(7222,'Top-Right Zone'),(7224,'Center Zone'),(7225,'Rigth Zone'),(7226,'Bottom-Left Zone'),(7227,'Bottom-Right Zone'),(7228,'Bottom Zone'),(7230,'Top-Left Zone'),(7231,'Top-Right Zone'),(7233,'Center Zone'),(7234,'Rigth Zone'),(7235,'Bottom-Left Zone'),(7236,'Bottom-Right Zone'),(7237,'Bottom Zone'),(7239,'Top-Left Zone'),(7240,'Top-Right Zone'),(7242,'Center Zone'),(7243,'Rigth Zone'),(7244,'Bottom-Left Zone'),(7245,'Bottom-Right Zone'),(7246,'Bottom Zone'),(7248,'Top-Left Zone'),(7249,'Top-Right Zone'),(7251,'Center Zone'),(7252,'Rigth Zone'),(7253,'Bottom-Left Zone'),(7254,'Bottom-Right Zone'),(7255,'Bottom Zone'),(7257,'Top-Left Zone'),(7258,'Top-Right Zone'),(7260,'Center Zone'),(7261,'Rigth Zone'),(7262,'Bottom-Left Zone'),(7263,'Bottom-Right Zone'),(7264,'Bottom Zone'),(7266,'Top-Left Zone'),(7267,'Top-Right Zone'),(7269,'Center Zone'),(7270,'Rigth Zone'),(7271,'Bottom-Left Zone'),(7272,'Bottom-Right Zone'),(7273,'Bottom Zone'),(7275,'Top-Left Zone'),(7276,'Top-Right Zone'),(7278,'Center Zone'),(7279,'Rigth Zone'),(7280,'Bottom-Left Zone'),(7281,'Bottom-Right Zone'),(7282,'Bottom Zone'),(7284,'Top-Left Zone'),(7285,'Top-Right Zone'),(7287,'Center Zone'),(7288,'Rigth Zone'),(7289,'Bottom-Left Zone'),(7290,'Bottom-Right Zone'),(7291,'Bottom Zone'),(7293,'Top-Left Zone'),(7294,'Top-Right Zone'),(7296,'Center Zone'),(7297,'Rigth Zone'),(7298,'Bottom-Left Zone'),(7299,'Bottom-Right Zone'),(7300,'Bottom Zone'),(7302,'Top-Left Zone'),(7303,'Top-Right Zone'),(7305,'Center Zone'),(7306,'Rigth Zone'),(7307,'Bottom-Left Zone'),(7308,'Bottom-Right Zone'),(7309,'Bottom Zone'),(7311,'Top-Left Zone'),(7312,'Top-Right Zone'),(7314,'Center Zone'),(7315,'Rigth Zone'),(7316,'Bottom-Left Zone'),(7317,'Bottom-Right Zone'),(7318,'Bottom Zone'),(7320,'Top-Left Zone'),(7321,'Top-Right Zone'),(7323,'Center Zone'),(7324,'Rigth Zone'),(7325,'Bottom-Left Zone'),(7326,'Bottom-Right Zone'),(7327,'Bottom Zone'),(7329,'Top-Left Zone'),(7330,'Top-Right Zone'),(7332,'Center Zone'),(7333,'Rigth Zone'),(7334,'Bottom-Left Zone'),(7335,'Bottom-Right Zone'),(7336,'Bottom Zone'),(7338,'Top-Left Zone'),(7339,'Top-Right Zone'),(7341,'Center Zone'),(7342,'Rigth Zone'),(7343,'Bottom-Left Zone'),(7344,'Bottom-Right Zone'),(7345,'Bottom Zone'),(7347,'Top-Left Zone'),(7348,'Top-Right Zone'),(7350,'Center Zone'),(7351,'Rigth Zone'),(7352,'Bottom-Left Zone'),(7353,'Bottom-Right Zone'),(7354,'Bottom Zone'),(7356,'Top-Left Zone'),(7357,'Top-Right Zone'),(7359,'Center Zone'),(7360,'Rigth Zone'),(7361,'Bottom-Left Zone'),(7362,'Bottom-Right Zone'),(7363,'Bottom Zone'),(7365,'Top-Left Zone'),(7366,'Top-Right Zone'),(7368,'Center Zone'),(7369,'Rigth Zone'),(7370,'Bottom-Left Zone'),(7371,'Bottom-Right Zone'),(7372,'Bottom Zone'),(7374,'Top-Left Zone'),(7375,'Top-Right Zone'),(7377,'Center Zone'),(7378,'Rigth Zone'),(7379,'Bottom-Left Zone'),(7380,'Bottom-Right Zone'),(7381,'Bottom Zone'),(7383,'Top-Left Zone'),(7384,'Top-Right Zone'),(7386,'Center Zone'),(7387,'Rigth Zone'),(7388,'Bottom-Left Zone'),(7389,'Bottom-Right Zone'),(7390,'Bottom Zone'),(7392,'Top-Left Zone'),(7393,'Top-Right Zone'),(7395,'Center Zone'),(7396,'Rigth Zone'),(7397,'Bottom-Left Zone'),(7398,'Bottom-Right Zone'),(7399,'Bottom Zone'),(7401,'Top-Left Zone'),(7402,'Top-Right Zone'),(7404,'Center Zone'),(7405,'Rigth Zone'),(7406,'Bottom-Left Zone'),(7407,'Bottom-Right Zone'),(7408,'Bottom Zone'),(7410,'Top-Left Zone'),(7411,'Top-Right Zone'),(7413,'Center Zone'),(7414,'Rigth Zone'),(7415,'Bottom-Left Zone'),(7416,'Bottom-Right Zone'),(7417,'Bottom Zone'),(7419,'Top-Left Zone'),(7420,'Top-Right Zone'),(7422,'Center Zone'),(7423,'Rigth Zone'),(7424,'Bottom-Left Zone'),(7425,'Bottom-Right Zone'),(7426,'Bottom Zone'),(7428,'Top-Left Zone'),(7429,'Top-Right Zone'),(7431,'Center Zone'),(7432,'Rigth Zone'),(7433,'Bottom-Left Zone'),(7434,'Bottom-Right Zone'),(7435,'Bottom Zone'),(7437,'Top-Left Zone'),(7438,'Top-Right Zone'),(7440,'Center Zone'),(7441,'Rigth Zone'),(7442,'Bottom-Left Zone'),(7443,'Bottom-Right Zone'),(7444,'Bottom Zone'),(7446,'Top-Left Zone'),(7447,'Top-Right Zone'),(7449,'Center Zone'),(7450,'Rigth Zone'),(7451,'Bottom-Left Zone'),(7452,'Bottom-Right Zone'),(7453,'Bottom Zone'),(7455,'Top-Left Zone'),(7456,'Top-Right Zone'),(7458,'Center Zone'),(7459,'Rigth Zone'),(7460,'Bottom-Left Zone'),(7461,'Bottom-Right Zone'),(7462,'Bottom Zone'),(7464,'Top-Left Zone'),(7465,'Top-Right Zone'),(7467,'Center Zone'),(7468,'Rigth Zone'),(7469,'Bottom-Left Zone'),(7470,'Bottom-Right Zone'),(7471,'Bottom Zone'),(7473,'Top-Left Zone'),(7474,'Top-Right Zone'),(7476,'Center Zone'),(7477,'Rigth Zone'),(7478,'Bottom-Left Zone'),(7479,'Bottom-Right Zone'),(7480,'Bottom Zone'),(7482,'Top-Left Zone'),(7483,'Top-Right Zone'),(7485,'Center Zone'),(7486,'Rigth Zone'),(7487,'Bottom-Left Zone'),(7488,'Bottom-Right Zone'),(7489,'Bottom Zone'),(7491,'Top-Left Zone'),(7492,'Top-Right Zone'),(7494,'Center Zone'),(7495,'Rigth Zone'),(7496,'Bottom-Left Zone'),(7497,'Bottom-Right Zone'),(7498,'Bottom Zone'),(7500,'Top-Left Zone'),(7501,'Top-Right Zone'),(7503,'Center Zone'),(7504,'Rigth Zone'),(7505,'Bottom-Left Zone'),(7506,'Bottom-Right Zone'),(7507,'Bottom Zone'),(7509,'Top-Left Zone'),(7510,'Top-Right Zone'),(7512,'Center Zone'),(7513,'Rigth Zone'),(7514,'Bottom-Left Zone'),(7515,'Bottom-Right Zone'),(7516,'Bottom Zone'),(7518,'Top-Left Zone'),(7519,'Top-Right Zone'),(7521,'Center Zone'),(7522,'Rigth Zone'),(7523,'Bottom-Left Zone'),(7524,'Bottom-Right Zone'),(7525,'Bottom Zone'),(7527,'Top-Left Zone'),(7528,'Top-Right Zone'),(7530,'Center Zone'),(7531,'Rigth Zone'),(7532,'Bottom-Left Zone'),(7533,'Bottom-Right Zone'),(7534,'Bottom Zone'),(7536,'Top-Left Zone'),(7537,'Top-Right Zone'),(7539,'Center Zone'),(7540,'Rigth Zone'),(7541,'Bottom-Left Zone'),(7542,'Bottom-Right Zone'),(7543,'Bottom Zone'),(7545,'Top-Left Zone'),(7546,'Top-Right Zone'),(7548,'Center Zone'),(7549,'Rigth Zone'),(7550,'Bottom-Left Zone'),(7551,'Bottom-Right Zone'),(7552,'Bottom Zone'),(7554,'Top-Left Zone'),(7555,'Top-Right Zone'),(7557,'Center Zone'),(7558,'Rigth Zone'),(7559,'Bottom-Left Zone'),(7560,'Bottom-Right Zone'),(7561,'Bottom Zone'),(7563,'Top-Left Zone'),(7564,'Top-Right Zone'),(7566,'Center Zone'),(7567,'Rigth Zone'),(7568,'Bottom-Left Zone'),(7569,'Bottom-Right Zone'),(7570,'Bottom Zone'),(7572,'Top-Left Zone'),(7573,'Top-Right Zone'),(7575,'Center Zone'),(7576,'Rigth Zone'),(7577,'Bottom-Left Zone'),(7578,'Bottom-Right Zone'),(7579,'Bottom Zone'),(7581,'Top-Left Zone'),(7582,'Top-Right Zone'),(7584,'Center Zone'),(7585,'Rigth Zone'),(7586,'Bottom-Left Zone'),(7587,'Bottom-Right Zone'),(7588,'Bottom Zone'),(7590,'Top-Left Zone'),(7591,'Top-Right Zone'),(7593,'Center Zone'),(7594,'Rigth Zone'),(7595,'Bottom-Left Zone'),(7596,'Bottom-Right Zone'),(7597,'Bottom Zone'),(7599,'Top-Left Zone'),(7600,'Top-Right Zone'),(7602,'Center Zone'),(7603,'Rigth Zone'),(7604,'Bottom-Left Zone'),(7605,'Bottom-Right Zone'),(7606,'Bottom Zone'),(7608,'Top-Left Zone'),(7609,'Top-Right Zone'),(7611,'Center Zone'),(7612,'Rigth Zone'),(7613,'Bottom-Left Zone'),(7614,'Bottom-Right Zone'),(7615,'Bottom Zone'),(7617,'Top-Left Zone'),(7618,'Top-Right Zone'),(7620,'Center Zone'),(7621,'Rigth Zone'),(7622,'Bottom-Left Zone'),(7623,'Bottom-Right Zone'),(7624,'Bottom Zone'),(7626,'Top-Left Zone'),(7627,'Top-Right Zone'),(7629,'Center Zone'),(7630,'Rigth Zone'),(7631,'Bottom-Left Zone'),(7632,'Bottom-Right Zone'),(7633,'Bottom Zone'),(7635,'Top-Left Zone'),(7636,'Top-Right Zone'),(7638,'Center Zone'),(7639,'Rigth Zone'),(7640,'Bottom-Left Zone'),(7641,'Bottom-Right Zone'),(7642,'Bottom Zone'),(7644,'Top-Left Zone'),(7645,'Top-Right Zone'),(7647,'Center Zone'),(7648,'Rigth Zone'),(7649,'Bottom-Left Zone'),(7650,'Bottom-Right Zone'),(7651,'Bottom Zone'),(7653,'Top-Left Zone'),(7654,'Top-Right Zone'),(7656,'Center Zone'),(7657,'Rigth Zone'),(7658,'Bottom-Left Zone'),(7659,'Bottom-Right Zone'),(7660,'Bottom Zone'),(7662,'Top-Left Zone'),(7663,'Top-Right Zone'),(7665,'Center Zone'),(7666,'Rigth Zone'),(7667,'Bottom-Left Zone'),(7668,'Bottom-Right Zone'),(7669,'Bottom Zone'),(7671,'Top-Left Zone'),(7672,'Top-Right Zone'),(7674,'Center Zone'),(7675,'Rigth Zone'),(7676,'Bottom-Left Zone'),(7677,'Bottom-Right Zone'),(7678,'Bottom Zone'),(7680,'Top-Left Zone'),(7681,'Top-Right Zone'),(7683,'Center Zone'),(7684,'Rigth Zone'),(7685,'Bottom-Left Zone'),(7686,'Bottom-Right Zone'),(7687,'Bottom Zone'),(7689,'Top-Left Zone'),(7690,'Top-Right Zone'),(7692,'Center Zone'),(7693,'Rigth Zone'),(7694,'Bottom-Left Zone'),(7695,'Bottom-Right Zone'),(7696,'Bottom Zone'),(7698,'Top-Left Zone'),(7699,'Top-Right Zone'),(7701,'Center Zone'),(7702,'Rigth Zone'),(7703,'Bottom-Left Zone'),(7704,'Bottom-Right Zone'),(7705,'Bottom Zone'),(7707,'Top-Left Zone'),(7708,'Top-Right Zone'),(7710,'Center Zone'),(7711,'Rigth Zone'),(7712,'Bottom-Left Zone'),(7713,'Bottom-Right Zone'),(7714,'Bottom Zone'),(7716,'Top-Left Zone'),(7717,'Top-Right Zone'),(7719,'Center Zone'),(7720,'Rigth Zone'),(7721,'Bottom-Left Zone'),(7722,'Bottom-Right Zone'),(7723,'Bottom Zone'),(7725,'Top-Left Zone'),(7726,'Top-Right Zone'),(7728,'Center Zone'),(7729,'Rigth Zone'),(7730,'Bottom-Left Zone'),(7731,'Bottom-Right Zone'),(7732,'Bottom Zone'),(7734,'Top-Left Zone'),(7735,'Top-Right Zone'),(7737,'Center Zone'),(7738,'Rigth Zone'),(7739,'Bottom-Left Zone'),(7740,'Bottom-Right Zone'),(7741,'Bottom Zone'),(7743,'Top-Left Zone'),(7744,'Top-Right Zone'),(7746,'Center Zone'),(7747,'Rigth Zone'),(7748,'Bottom-Left Zone'),(7749,'Bottom-Right Zone'),(7750,'Bottom Zone'),(7752,'Top-Left Zone'),(7753,'Top-Right Zone'),(7755,'Center Zone'),(7756,'Rigth Zone'),(7757,'Bottom-Left Zone'),(7758,'Bottom-Right Zone'),(7759,'Bottom Zone'),(7761,'Top-Left Zone'),(7762,'Top-Right Zone'),(7764,'Center Zone'),(7765,'Rigth Zone'),(7766,'Bottom-Left Zone'),(7767,'Bottom-Right Zone'),(7768,'Bottom Zone'),(7770,'Top-Left Zone'),(7771,'Top-Right Zone'),(7773,'Center Zone'),(7774,'Rigth Zone'),(7775,'Bottom-Left Zone'),(7776,'Bottom-Right Zone'),(7777,'Bottom Zone'),(7779,'Top-Left Zone'),(7780,'Top-Right Zone'),(7782,'Center Zone'),(7783,'Rigth Zone'),(7784,'Bottom-Left Zone'),(7785,'Bottom-Right Zone'),(7786,'Bottom Zone'),(7788,'Top-Left Zone'),(7789,'Top-Right Zone'),(7791,'Center Zone'),(7792,'Rigth Zone'),(7793,'Bottom-Left Zone'),(7794,'Bottom-Right Zone'),(7795,'Bottom Zone'),(7797,'Top-Left Zone'),(7798,'Top-Right Zone'),(7800,'Center Zone'),(7801,'Rigth Zone'),(7802,'Bottom-Left Zone'),(7803,'Bottom-Right Zone'),(7804,'Bottom Zone'),(7806,'Top-Left Zone'),(7807,'Top-Right Zone'),(7809,'Center Zone'),(7810,'Rigth Zone'),(7811,'Bottom-Left Zone'),(7812,'Bottom-Right Zone'),(7813,'Bottom Zone'),(7815,'Top-Left Zone'),(7816,'Top-Right Zone'),(7818,'Center Zone'),(7819,'Rigth Zone'),(7820,'Bottom-Left Zone'),(7821,'Bottom-Right Zone'),(7822,'Bottom Zone'),(7824,'Top-Left Zone'),(7825,'Top-Right Zone'),(7827,'Center Zone'),(7828,'Rigth Zone'),(7829,'Bottom-Left Zone'),(7830,'Bottom-Right Zone'),(7831,'Bottom Zone'),(7833,'Top-Left Zone'),(7834,'Top-Right Zone'),(7836,'Center Zone'),(7837,'Rigth Zone'),(7838,'Bottom-Left Zone'),(7839,'Bottom-Right Zone'),(7840,'Bottom Zone'),(7842,'Top-Left Zone'),(7843,'Top-Right Zone'),(7845,'Center Zone'),(7846,'Rigth Zone'),(7847,'Bottom-Left Zone'),(7848,'Bottom-Right Zone'),(7849,'Bottom Zone'),(7851,'Top-Left Zone'),(7852,'Top-Right Zone'),(7854,'Center Zone'),(7855,'Rigth Zone'),(7856,'Bottom-Left Zone'),(7857,'Bottom-Right Zone'),(7858,'Bottom Zone'),(7860,'Top-Left Zone'),(7861,'Top-Right Zone'),(7863,'Center Zone'),(7864,'Rigth Zone'),(7865,'Bottom-Left Zone'),(7866,'Bottom-Right Zone'),(7867,'Bottom Zone'),(7869,'Top-Left Zone'),(7870,'Top-Right Zone'),(7872,'Center Zone'),(7873,'Rigth Zone'),(7874,'Bottom-Left Zone'),(7875,'Bottom-Right Zone'),(7876,'Bottom Zone'),(7878,'Top-Left Zone'),(7879,'Top-Right Zone'),(7881,'Center Zone'),(7882,'Rigth Zone'),(7883,'Bottom-Left Zone'),(7884,'Bottom-Right Zone'),(7885,'Bottom Zone'),(7887,'Top-Left Zone'),(7888,'Top-Right Zone'),(7890,'Center Zone'),(7891,'Rigth Zone'),(7892,'Bottom-Left Zone'),(7893,'Bottom-Right Zone'),(7894,'Bottom Zone'),(7896,'Top-Left Zone'),(7897,'Top-Right Zone'),(7899,'Center Zone'),(7900,'Rigth Zone'),(7901,'Bottom-Left Zone'),(7902,'Bottom-Right Zone'),(7903,'Bottom Zone'),(7905,'Top-Left Zone'),(7906,'Top-Right Zone'),(7908,'Center Zone'),(7909,'Rigth Zone'),(7910,'Bottom-Left Zone'),(7911,'Bottom-Right Zone'),(7912,'Bottom Zone'),(7914,'Top-Left Zone'),(7915,'Top-Right Zone'),(7917,'Center Zone'),(7918,'Rigth Zone'),(7919,'Bottom-Left Zone'),(7920,'Bottom-Right Zone'),(7921,'Bottom Zone'),(7923,'Top-Left Zone'),(7924,'Top-Right Zone'),(7926,'Center Zone'),(7927,'Rigth Zone'),(7928,'Bottom-Left Zone'),(7929,'Bottom-Right Zone'),(7930,'Bottom Zone'),(7932,'Top-Left Zone'),(7933,'Top-Right Zone'),(7935,'Center Zone'),(7936,'Rigth Zone'),(7937,'Bottom-Left Zone'),(7938,'Bottom-Right Zone'),(7939,'Bottom Zone'),(7941,'Top-Left Zone'),(7942,'Top-Right Zone'),(7943,'Left Zone'),(7944,'Center Zone'),(7945,'Rigth Zone'),(7946,'Bottom-Left Zone'),(7947,'Bottom-Right Zone'),(7948,'Bottom Zone'),(7950,'Top-Left Zone'),(7951,'Top-Right Zone'),(7952,'Left Zone'),(7953,'Center Zone'),(7954,'Rigth Zone'),(7955,'Bottom-Left Zone'),(7956,'Bottom-Right Zone'),(7957,'Bottom Zone'),(7959,'Top-Left Zone'),(7960,'Top-Right Zone'),(7961,'Left Zone'),(7962,'Center Zone'),(7963,'Rigth Zone'),(7964,'Bottom-Left Zone'),(7965,'Bottom-Right Zone'),(7966,'Bottom Zone'),(7968,'Top-Left Zone'),(7969,'Top-Right Zone'),(7971,'Center Zone'),(7972,'Rigth Zone'),(7973,'Bottom-Left Zone'),(7974,'Bottom-Right Zone'),(7975,'Bottom Zone'),(7977,'Top-Left Zone'),(7978,'Top-Right Zone'),(7980,'Center Zone'),(7981,'Rigth Zone'),(7982,'Bottom-Left Zone'),(7983,'Bottom-Right Zone'),(7984,'Bottom Zone'),(7986,'Top-Left Zone'),(7987,'Top-Right Zone'),(7989,'Center Zone'),(7990,'Rigth Zone'),(7991,'Bottom-Left Zone'),(7992,'Bottom-Right Zone'),(7993,'Bottom Zone'),(7995,'Top-Left Zone'),(7996,'Top-Right Zone'),(7998,'Center Zone'),(7999,'Rigth Zone'),(8000,'Bottom-Left Zone'),(8001,'Bottom-Right Zone'),(8002,'Bottom Zone'),(8004,'Top-Left Zone'),(8005,'Top-Right Zone'),(8007,'Center Zone'),(8008,'Rigth Zone'),(8009,'Bottom-Left Zone'),(8010,'Bottom-Right Zone'),(8011,'Bottom Zone'),(8013,'Top-Left Zone'),(8014,'Top-Right Zone'),(8016,'Center Zone'),(8017,'Rigth Zone'),(8018,'Bottom-Left Zone'),(8019,'Bottom-Right Zone'),(8020,'Bottom Zone'),(8022,'Top-Left Zone'),(8023,'Top-Right Zone'),(8025,'Center Zone'),(8026,'Rigth Zone'),(8027,'Bottom-Left Zone'),(8028,'Bottom-Right Zone'),(8029,'Bottom Zone'),(8031,'Top-Left Zone'),(8032,'Top-Right Zone'),(8034,'Center Zone'),(8035,'Rigth Zone'),(8036,'Bottom-Left Zone'),(8037,'Bottom-Right Zone'),(8038,'Bottom Zone'),(8040,'Top-Left Zone'),(8041,'Top-Right Zone'),(8043,'Center Zone'),(8044,'Rigth Zone'),(8045,'Bottom-Left Zone'),(8046,'Bottom-Right Zone'),(8047,'Bottom Zone'),(8049,'Top-Left Zone'),(8050,'Top-Right Zone'),(8052,'Center Zone'),(8053,'Rigth Zone'),(8054,'Bottom-Left Zone'),(8055,'Bottom-Right Zone'),(8056,'Bottom Zone'),(8058,'Top-Left Zone'),(8059,'Top-Right Zone'),(8061,'Center Zone'),(8062,'Rigth Zone'),(8063,'Bottom-Left Zone'),(8064,'Bottom-Right Zone'),(8065,'Bottom Zone'),(8067,'Top-Left Zone'),(8068,'Top-Right Zone'),(8070,'Center Zone'),(8071,'Rigth Zone'),(8072,'Bottom-Left Zone'),(8073,'Bottom-Right Zone'),(8074,'Bottom Zone'),(8076,'Top-Left Zone'),(8077,'Top-Right Zone'),(8079,'Center Zone'),(8080,'Rigth Zone'),(8081,'Bottom-Left Zone'),(8082,'Bottom-Right Zone'),(8083,'Bottom Zone'),(8085,'Top-Left Zone'),(8086,'Top-Right Zone'),(8088,'Center Zone'),(8089,'Rigth Zone'),(8090,'Bottom-Left Zone'),(8091,'Bottom-Right Zone'),(8092,'Bottom Zone'),(8094,'Top-Left Zone'),(8095,'Top-Right Zone'),(8097,'Center Zone'),(8098,'Rigth Zone'),(8099,'Bottom-Left Zone'),(8100,'Bottom-Right Zone'),(8101,'Bottom Zone'),(8103,'Top-Left Zone'),(8104,'Top-Right Zone'),(8106,'Center Zone'),(8107,'Rigth Zone'),(8108,'Bottom-Left Zone'),(8109,'Bottom-Right Zone'),(8110,'Bottom Zone'),(8112,'Top-Left Zone'),(8113,'Top-Right Zone'),(8115,'Center Zone'),(8116,'Rigth Zone'),(8117,'Bottom-Left Zone'),(8118,'Bottom-Right Zone'),(8119,'Bottom Zone'),(8121,'Top-Left Zone'),(8122,'Top-Right Zone'),(8124,'Center Zone'),(8125,'Rigth Zone'),(8126,'Bottom-Left Zone'),(8127,'Bottom-Right Zone'),(8128,'Bottom Zone'),(8130,'Top-Left Zone'),(8131,'Top-Right Zone'),(8133,'Center Zone'),(8134,'Rigth Zone'),(8135,'Bottom-Left Zone'),(8136,'Bottom-Right Zone'),(8137,'Bottom Zone'),(8139,'Top-Left Zone'),(8140,'Top-Right Zone'),(8142,'Center Zone'),(8143,'Rigth Zone'),(8144,'Bottom-Left Zone'),(8145,'Bottom-Right Zone'),(8146,'Bottom Zone'),(8148,'Top-Left Zone'),(8149,'Top-Right Zone'),(8151,'Center Zone'),(8152,'Rigth Zone'),(8153,'Bottom-Left Zone'),(8154,'Bottom-Right Zone'),(8155,'Bottom Zone'),(8157,'Top-Left Zone'),(8158,'Top-Right Zone'),(8160,'Center Zone'),(8161,'Rigth Zone'),(8162,'Bottom-Left Zone'),(8163,'Bottom-Right Zone'),(8164,'Bottom Zone'),(8166,'Top-Left Zone'),(8167,'Top-Right Zone'),(8169,'Center Zone'),(8170,'Rigth Zone'),(8171,'Bottom-Left Zone'),(8172,'Bottom-Right Zone'),(8173,'Bottom Zone'),(8174,'default'),(8175,'default'),(8176,'Top Zone'),(8177,'Top-Left Zone'),(8178,'Top-Right Zone'),(8179,'Left Zone'),(8180,'Center Zone'),(8181,'Rigth Zone'),(8182,'Bottom-Left Zone'),(8183,'Bottom-Right Zone'),(8184,'Bottom Zone'),(8186,'Top-Left Zone'),(8187,'Top-Right Zone'),(8188,'Left Zone'),(8189,'Center Zone'),(8190,'Rigth Zone'),(8191,'Bottom-Left Zone'),(8192,'Bottom-Right Zone'),(8193,'Bottom Zone'),(8194,'Top Zone'),(8195,'Top-Left Zone'),(8196,'Top-Right Zone'),(8197,'Left Zone'),(8198,'Center Zone'),(8199,'Rigth Zone'),(8200,'Bottom-Left Zone'),(8201,'Bottom-Right Zone'),(8202,'Bottom Zone'),(8203,'Top Zone'),(8204,'Top-Left Zone'),(8205,'Top-Right Zone'),(8206,'Left Zone'),(8207,'Center Zone'),(8208,'Rigth Zone'),(8209,'Bottom-Left Zone'),(8210,'Bottom-Right Zone'),(8211,'Bottom Zone'),(8212,'default'),(8213,'default'),(8214,'default'),(8215,'default'),(8217,'Top-Left Zone'),(8218,'Top-Right Zone'),(8220,'Center Zone'),(8221,'Rigth Zone'),(8222,'Bottom-Left Zone'),(8223,'Bottom-Right Zone'),(8224,'Bottom Zone'),(8226,'Top-Left Zone'),(8227,'Top-Right Zone'),(8229,'Center Zone'),(8230,'Rigth Zone'),(8231,'Bottom-Left Zone'),(8232,'Bottom-Right Zone'),(8233,'Bottom Zone'),(8235,'Top-Left Zone'),(8236,'Top-Right Zone'),(8238,'Center Zone'),(8239,'Rigth Zone'),(8240,'Bottom-Left Zone'),(8241,'Bottom-Right Zone'),(8242,'Bottom Zone'),(8244,'Top-Left Zone'),(8245,'Top-Right Zone'),(8247,'Center Zone'),(8248,'Rigth Zone'),(8249,'Bottom-Left Zone'),(8250,'Bottom-Right Zone'),(8251,'Bottom Zone'),(8253,'Top-Left Zone'),(8254,'Top-Right Zone'),(8256,'Center Zone'),(8257,'Rigth Zone'),(8258,'Bottom-Left Zone'),(8259,'Bottom-Right Zone'),(8260,'Bottom Zone'),(8262,'Top-Left Zone'),(8263,'Top-Right Zone'),(8264,'Left Zone'),(8265,'Center Zone'),(8266,'Rigth Zone'),(8267,'Bottom-Left Zone'),(8268,'Bottom-Right Zone'),(8269,'Bottom Zone'),(8271,'Top-Left Zone'),(8272,'Top-Right Zone'),(8273,'Left Zone'),(8274,'Center Zone'),(8276,'Bottom-Left Zone'),(8277,'Bottom-Right Zone'),(8278,'Bottom Zone'),(8279,'Top Zone'),(8280,'Top-Left Zone'),(8281,'Top-Right Zone'),(8282,'Left Zone'),(8283,'Center Zone'),(8284,'Rigth Zone'),(8285,'Bottom-Left Zone'),(8286,'Bottom-Right Zone'),(8287,'Bottom Zone'),(8289,'Top-Left Zone'),(8290,'Top-Right Zone'),(8292,'Center Zone'),(8293,'Rigth Zone'),(8294,'Bottom-Left Zone'),(8295,'Bottom-Right Zone'),(8296,'Bottom Zone'),(8298,'Top-Left Zone'),(8299,'Top-Right Zone'),(8301,'Center Zone'),(8302,'Rigth Zone'),(8303,'Bottom-Left Zone'),(8304,'Bottom-Right Zone'),(8305,'Bottom Zone'),(8307,'Top-Left Zone'),(8308,'Top-Right Zone'),(8310,'Center Zone'),(8311,'Rigth Zone'),(8312,'Bottom-Left Zone'),(8313,'Bottom-Right Zone'),(8314,'Bottom Zone'),(8316,'Top-Left Zone'),(8317,'Top-Right Zone'),(8319,'Center Zone'),(8320,'Rigth Zone'),(8321,'Bottom-Left Zone'),(8322,'Bottom-Right Zone'),(8323,'Bottom Zone'),(8325,'Top-Left Zone'),(8326,'Top-Right Zone'),(8328,'Center Zone'),(8329,'Rigth Zone'),(8330,'Bottom-Left Zone'),(8331,'Bottom-Right Zone'),(8332,'Bottom Zone'),(8334,'Top-Left Zone'),(8335,'Top-Right Zone'),(8337,'Center Zone'),(8338,'Rigth Zone'),(8339,'Bottom-Left Zone'),(8340,'Bottom-Right Zone'),(8341,'Bottom Zone'),(8343,'Top-Left Zone'),(8344,'Top-Right Zone'),(8346,'Center Zone'),(8347,'Rigth Zone'),(8348,'Bottom-Left Zone'),(8349,'Bottom-Right Zone'),(8350,'Bottom Zone'),(8352,'Top-Left Zone'),(8353,'Top-Right Zone'),(8355,'Center Zone'),(8356,'Rigth Zone'),(8357,'Bottom-Left Zone'),(8358,'Bottom-Right Zone'),(8359,'Bottom Zone'),(8361,'Top-Left Zone'),(8362,'Top-Right Zone'),(8364,'Center Zone'),(8365,'Rigth Zone'),(8366,'Bottom-Left Zone'),(8367,'Bottom-Right Zone'),(8368,'Bottom Zone'),(8370,'Top-Left Zone'),(8371,'Top-Right Zone'),(8373,'Center Zone'),(8374,'Rigth Zone'),(8375,'Bottom-Left Zone'),(8376,'Bottom-Right Zone'),(8377,'Bottom Zone'),(8379,'Top-Left Zone'),(8380,'Top-Right Zone'),(8382,'Center Zone'),(8383,'Rigth Zone'),(8384,'Bottom-Left Zone'),(8385,'Bottom-Right Zone'),(8386,'Bottom Zone'),(8388,'Top-Left Zone'),(8389,'Top-Right Zone'),(8391,'Center Zone'),(8392,'Rigth Zone'),(8393,'Bottom-Left Zone'),(8394,'Bottom-Right Zone'),(8395,'Bottom Zone'),(8397,'Top-Left Zone'),(8398,'Top-Right Zone'),(8400,'Center Zone'),(8401,'Rigth Zone'),(8402,'Bottom-Left Zone'),(8403,'Bottom-Right Zone'),(8404,'Bottom Zone'),(8406,'Top-Left Zone'),(8407,'Top-Right Zone'),(8409,'Center Zone'),(8410,'Rigth Zone'),(8411,'Bottom-Left Zone'),(8412,'Bottom-Right Zone'),(8413,'Bottom Zone'),(8415,'Top-Left Zone'),(8416,'Top-Right Zone'),(8418,'Center Zone'),(8419,'Rigth Zone'),(8420,'Bottom-Left Zone'),(8421,'Bottom-Right Zone'),(8422,'Bottom Zone'),(8424,'Top-Left Zone'),(8425,'Top-Right Zone'),(8427,'Center Zone'),(8428,'Rigth Zone'),(8429,'Bottom-Left Zone'),(8430,'Bottom-Right Zone'),(8431,'Bottom Zone'),(8434,'Top-Left Zone'),(8435,'Top-Right Zone'),(8436,'Left Zone'),(8437,'Center Zone'),(8439,'Bottom-Left Zone'),(8440,'Bottom-Right Zone'),(8441,'Bottom Zone'),(8442,'Top Zone'),(8443,'Top-Left Zone'),(8444,'Top-Right Zone'),(8445,'Left Zone'),(8446,'Center Zone'),(8447,'Rigth Zone'),(8448,'Bottom-Left Zone'),(8449,'Bottom-Right Zone'),(8450,'Bottom Zone'),(8452,'Top-Left Zone'),(8453,'Top-Right Zone'),(8455,'Center Zone'),(8456,'Rigth Zone'),(8457,'Bottom-Left Zone'),(8458,'Bottom-Right Zone'),(8459,'Bottom Zone'),(8461,'Top-Left Zone'),(8462,'Top-Right Zone'),(8464,'Center Zone'),(8465,'Rigth Zone'),(8466,'Bottom-Left Zone'),(8467,'Bottom-Right Zone'),(8468,'Bottom Zone'),(8470,'Top-Left Zone'),(8471,'Top-Right Zone'),(8473,'Center Zone'),(8474,'Rigth Zone'),(8475,'Bottom-Left Zone'),(8476,'Bottom-Right Zone'),(8477,'Bottom Zone'),(8478,'Top Zone'),(8479,'Top-Left Zone'),(8480,'Top-Right Zone'),(8481,'Left Zone'),(8482,'Center Zone'),(8483,'Rigth Zone'),(8484,'Bottom-Left Zone'),(8485,'Bottom-Right Zone'),(8486,'Bottom Zone'),(8489,'default'),(8491,'Top-Left Zone'),(8492,'Top-Right Zone'),(8494,'Center Zone'),(8495,'Rigth Zone'),(8496,'Bottom-Left Zone'),(8497,'Bottom-Right Zone'),(8498,'Bottom Zone'),(8500,'Top-Left Zone'),(8501,'Top-Right Zone'),(8503,'Center Zone'),(8504,'Rigth Zone'),(8505,'Bottom-Left Zone'),(8506,'Bottom-Right Zone'),(8507,'Bottom Zone'),(8508,'Top Zone'),(8509,'Top-Left Zone'),(8510,'Top-Right Zone'),(8511,'Left Zone'),(8512,'Center Zone'),(8513,'Rigth Zone'),(8514,'Bottom-Left Zone'),(8515,'Bottom-Right Zone'),(8516,'Bottom Zone'),(8521,'Center Zone'),(8522,'Rigth Zone'),(8523,'Bottom-Left Zone'),(8524,'Bottom-Right Zone'),(8525,'Bottom Zone'),(8528,'Top-Right Zone'),(8531,'Rigth Zone'),(8532,'Bottom-Left Zone'),(8533,'Bottom-Right Zone'),(8534,'Bottom Zone'),(8537,'Top-Right Zone'),(8540,'Rigth Zone'),(8541,'Bottom-Left Zone'),(8542,'Bottom-Right Zone'),(8543,'Bottom Zone'),(8546,'Top-Right Zone'),(8549,'Rigth Zone'),(8550,'Bottom-Left Zone'),(8551,'Bottom-Right Zone'),(8552,'Bottom Zone'),(8557,'Center Zone'),(8558,'Rigth Zone'),(8559,'Bottom-Left Zone'),(8560,'Bottom-Right Zone'),(8561,'Bottom Zone'),(8566,'Center Zone'),(8567,'Rigth Zone'),(8568,'Bottom-Left Zone'),(8569,'Bottom-Right Zone'),(8570,'Bottom Zone'),(8576,'Rigth Zone'),(8577,'Bottom-Left Zone'),(8578,'Bottom-Right Zone'),(8579,'Bottom Zone'),(8585,'Rigth Zone'),(8586,'Bottom-Left Zone'),(8587,'Bottom-Right Zone'),(8588,'Bottom Zone'),(8594,'Rigth Zone'),(8595,'Bottom-Left Zone'),(8596,'Bottom-Right Zone'),(8597,'Bottom Zone'),(8603,'Rigth Zone'),(8604,'Bottom-Left Zone'),(8605,'Bottom-Right Zone'),(8606,'Bottom Zone'),(8612,'Rigth Zone'),(8613,'Bottom-Left Zone'),(8614,'Bottom-Right Zone'),(8615,'Bottom Zone'),(8621,'Rigth Zone'),(8622,'Bottom-Left Zone'),(8623,'Bottom-Right Zone'),(8624,'Bottom Zone'),(8630,'Rigth Zone'),(8631,'Bottom-Left Zone'),(8632,'Bottom-Right Zone'),(8633,'Bottom Zone'),(8639,'Rigth Zone'),(8640,'Bottom-Left Zone'),(8641,'Bottom-Right Zone'),(8642,'Bottom Zone'),(8648,'Rigth Zone'),(8649,'Bottom-Left Zone'),(8650,'Bottom-Right Zone'),(8651,'Bottom Zone'),(8657,'Rigth Zone'),(8658,'Bottom-Left Zone'),(8659,'Bottom-Right Zone'),(8660,'Bottom Zone'),(8666,'Rigth Zone'),(8667,'Bottom-Left Zone'),(8668,'Bottom-Right Zone'),(8669,'Bottom Zone'),(8675,'Rigth Zone'),(8676,'Bottom-Left Zone'),(8677,'Bottom-Right Zone'),(8678,'Bottom Zone'),(8684,'Rigth Zone'),(8685,'Bottom-Left Zone'),(8686,'Bottom-Right Zone'),(8687,'Bottom Zone'),(8693,'Rigth Zone'),(8694,'Bottom-Left Zone'),(8695,'Bottom-Right Zone'),(8696,'Bottom Zone'),(8702,'Rigth Zone'),(8703,'Bottom-Left Zone'),(8704,'Bottom-Right Zone'),(8705,'Bottom Zone'),(8711,'Rigth Zone'),(8712,'Bottom-Left Zone'),(8713,'Bottom-Right Zone'),(8714,'Bottom Zone'),(8720,'Rigth Zone'),(8721,'Bottom-Left Zone'),(8722,'Bottom-Right Zone'),(8723,'Bottom Zone'),(8729,'Rigth Zone'),(8730,'Bottom-Left Zone'),(8731,'Bottom-Right Zone'),(8732,'Bottom Zone'),(8738,'Rigth Zone'),(8739,'Bottom-Left Zone'),(8740,'Bottom-Right Zone'),(8741,'Bottom Zone'),(8747,'Rigth Zone'),(8748,'Bottom-Left Zone'),(8749,'Bottom-Right Zone'),(8750,'Bottom Zone'),(8756,'Rigth Zone'),(8757,'Bottom-Left Zone'),(8758,'Bottom-Right Zone'),(8759,'Bottom Zone'),(8765,'Rigth Zone'),(8766,'Bottom-Left Zone'),(8767,'Bottom-Right Zone'),(8768,'Bottom Zone'),(8774,'Rigth Zone'),(8775,'Bottom-Left Zone'),(8776,'Bottom-Right Zone'),(8777,'Bottom Zone'),(8783,'Rigth Zone'),(8784,'Bottom-Left Zone'),(8785,'Bottom-Right Zone'),(8786,'Bottom Zone'),(8792,'Rigth Zone'),(8793,'Bottom-Left Zone'),(8794,'Bottom-Right Zone'),(8795,'Bottom Zone'),(8801,'Rigth Zone'),(8802,'Bottom-Left Zone'),(8803,'Bottom-Right Zone'),(8804,'Bottom Zone'),(8810,'Rigth Zone'),(8811,'Bottom-Left Zone'),(8812,'Bottom-Right Zone'),(8813,'Bottom Zone'),(8819,'Rigth Zone'),(8820,'Bottom-Left Zone'),(8821,'Bottom-Right Zone'),(8822,'Bottom Zone'),(8828,'Rigth Zone'),(8829,'Bottom-Left Zone'),(8830,'Bottom-Right Zone'),(8831,'Bottom Zone'),(8837,'Rigth Zone'),(8838,'Bottom-Left Zone'),(8839,'Bottom-Right Zone'),(8840,'Bottom Zone'),(8846,'Rigth Zone'),(8847,'Bottom-Left Zone'),(8848,'Bottom-Right Zone'),(8849,'Bottom Zone'),(8855,'Rigth Zone'),(8856,'Bottom-Left Zone'),(8857,'Bottom-Right Zone'),(8858,'Bottom Zone'),(8864,'Rigth Zone'),(8865,'Bottom-Left Zone'),(8866,'Bottom-Right Zone'),(8867,'Bottom Zone'),(8873,'Rigth Zone'),(8874,'Bottom-Left Zone'),(8875,'Bottom-Right Zone'),(8876,'Bottom Zone'),(8882,'Rigth Zone'),(8883,'Bottom-Left Zone'),(8884,'Bottom-Right Zone'),(8885,'Bottom Zone'),(8891,'Rigth Zone'),(8892,'Bottom-Left Zone'),(8893,'Bottom-Right Zone'),(8894,'Bottom Zone'),(8900,'Rigth Zone'),(8901,'Bottom-Left Zone'),(8902,'Bottom-Right Zone'),(8903,'Bottom Zone'),(8909,'Rigth Zone'),(8910,'Bottom-Left Zone'),(8911,'Bottom-Right Zone'),(8912,'Bottom Zone'),(8918,'Rigth Zone'),(8919,'Bottom-Left Zone'),(8920,'Bottom-Right Zone'),(8921,'Bottom Zone'),(8927,'Rigth Zone'),(8928,'Bottom-Left Zone'),(8929,'Bottom-Right Zone'),(8930,'Bottom Zone'),(8936,'Rigth Zone'),(8937,'Bottom-Left Zone'),(8938,'Bottom-Right Zone'),(8939,'Bottom Zone'),(8945,'Rigth Zone'),(8946,'Bottom-Left Zone'),(8947,'Bottom-Right Zone'),(8948,'Bottom Zone'),(8954,'Rigth Zone'),(8955,'Bottom-Left Zone'),(8956,'Bottom-Right Zone'),(8957,'Bottom Zone'),(8963,'Rigth Zone'),(8964,'Bottom-Left Zone'),(8965,'Bottom-Right Zone'),(8966,'Bottom Zone'),(8972,'Rigth Zone'),(8973,'Bottom-Left Zone'),(8974,'Bottom-Right Zone'),(8975,'Bottom Zone'),(8981,'Rigth Zone'),(8982,'Bottom-Left Zone'),(8983,'Bottom-Right Zone'),(8984,'Bottom Zone'),(8990,'Rigth Zone'),(8991,'Bottom-Left Zone'),(8992,'Bottom-Right Zone'),(8993,'Bottom Zone'),(8999,'Rigth Zone'),(9000,'Bottom-Left Zone'),(9001,'Bottom-Right Zone'),(9002,'Bottom Zone'),(9008,'Rigth Zone'),(9009,'Bottom-Left Zone'),(9010,'Bottom-Right Zone'),(9011,'Bottom Zone'),(9017,'Rigth Zone'),(9018,'Bottom-Left Zone'),(9019,'Bottom-Right Zone'),(9020,'Bottom Zone'),(9026,'Rigth Zone'),(9027,'Bottom-Left Zone'),(9028,'Bottom-Right Zone'),(9029,'Bottom Zone'),(9035,'Rigth Zone'),(9036,'Bottom-Left Zone'),(9037,'Bottom-Right Zone'),(9038,'Bottom Zone'),(9044,'Rigth Zone'),(9045,'Bottom-Left Zone'),(9046,'Bottom-Right Zone'),(9047,'Bottom Zone'),(9053,'Rigth Zone'),(9054,'Bottom-Left Zone'),(9055,'Bottom-Right Zone'),(9056,'Bottom Zone'),(9062,'Rigth Zone'),(9063,'Bottom-Left Zone'),(9064,'Bottom-Right Zone'),(9065,'Bottom Zone'),(9071,'Rigth Zone'),(9072,'Bottom-Left Zone'),(9073,'Bottom-Right Zone'),(9074,'Bottom Zone'),(9080,'Rigth Zone'),(9081,'Bottom-Left Zone'),(9082,'Bottom-Right Zone'),(9083,'Bottom Zone'),(9089,'Rigth Zone'),(9090,'Bottom-Left Zone'),(9091,'Bottom-Right Zone'),(9092,'Bottom Zone'),(9098,'Rigth Zone'),(9099,'Bottom-Left Zone'),(9100,'Bottom-Right Zone'),(9101,'Bottom Zone'),(9107,'Rigth Zone'),(9108,'Bottom-Left Zone'),(9109,'Bottom-Right Zone'),(9110,'Bottom Zone'),(9116,'Rigth Zone'),(9117,'Bottom-Left Zone'),(9118,'Bottom-Right Zone'),(9119,'Bottom Zone'),(9125,'Rigth Zone'),(9126,'Bottom-Left Zone'),(9127,'Bottom-Right Zone'),(9128,'Bottom Zone'),(9134,'Rigth Zone'),(9135,'Bottom-Left Zone'),(9136,'Bottom-Right Zone'),(9137,'Bottom Zone'),(9143,'Rigth Zone'),(9144,'Bottom-Left Zone'),(9145,'Bottom-Right Zone'),(9146,'Bottom Zone'),(9152,'Rigth Zone'),(9153,'Bottom-Left Zone'),(9154,'Bottom-Right Zone'),(9155,'Bottom Zone'),(9161,'Rigth Zone'),(9162,'Bottom-Left Zone'),(9163,'Bottom-Right Zone'),(9164,'Bottom Zone'),(9170,'Rigth Zone'),(9171,'Bottom-Left Zone'),(9172,'Bottom-Right Zone'),(9173,'Bottom Zone'),(9179,'Rigth Zone'),(9180,'Bottom-Left Zone'),(9181,'Bottom-Right Zone'),(9182,'Bottom Zone'),(9188,'Rigth Zone'),(9189,'Bottom-Left Zone'),(9190,'Bottom-Right Zone'),(9191,'Bottom Zone'),(9197,'Rigth Zone'),(9198,'Bottom-Left Zone'),(9199,'Bottom-Right Zone'),(9200,'Bottom Zone'),(9206,'Rigth Zone'),(9207,'Bottom-Left Zone'),(9208,'Bottom-Right Zone'),(9209,'Bottom Zone'),(9215,'Rigth Zone'),(9216,'Bottom-Left Zone'),(9217,'Bottom-Right Zone'),(9218,'Bottom Zone'),(9224,'Rigth Zone'),(9225,'Bottom-Left Zone'),(9226,'Bottom-Right Zone'),(9227,'Bottom Zone'),(9233,'Rigth Zone'),(9234,'Bottom-Left Zone'),(9235,'Bottom-Right Zone'),(9236,'Bottom Zone'),(9242,'Rigth Zone'),(9243,'Bottom-Left Zone'),(9244,'Bottom-Right Zone'),(9245,'Bottom Zone'),(9251,'Rigth Zone'),(9252,'Bottom-Left Zone'),(9253,'Bottom-Right Zone'),(9254,'Bottom Zone'),(9260,'Rigth Zone'),(9261,'Bottom-Left Zone'),(9262,'Bottom-Right Zone'),(9263,'Bottom Zone'),(9269,'Rigth Zone'),(9270,'Bottom-Left Zone'),(9271,'Bottom-Right Zone'),(9272,'Bottom Zone'),(9278,'Rigth Zone'),(9279,'Bottom-Left Zone'),(9280,'Bottom-Right Zone'),(9281,'Bottom Zone'),(9287,'Rigth Zone'),(9288,'Bottom-Left Zone'),(9289,'Bottom-Right Zone'),(9290,'Bottom Zone'),(9296,'Rigth Zone'),(9297,'Bottom-Left Zone'),(9298,'Bottom-Right Zone'),(9299,'Bottom Zone'),(9305,'Rigth Zone'),(9306,'Bottom-Left Zone'),(9307,'Bottom-Right Zone'),(9308,'Bottom Zone'),(9314,'Rigth Zone'),(9315,'Bottom-Left Zone'),(9316,'Bottom-Right Zone'),(9317,'Bottom Zone'),(9323,'Rigth Zone'),(9324,'Bottom-Left Zone'),(9325,'Bottom-Right Zone'),(9326,'Bottom Zone'),(9332,'Rigth Zone'),(9333,'Bottom-Left Zone'),(9334,'Bottom-Right Zone'),(9335,'Bottom Zone'),(9341,'Rigth Zone'),(9342,'Bottom-Left Zone'),(9343,'Bottom-Right Zone'),(9344,'Bottom Zone'),(9350,'Rigth Zone'),(9351,'Bottom-Left Zone'),(9352,'Bottom-Right Zone'),(9353,'Bottom Zone'),(9359,'Rigth Zone'),(9360,'Bottom-Left Zone'),(9361,'Bottom-Right Zone'),(9362,'Bottom Zone'),(9368,'Rigth Zone'),(9369,'Bottom-Left Zone'),(9370,'Bottom-Right Zone'),(9371,'Bottom Zone'),(9377,'Rigth Zone'),(9378,'Bottom-Left Zone'),(9379,'Bottom-Right Zone'),(9380,'Bottom Zone'),(9386,'Rigth Zone'),(9387,'Bottom-Left Zone'),(9388,'Bottom-Right Zone'),(9389,'Bottom Zone'),(9395,'Rigth Zone'),(9396,'Bottom-Left Zone'),(9397,'Bottom-Right Zone'),(9398,'Bottom Zone'),(9404,'Rigth Zone'),(9405,'Bottom-Left Zone'),(9406,'Bottom-Right Zone'),(9407,'Bottom Zone'),(9413,'Rigth Zone'),(9414,'Bottom-Left Zone'),(9415,'Bottom-Right Zone'),(9416,'Bottom Zone'),(9422,'Rigth Zone'),(9423,'Bottom-Left Zone'),(9424,'Bottom-Right Zone'),(9425,'Bottom Zone'),(9431,'Rigth Zone'),(9432,'Bottom-Left Zone'),(9433,'Bottom-Right Zone'),(9434,'Bottom Zone'),(9440,'Rigth Zone'),(9441,'Bottom-Left Zone'),(9442,'Bottom-Right Zone'),(9443,'Bottom Zone'),(9449,'Rigth Zone'),(9450,'Bottom-Left Zone'),(9451,'Bottom-Right Zone'),(9452,'Bottom Zone'),(9458,'Rigth Zone'),(9459,'Bottom-Left Zone'),(9460,'Bottom-Right Zone'),(9461,'Bottom Zone'),(9467,'Rigth Zone'),(9468,'Bottom-Left Zone'),(9469,'Bottom-Right Zone'),(9470,'Bottom Zone'),(9476,'Rigth Zone'),(9477,'Bottom-Left Zone'),(9478,'Bottom-Right Zone'),(9479,'Bottom Zone'),(9485,'Rigth Zone'),(9486,'Bottom-Left Zone'),(9487,'Bottom-Right Zone'),(9488,'Bottom Zone'),(9494,'Rigth Zone'),(9495,'Bottom-Left Zone'),(9496,'Bottom-Right Zone'),(9497,'Bottom Zone'),(9503,'Rigth Zone'),(9504,'Bottom-Left Zone'),(9505,'Bottom-Right Zone'),(9506,'Bottom Zone'),(9512,'Rigth Zone'),(9513,'Bottom-Left Zone'),(9514,'Bottom-Right Zone'),(9515,'Bottom Zone'),(9521,'Rigth Zone'),(9522,'Bottom-Left Zone'),(9523,'Bottom-Right Zone'),(9524,'Bottom Zone'),(9530,'Rigth Zone'),(9531,'Bottom-Left Zone'),(9532,'Bottom-Right Zone'),(9533,'Bottom Zone'),(9539,'Rigth Zone'),(9540,'Bottom-Left Zone'),(9541,'Bottom-Right Zone'),(9542,'Bottom Zone'),(9548,'Rigth Zone'),(9549,'Bottom-Left Zone'),(9550,'Bottom-Right Zone'),(9551,'Bottom Zone'),(9557,'Rigth Zone'),(9558,'Bottom-Left Zone'),(9559,'Bottom-Right Zone'),(9560,'Bottom Zone'),(9566,'Rigth Zone'),(9567,'Bottom-Left Zone'),(9568,'Bottom-Right Zone'),(9569,'Bottom Zone'),(9575,'Rigth Zone'),(9576,'Bottom-Left Zone'),(9577,'Bottom-Right Zone'),(9578,'Bottom Zone'),(9584,'Rigth Zone'),(9585,'Bottom-Left Zone'),(9586,'Bottom-Right Zone'),(9587,'Bottom Zone'),(9593,'Rigth Zone'),(9594,'Bottom-Left Zone'),(9595,'Bottom-Right Zone'),(9596,'Bottom Zone'),(9602,'Rigth Zone'),(9603,'Bottom-Left Zone'),(9604,'Bottom-Right Zone'),(9605,'Bottom Zone'),(9611,'Rigth Zone'),(9612,'Bottom-Left Zone'),(9613,'Bottom-Right Zone'),(9614,'Bottom Zone'),(9620,'Rigth Zone'),(9621,'Bottom-Left Zone'),(9622,'Bottom-Right Zone'),(9623,'Bottom Zone'),(9629,'Rigth Zone'),(9630,'Bottom-Left Zone'),(9631,'Bottom-Right Zone'),(9632,'Bottom Zone'),(9638,'Rigth Zone'),(9639,'Bottom-Left Zone'),(9640,'Bottom-Right Zone'),(9641,'Bottom Zone'),(9647,'Rigth Zone'),(9648,'Bottom-Left Zone'),(9649,'Bottom-Right Zone'),(9650,'Bottom Zone'),(9656,'Rigth Zone'),(9657,'Bottom-Left Zone'),(9658,'Bottom-Right Zone'),(9659,'Bottom Zone'),(9665,'Rigth Zone'),(9666,'Bottom-Left Zone'),(9667,'Bottom-Right Zone'),(9668,'Bottom Zone'),(9674,'Rigth Zone'),(9675,'Bottom-Left Zone'),(9676,'Bottom-Right Zone'),(9677,'Bottom Zone'),(9683,'Rigth Zone'),(9684,'Bottom-Left Zone'),(9685,'Bottom-Right Zone'),(9686,'Bottom Zone'),(9692,'Rigth Zone'),(9693,'Bottom-Left Zone'),(9694,'Bottom-Right Zone'),(9695,'Bottom Zone'),(9701,'Rigth Zone'),(9702,'Bottom-Left Zone'),(9703,'Bottom-Right Zone'),(9704,'Bottom Zone'),(9710,'Rigth Zone'),(9711,'Bottom-Left Zone'),(9712,'Bottom-Right Zone'),(9713,'Bottom Zone'),(9719,'Rigth Zone'),(9720,'Bottom-Left Zone'),(9721,'Bottom-Right Zone'),(9722,'Bottom Zone'),(9728,'Rigth Zone'),(9729,'Bottom-Left Zone'),(9730,'Bottom-Right Zone'),(9731,'Bottom Zone'),(9737,'Rigth Zone'),(9738,'Bottom-Left Zone'),(9739,'Bottom-Right Zone'),(9740,'Bottom Zone'),(9746,'Rigth Zone'),(9747,'Bottom-Left Zone'),(9748,'Bottom-Right Zone'),(9749,'Bottom Zone'),(9755,'Rigth Zone'),(9756,'Bottom-Left Zone'),(9757,'Bottom-Right Zone'),(9758,'Bottom Zone'),(9764,'Rigth Zone'),(9765,'Bottom-Left Zone'),(9766,'Bottom-Right Zone'),(9767,'Bottom Zone'),(9773,'Rigth Zone'),(9774,'Bottom-Left Zone'),(9775,'Bottom-Right Zone'),(9776,'Bottom Zone'),(9782,'Rigth Zone'),(9783,'Bottom-Left Zone'),(9784,'Bottom-Right Zone'),(9785,'Bottom Zone'),(9791,'Rigth Zone'),(9792,'Bottom-Left Zone'),(9793,'Bottom-Right Zone'),(9794,'Bottom Zone'),(9800,'Rigth Zone'),(9801,'Bottom-Left Zone'),(9802,'Bottom-Right Zone'),(9803,'Bottom Zone'),(9809,'Rigth Zone'),(9810,'Bottom-Left Zone'),(9811,'Bottom-Right Zone'),(9812,'Bottom Zone'),(9818,'Rigth Zone'),(9819,'Bottom-Left Zone'),(9820,'Bottom-Right Zone'),(9821,'Bottom Zone'),(9827,'Rigth Zone'),(9828,'Bottom-Left Zone'),(9829,'Bottom-Right Zone'),(9830,'Bottom Zone'),(9836,'Rigth Zone'),(9837,'Bottom-Left Zone'),(9838,'Bottom-Right Zone'),(9839,'Bottom Zone'),(9845,'Rigth Zone'),(9846,'Bottom-Left Zone'),(9847,'Bottom-Right Zone'),(9848,'Bottom Zone'),(9854,'Rigth Zone'),(9855,'Bottom-Left Zone'),(9856,'Bottom-Right Zone'),(9857,'Bottom Zone'),(9863,'Rigth Zone'),(9864,'Bottom-Left Zone'),(9865,'Bottom-Right Zone'),(9866,'Bottom Zone'),(9872,'Rigth Zone'),(9873,'Bottom-Left Zone'),(9874,'Bottom-Right Zone'),(9875,'Bottom Zone'),(9881,'Rigth Zone'),(9882,'Bottom-Left Zone'),(9883,'Bottom-Right Zone'),(9884,'Bottom Zone'),(9890,'Rigth Zone'),(9891,'Bottom-Left Zone'),(9892,'Bottom-Right Zone'),(9893,'Bottom Zone'),(9899,'Rigth Zone'),(9900,'Bottom-Left Zone'),(9901,'Bottom-Right Zone'),(9902,'Bottom Zone'),(9908,'Rigth Zone'),(9909,'Bottom-Left Zone'),(9910,'Bottom-Right Zone'),(9911,'Bottom Zone'),(9917,'Rigth Zone'),(9918,'Bottom-Left Zone'),(9919,'Bottom-Right Zone'),(9920,'Bottom Zone'),(9926,'Rigth Zone'),(9927,'Bottom-Left Zone'),(9928,'Bottom-Right Zone'),(9929,'Bottom Zone'),(9935,'Rigth Zone'),(9936,'Bottom-Left Zone'),(9937,'Bottom-Right Zone'),(9938,'Bottom Zone'),(9944,'Rigth Zone'),(9945,'Bottom-Left Zone'),(9946,'Bottom-Right Zone'),(9947,'Bottom Zone'),(9953,'Rigth Zone'),(9954,'Bottom-Left Zone'),(9955,'Bottom-Right Zone'),(9956,'Bottom Zone'),(9962,'Rigth Zone'),(9963,'Bottom-Left Zone'),(9964,'Bottom-Right Zone'),(9965,'Bottom Zone'),(9971,'Rigth Zone'),(9972,'Bottom-Left Zone'),(9973,'Bottom-Right Zone'),(9974,'Bottom Zone'),(9980,'Rigth Zone'),(9981,'Bottom-Left Zone'),(9982,'Bottom-Right Zone'),(9983,'Bottom Zone'),(9989,'Rigth Zone'),(9990,'Bottom-Left Zone'),(9991,'Bottom-Right Zone'),(9992,'Bottom Zone'),(9998,'Rigth Zone'),(9999,'Bottom-Left Zone'),(10000,'Bottom-Right Zone'),(10001,'Bottom Zone'),(10007,'Rigth Zone'),(10008,'Bottom-Left Zone'),(10009,'Bottom-Right Zone'),(10010,'Bottom Zone'),(10016,'Rigth Zone'),(10017,'Bottom-Left Zone'),(10018,'Bottom-Right Zone'),(10019,'Bottom Zone'),(10025,'Rigth Zone'),(10026,'Bottom-Left Zone'),(10027,'Bottom-Right Zone'),(10028,'Bottom Zone'),(10034,'Rigth Zone'),(10035,'Bottom-Left Zone'),(10036,'Bottom-Right Zone'),(10037,'Bottom Zone'),(10043,'Rigth Zone'),(10044,'Bottom-Left Zone'),(10045,'Bottom-Right Zone'),(10046,'Bottom Zone'),(10052,'Rigth Zone'),(10053,'Bottom-Left Zone'),(10054,'Bottom-Right Zone'),(10055,'Bottom Zone'),(10061,'Rigth Zone'),(10062,'Bottom-Left Zone'),(10063,'Bottom-Right Zone'),(10064,'Bottom Zone'),(10070,'Rigth Zone'),(10071,'Bottom-Left Zone'),(10072,'Bottom-Right Zone'),(10073,'Bottom Zone'),(10079,'Rigth Zone'),(10080,'Bottom-Left Zone'),(10081,'Bottom-Right Zone'),(10082,'Bottom Zone'),(10088,'Rigth Zone'),(10089,'Bottom-Left Zone'),(10090,'Bottom-Right Zone'),(10091,'Bottom Zone'),(10097,'Rigth Zone'),(10098,'Bottom-Left Zone'),(10099,'Bottom-Right Zone'),(10100,'Bottom Zone'),(10106,'Rigth Zone'),(10107,'Bottom-Left Zone'),(10108,'Bottom-Right Zone'),(10109,'Bottom Zone'),(10115,'Rigth Zone'),(10116,'Bottom-Left Zone'),(10117,'Bottom-Right Zone'),(10118,'Bottom Zone'),(10124,'Rigth Zone'),(10125,'Bottom-Left Zone'),(10126,'Bottom-Right Zone'),(10127,'Bottom Zone'),(10133,'Rigth Zone'),(10134,'Bottom-Left Zone'),(10135,'Bottom-Right Zone'),(10136,'Bottom Zone'),(10142,'Rigth Zone'),(10143,'Bottom-Left Zone'),(10144,'Bottom-Right Zone'),(10145,'Bottom Zone'),(10151,'Rigth Zone'),(10152,'Bottom-Left Zone'),(10153,'Bottom-Right Zone'),(10154,'Bottom Zone'),(10160,'Rigth Zone'),(10161,'Bottom-Left Zone'),(10162,'Bottom-Right Zone'),(10163,'Bottom Zone'),(10169,'Rigth Zone'),(10170,'Bottom-Left Zone'),(10171,'Bottom-Right Zone'),(10172,'Bottom Zone'),(10178,'Rigth Zone'),(10179,'Bottom-Left Zone'),(10180,'Bottom-Right Zone'),(10181,'Bottom Zone'),(10187,'Rigth Zone'),(10188,'Bottom-Left Zone'),(10189,'Bottom-Right Zone'),(10190,'Bottom Zone'),(10196,'Rigth Zone'),(10197,'Bottom-Left Zone'),(10198,'Bottom-Right Zone'),(10199,'Bottom Zone'),(10205,'Rigth Zone'),(10206,'Bottom-Left Zone'),(10207,'Bottom-Right Zone'),(10208,'Bottom Zone'),(10214,'Rigth Zone'),(10215,'Bottom-Left Zone'),(10216,'Bottom-Right Zone'),(10217,'Bottom Zone'),(10223,'Rigth Zone'),(10224,'Bottom-Left Zone'),(10225,'Bottom-Right Zone'),(10226,'Bottom Zone'),(10232,'Rigth Zone'),(10233,'Bottom-Left Zone'),(10234,'Bottom-Right Zone'),(10235,'Bottom Zone'),(10241,'Rigth Zone'),(10242,'Bottom-Left Zone'),(10243,'Bottom-Right Zone'),(10244,'Bottom Zone'),(10250,'Rigth Zone'),(10251,'Bottom-Left Zone'),(10252,'Bottom-Right Zone'),(10253,'Bottom Zone'),(10259,'Rigth Zone'),(10260,'Bottom-Left Zone'),(10261,'Bottom-Right Zone'),(10262,'Bottom Zone'),(10268,'Rigth Zone'),(10269,'Bottom-Left Zone'),(10270,'Bottom-Right Zone'),(10271,'Bottom Zone'),(10277,'Rigth Zone'),(10278,'Bottom-Left Zone'),(10279,'Bottom-Right Zone'),(10280,'Bottom Zone'),(10286,'Rigth Zone'),(10287,'Bottom-Left Zone'),(10288,'Bottom-Right Zone'),(10289,'Bottom Zone'),(10295,'Rigth Zone'),(10296,'Bottom-Left Zone'),(10297,'Bottom-Right Zone'),(10298,'Bottom Zone'),(10304,'Rigth Zone'),(10305,'Bottom-Left Zone'),(10306,'Bottom-Right Zone'),(10307,'Bottom Zone'),(10313,'Rigth Zone'),(10314,'Bottom-Left Zone'),(10315,'Bottom-Right Zone'),(10316,'Bottom Zone'),(10322,'Rigth Zone'),(10323,'Bottom-Left Zone'),(10324,'Bottom-Right Zone'),(10325,'Bottom Zone'),(10331,'Rigth Zone'),(10332,'Bottom-Left Zone'),(10333,'Bottom-Right Zone'),(10334,'Bottom Zone'),(10340,'Rigth Zone'),(10341,'Bottom-Left Zone'),(10342,'Bottom-Right Zone'),(10343,'Bottom Zone'),(10349,'Rigth Zone'),(10350,'Bottom-Left Zone'),(10351,'Bottom-Right Zone'),(10352,'Bottom Zone'),(10358,'Rigth Zone'),(10359,'Bottom-Left Zone'),(10360,'Bottom-Right Zone'),(10361,'Bottom Zone'),(10367,'Rigth Zone'),(10368,'Bottom-Left Zone'),(10369,'Bottom-Right Zone'),(10370,'Bottom Zone'),(10376,'Rigth Zone'),(10377,'Bottom-Left Zone'),(10378,'Bottom-Right Zone'),(10379,'Bottom Zone'),(10385,'Rigth Zone'),(10386,'Bottom-Left Zone'),(10387,'Bottom-Right Zone'),(10388,'Bottom Zone'),(10394,'Rigth Zone'),(10395,'Bottom-Left Zone'),(10396,'Bottom-Right Zone'),(10397,'Bottom Zone'),(10403,'Rigth Zone'),(10404,'Bottom-Left Zone'),(10405,'Bottom-Right Zone'),(10406,'Bottom Zone'),(10412,'Rigth Zone'),(10413,'Bottom-Left Zone'),(10414,'Bottom-Right Zone'),(10415,'Bottom Zone'),(10421,'Rigth Zone'),(10422,'Bottom-Left Zone'),(10423,'Bottom-Right Zone'),(10424,'Bottom Zone'),(10430,'Rigth Zone'),(10431,'Bottom-Left Zone'),(10432,'Bottom-Right Zone'),(10433,'Bottom Zone'),(10439,'Rigth Zone'),(10440,'Bottom-Left Zone'),(10441,'Bottom-Right Zone'),(10442,'Bottom Zone'),(10448,'Rigth Zone'),(10449,'Bottom-Left Zone'),(10450,'Bottom-Right Zone'),(10451,'Bottom Zone'),(10457,'Rigth Zone'),(10458,'Bottom-Left Zone'),(10459,'Bottom-Right Zone'),(10460,'Bottom Zone'),(10466,'Rigth Zone'),(10467,'Bottom-Left Zone'),(10468,'Bottom-Right Zone'),(10469,'Bottom Zone'),(10475,'Rigth Zone'),(10476,'Bottom-Left Zone'),(10477,'Bottom-Right Zone'),(10478,'Bottom Zone'),(10484,'Rigth Zone'),(10485,'Bottom-Left Zone'),(10486,'Bottom-Right Zone'),(10487,'Bottom Zone'),(10493,'Rigth Zone'),(10494,'Bottom-Left Zone'),(10495,'Bottom-Right Zone'),(10496,'Bottom Zone'),(10502,'Rigth Zone'),(10503,'Bottom-Left Zone'),(10504,'Bottom-Right Zone'),(10505,'Bottom Zone'),(10511,'Rigth Zone'),(10512,'Bottom-Left Zone'),(10513,'Bottom-Right Zone'),(10514,'Bottom Zone'),(10520,'Rigth Zone'),(10521,'Bottom-Left Zone'),(10522,'Bottom-Right Zone'),(10523,'Bottom Zone'),(10529,'Rigth Zone'),(10530,'Bottom-Left Zone'),(10531,'Bottom-Right Zone'),(10532,'Bottom Zone'),(10538,'Rigth Zone'),(10539,'Bottom-Left Zone'),(10540,'Bottom-Right Zone'),(10541,'Bottom Zone'),(10547,'Rigth Zone'),(10548,'Bottom-Left Zone'),(10549,'Bottom-Right Zone'),(10550,'Bottom Zone'),(10556,'Rigth Zone'),(10557,'Bottom-Left Zone'),(10558,'Bottom-Right Zone'),(10559,'Bottom Zone'),(10565,'Rigth Zone'),(10566,'Bottom-Left Zone'),(10567,'Bottom-Right Zone'),(10568,'Bottom Zone'),(10574,'Rigth Zone'),(10575,'Bottom-Left Zone'),(10576,'Bottom-Right Zone'),(10577,'Bottom Zone'),(10583,'Rigth Zone'),(10584,'Bottom-Left Zone'),(10585,'Bottom-Right Zone'),(10586,'Bottom Zone'),(10592,'Rigth Zone'),(10593,'Bottom-Left Zone'),(10594,'Bottom-Right Zone'),(10595,'Bottom Zone'),(10601,'Rigth Zone'),(10602,'Bottom-Left Zone'),(10603,'Bottom-Right Zone'),(10604,'Bottom Zone'),(10610,'Rigth Zone'),(10611,'Bottom-Left Zone'),(10612,'Bottom-Right Zone'),(10613,'Bottom Zone'),(10619,'Rigth Zone'),(10620,'Bottom-Left Zone'),(10621,'Bottom-Right Zone'),(10622,'Bottom Zone'),(10628,'Rigth Zone'),(10629,'Bottom-Left Zone'),(10630,'Bottom-Right Zone'),(10631,'Bottom Zone'),(10637,'Rigth Zone'),(10638,'Bottom-Left Zone'),(10639,'Bottom-Right Zone'),(10640,'Bottom Zone'),(10646,'Rigth Zone'),(10647,'Bottom-Left Zone'),(10648,'Bottom-Right Zone'),(10649,'Bottom Zone'),(10655,'Rigth Zone'),(10656,'Bottom-Left Zone'),(10657,'Bottom-Right Zone'),(10658,'Bottom Zone'),(10664,'Rigth Zone'),(10665,'Bottom-Left Zone'),(10666,'Bottom-Right Zone'),(10667,'Bottom Zone'),(10673,'Rigth Zone'),(10674,'Bottom-Left Zone'),(10675,'Bottom-Right Zone'),(10676,'Bottom Zone'),(10682,'Rigth Zone'),(10683,'Bottom-Left Zone'),(10684,'Bottom-Right Zone'),(10685,'Bottom Zone'),(10691,'Rigth Zone'),(10692,'Bottom-Left Zone'),(10693,'Bottom-Right Zone'),(10694,'Bottom Zone'),(10700,'Rigth Zone'),(10701,'Bottom-Left Zone'),(10702,'Bottom-Right Zone'),(10703,'Bottom Zone'),(10709,'Rigth Zone'),(10710,'Bottom-Left Zone'),(10711,'Bottom-Right Zone'),(10712,'Bottom Zone'),(10718,'Rigth Zone'),(10719,'Bottom-Left Zone'),(10720,'Bottom-Right Zone'),(10721,'Bottom Zone'),(10727,'Rigth Zone'),(10728,'Bottom-Left Zone'),(10729,'Bottom-Right Zone'),(10730,'Bottom Zone'),(10736,'Rigth Zone'),(10737,'Bottom-Left Zone'),(10738,'Bottom-Right Zone'),(10739,'Bottom Zone'),(10745,'Rigth Zone'),(10746,'Bottom-Left Zone'),(10747,'Bottom-Right Zone'),(10748,'Bottom Zone'),(10754,'Rigth Zone'),(10755,'Bottom-Left Zone'),(10756,'Bottom-Right Zone'),(10757,'Bottom Zone'),(10763,'Rigth Zone'),(10764,'Bottom-Left Zone'),(10765,'Bottom-Right Zone'),(10766,'Bottom Zone'),(10772,'Rigth Zone'),(10773,'Bottom-Left Zone'),(10774,'Bottom-Right Zone'),(10775,'Bottom Zone'),(10781,'Rigth Zone'),(10782,'Bottom-Left Zone'),(10783,'Bottom-Right Zone'),(10784,'Bottom Zone'),(10790,'Rigth Zone'),(10791,'Bottom-Left Zone'),(10792,'Bottom-Right Zone'),(10793,'Bottom Zone'),(10799,'Rigth Zone'),(10800,'Bottom-Left Zone'),(10801,'Bottom-Right Zone'),(10802,'Bottom Zone'),(10808,'Rigth Zone'),(10809,'Bottom-Left Zone'),(10810,'Bottom-Right Zone'),(10811,'Bottom Zone'),(10817,'Rigth Zone'),(10818,'Bottom-Left Zone'),(10819,'Bottom-Right Zone'),(10820,'Bottom Zone'),(10826,'Rigth Zone'),(10827,'Bottom-Left Zone'),(10828,'Bottom-Right Zone'),(10829,'Bottom Zone'),(10835,'Rigth Zone'),(10836,'Bottom-Left Zone'),(10837,'Bottom-Right Zone'),(10838,'Bottom Zone'),(10844,'Rigth Zone'),(10845,'Bottom-Left Zone'),(10846,'Bottom-Right Zone'),(10847,'Bottom Zone'),(10853,'Rigth Zone'),(10854,'Bottom-Left Zone'),(10855,'Bottom-Right Zone'),(10856,'Bottom Zone'),(10862,'Rigth Zone'),(10863,'Bottom-Left Zone'),(10864,'Bottom-Right Zone'),(10865,'Bottom Zone'),(10871,'Rigth Zone'),(10872,'Bottom-Left Zone'),(10873,'Bottom-Right Zone'),(10874,'Bottom Zone'),(10880,'Rigth Zone'),(10881,'Bottom-Left Zone'),(10882,'Bottom-Right Zone'),(10883,'Bottom Zone'),(10889,'Rigth Zone'),(10890,'Bottom-Left Zone'),(10891,'Bottom-Right Zone'),(10892,'Bottom Zone'),(10898,'Rigth Zone'),(10899,'Bottom-Left Zone'),(10900,'Bottom-Right Zone'),(10901,'Bottom Zone'),(10907,'Rigth Zone'),(10908,'Bottom-Left Zone'),(10909,'Bottom-Right Zone'),(10910,'Bottom Zone'),(10916,'Rigth Zone'),(10917,'Bottom-Left Zone'),(10918,'Bottom-Right Zone'),(10919,'Bottom Zone'),(10925,'Rigth Zone'),(10926,'Bottom-Left Zone'),(10927,'Bottom-Right Zone'),(10928,'Bottom Zone'),(10934,'Rigth Zone'),(10935,'Bottom-Left Zone'),(10936,'Bottom-Right Zone'),(10937,'Bottom Zone'),(10943,'Rigth Zone'),(10944,'Bottom-Left Zone'),(10945,'Bottom-Right Zone'),(10946,'Bottom Zone'),(10952,'Rigth Zone'),(10953,'Bottom-Left Zone'),(10954,'Bottom-Right Zone'),(10955,'Bottom Zone'),(10961,'Rigth Zone'),(10962,'Bottom-Left Zone'),(10963,'Bottom-Right Zone'),(10964,'Bottom Zone'),(10970,'Rigth Zone'),(10971,'Bottom-Left Zone'),(10972,'Bottom-Right Zone'),(10973,'Bottom Zone'),(10979,'Rigth Zone'),(10980,'Bottom-Left Zone'),(10981,'Bottom-Right Zone'),(10982,'Bottom Zone'),(10988,'Rigth Zone'),(10989,'Bottom-Left Zone'),(10990,'Bottom-Right Zone'),(10991,'Bottom Zone'),(10997,'Rigth Zone'),(10998,'Bottom-Left Zone'),(10999,'Bottom-Right Zone'),(11000,'Bottom Zone'),(11006,'Rigth Zone'),(11007,'Bottom-Left Zone'),(11008,'Bottom-Right Zone'),(11009,'Bottom Zone'),(11015,'Rigth Zone'),(11016,'Bottom-Left Zone'),(11017,'Bottom-Right Zone'),(11018,'Bottom Zone'),(11024,'Rigth Zone'),(11025,'Bottom-Left Zone'),(11026,'Bottom-Right Zone'),(11027,'Bottom Zone'),(11033,'Rigth Zone'),(11034,'Bottom-Left Zone'),(11035,'Bottom-Right Zone'),(11036,'Bottom Zone'),(11042,'Rigth Zone'),(11043,'Bottom-Left Zone'),(11044,'Bottom-Right Zone'),(11045,'Bottom Zone'),(11051,'Rigth Zone'),(11052,'Bottom-Left Zone'),(11053,'Bottom-Right Zone'),(11054,'Bottom Zone'),(11060,'Rigth Zone'),(11061,'Bottom-Left Zone'),(11062,'Bottom-Right Zone'),(11063,'Bottom Zone'),(11069,'Rigth Zone'),(11070,'Bottom-Left Zone'),(11071,'Bottom-Right Zone'),(11072,'Bottom Zone'),(11078,'Rigth Zone'),(11079,'Bottom-Left Zone'),(11080,'Bottom-Right Zone'),(11081,'Bottom Zone'),(11087,'Rigth Zone'),(11088,'Bottom-Left Zone'),(11089,'Bottom-Right Zone'),(11090,'Bottom Zone'),(11096,'Rigth Zone'),(11097,'Bottom-Left Zone'),(11098,'Bottom-Right Zone'),(11099,'Bottom Zone'),(11105,'Rigth Zone'),(11106,'Bottom-Left Zone'),(11107,'Bottom-Right Zone'),(11108,'Bottom Zone'),(11114,'Rigth Zone'),(11115,'Bottom-Left Zone'),(11116,'Bottom-Right Zone'),(11117,'Bottom Zone'),(11123,'Rigth Zone'),(11124,'Bottom-Left Zone'),(11125,'Bottom-Right Zone'),(11126,'Bottom Zone'),(11132,'Rigth Zone'),(11133,'Bottom-Left Zone'),(11134,'Bottom-Right Zone'),(11135,'Bottom Zone'),(11141,'Rigth Zone'),(11142,'Bottom-Left Zone'),(11143,'Bottom-Right Zone'),(11144,'Bottom Zone'),(11150,'Rigth Zone'),(11151,'Bottom-Left Zone'),(11152,'Bottom-Right Zone'),(11153,'Bottom Zone'),(11159,'Rigth Zone'),(11160,'Bottom-Left Zone'),(11161,'Bottom-Right Zone'),(11162,'Bottom Zone'),(11168,'Rigth Zone'),(11169,'Bottom-Left Zone'),(11170,'Bottom-Right Zone'),(11171,'Bottom Zone'),(11177,'Rigth Zone'),(11178,'Bottom-Left Zone'),(11179,'Bottom-Right Zone'),(11180,'Bottom Zone'),(11186,'Rigth Zone'),(11187,'Bottom-Left Zone'),(11188,'Bottom-Right Zone'),(11189,'Bottom Zone'),(11195,'Rigth Zone'),(11196,'Bottom-Left Zone'),(11197,'Bottom-Right Zone'),(11198,'Bottom Zone'),(11204,'Rigth Zone'),(11205,'Bottom-Left Zone'),(11206,'Bottom-Right Zone'),(11207,'Bottom Zone'),(11213,'Rigth Zone'),(11214,'Bottom-Left Zone'),(11215,'Bottom-Right Zone'),(11216,'Bottom Zone'),(11222,'Rigth Zone'),(11223,'Bottom-Left Zone'),(11224,'Bottom-Right Zone'),(11225,'Bottom Zone'),(11231,'Rigth Zone'),(11232,'Bottom-Left Zone'),(11233,'Bottom-Right Zone'),(11234,'Bottom Zone'),(11240,'Rigth Zone'),(11241,'Bottom-Left Zone'),(11242,'Bottom-Right Zone'),(11243,'Bottom Zone'),(11249,'Rigth Zone'),(11250,'Bottom-Left Zone'),(11251,'Bottom-Right Zone'),(11252,'Bottom Zone'),(11258,'Rigth Zone'),(11259,'Bottom-Left Zone'),(11260,'Bottom-Right Zone'),(11261,'Bottom Zone'),(11267,'Rigth Zone'),(11268,'Bottom-Left Zone'),(11269,'Bottom-Right Zone'),(11270,'Bottom Zone'),(11276,'Rigth Zone'),(11277,'Bottom-Left Zone'),(11278,'Bottom-Right Zone'),(11279,'Bottom Zone'),(11285,'Rigth Zone'),(11286,'Bottom-Left Zone'),(11287,'Bottom-Right Zone'),(11288,'Bottom Zone'),(11294,'Rigth Zone'),(11295,'Bottom-Left Zone'),(11296,'Bottom-Right Zone'),(11297,'Bottom Zone'),(11303,'Rigth Zone'),(11304,'Bottom-Left Zone'),(11305,'Bottom-Right Zone'),(11306,'Bottom Zone'),(11312,'Rigth Zone'),(11313,'Bottom-Left Zone'),(11314,'Bottom-Right Zone'),(11315,'Bottom Zone'),(11321,'Rigth Zone'),(11322,'Bottom-Left Zone'),(11323,'Bottom-Right Zone'),(11324,'Bottom Zone'),(11330,'Rigth Zone'),(11331,'Bottom-Left Zone'),(11332,'Bottom-Right Zone'),(11333,'Bottom Zone'),(11339,'Rigth Zone'),(11340,'Bottom-Left Zone'),(11341,'Bottom-Right Zone'),(11342,'Bottom Zone'),(11348,'Rigth Zone'),(11349,'Bottom-Left Zone'),(11350,'Bottom-Right Zone'),(11351,'Bottom Zone'),(11357,'Rigth Zone'),(11358,'Bottom-Left Zone'),(11359,'Bottom-Right Zone'),(11360,'Bottom Zone'),(11366,'Rigth Zone'),(11367,'Bottom-Left Zone'),(11368,'Bottom-Right Zone'),(11369,'Bottom Zone'),(11375,'Rigth Zone'),(11376,'Bottom-Left Zone'),(11377,'Bottom-Right Zone'),(11378,'Bottom Zone'),(11384,'Rigth Zone'),(11385,'Bottom-Left Zone'),(11386,'Bottom-Right Zone'),(11387,'Bottom Zone'),(11393,'Rigth Zone'),(11394,'Bottom-Left Zone'),(11395,'Bottom-Right Zone'),(11396,'Bottom Zone'),(11402,'Rigth Zone'),(11403,'Bottom-Left Zone'),(11404,'Bottom-Right Zone'),(11405,'Bottom Zone'),(11411,'Rigth Zone'),(11412,'Bottom-Left Zone'),(11413,'Bottom-Right Zone'),(11414,'Bottom Zone'),(11420,'Rigth Zone'),(11421,'Bottom-Left Zone'),(11422,'Bottom-Right Zone'),(11423,'Bottom Zone'),(11429,'Rigth Zone'),(11430,'Bottom-Left Zone'),(11431,'Bottom-Right Zone'),(11432,'Bottom Zone'),(11438,'Rigth Zone'),(11439,'Bottom-Left Zone'),(11440,'Bottom-Right Zone'),(11441,'Bottom Zone'),(11447,'Rigth Zone'),(11448,'Bottom-Left Zone'),(11449,'Bottom-Right Zone'),(11450,'Bottom Zone'),(11456,'Rigth Zone'),(11457,'Bottom-Left Zone'),(11458,'Bottom-Right Zone'),(11459,'Bottom Zone'),(11465,'Rigth Zone'),(11466,'Bottom-Left Zone'),(11467,'Bottom-Right Zone'),(11468,'Bottom Zone'),(11474,'Rigth Zone'),(11475,'Bottom-Left Zone'),(11476,'Bottom-Right Zone'),(11477,'Bottom Zone'),(11483,'Rigth Zone'),(11484,'Bottom-Left Zone'),(11485,'Bottom-Right Zone'),(11486,'Bottom Zone'),(11492,'Rigth Zone'),(11493,'Bottom-Left Zone'),(11494,'Bottom-Right Zone'),(11495,'Bottom Zone'),(11501,'Rigth Zone'),(11502,'Bottom-Left Zone'),(11503,'Bottom-Right Zone'),(11504,'Bottom Zone'),(11510,'Rigth Zone'),(11511,'Bottom-Left Zone'),(11512,'Bottom-Right Zone'),(11513,'Bottom Zone'),(11519,'Rigth Zone'),(11520,'Bottom-Left Zone'),(11521,'Bottom-Right Zone'),(11522,'Bottom Zone'),(11528,'Rigth Zone'),(11529,'Bottom-Left Zone'),(11530,'Bottom-Right Zone'),(11531,'Bottom Zone'),(11537,'Rigth Zone'),(11538,'Bottom-Left Zone'),(11539,'Bottom-Right Zone'),(11540,'Bottom Zone'),(11546,'Rigth Zone'),(11547,'Bottom-Left Zone'),(11548,'Bottom-Right Zone'),(11549,'Bottom Zone'),(11555,'Rigth Zone'),(11556,'Bottom-Left Zone'),(11557,'Bottom-Right Zone'),(11558,'Bottom Zone'),(11564,'Rigth Zone'),(11565,'Bottom-Left Zone'),(11566,'Bottom-Right Zone'),(11567,'Bottom Zone'),(11573,'Rigth Zone'),(11574,'Bottom-Left Zone'),(11575,'Bottom-Right Zone'),(11576,'Bottom Zone'),(11582,'Rigth Zone'),(11583,'Bottom-Left Zone'),(11584,'Bottom-Right Zone'),(11585,'Bottom Zone'),(11591,'Rigth Zone'),(11592,'Bottom-Left Zone'),(11593,'Bottom-Right Zone'),(11594,'Bottom Zone'),(11600,'Rigth Zone'),(11601,'Bottom-Left Zone'),(11602,'Bottom-Right Zone'),(11603,'Bottom Zone'),(11609,'Rigth Zone'),(11610,'Bottom-Left Zone'),(11611,'Bottom-Right Zone'),(11612,'Bottom Zone'),(11618,'Rigth Zone'),(11619,'Bottom-Left Zone'),(11620,'Bottom-Right Zone'),(11621,'Bottom Zone'),(11627,'Rigth Zone'),(11628,'Bottom-Left Zone'),(11629,'Bottom-Right Zone'),(11630,'Bottom Zone'),(11636,'Rigth Zone'),(11637,'Bottom-Left Zone'),(11638,'Bottom-Right Zone'),(11639,'Bottom Zone'),(11645,'Rigth Zone'),(11646,'Bottom-Left Zone'),(11647,'Bottom-Right Zone'),(11648,'Bottom Zone'),(11654,'Rigth Zone'),(11655,'Bottom-Left Zone'),(11656,'Bottom-Right Zone'),(11657,'Bottom Zone'),(11663,'Rigth Zone'),(11664,'Bottom-Left Zone'),(11665,'Bottom-Right Zone'),(11666,'Bottom Zone'),(11672,'Rigth Zone'),(11673,'Bottom-Left Zone'),(11674,'Bottom-Right Zone'),(11675,'Bottom Zone'),(11681,'Rigth Zone'),(11682,'Bottom-Left Zone'),(11683,'Bottom-Right Zone'),(11684,'Bottom Zone'),(11690,'Rigth Zone'),(11691,'Bottom-Left Zone'),(11692,'Bottom-Right Zone'),(11693,'Bottom Zone'),(11699,'Rigth Zone'),(11700,'Bottom-Left Zone'),(11701,'Bottom-Right Zone'),(11702,'Bottom Zone'),(11708,'Rigth Zone'),(11709,'Bottom-Left Zone'),(11710,'Bottom-Right Zone'),(11711,'Bottom Zone'),(11717,'Rigth Zone'),(11718,'Bottom-Left Zone'),(11719,'Bottom-Right Zone'),(11720,'Bottom Zone'),(11726,'Rigth Zone'),(11727,'Bottom-Left Zone'),(11728,'Bottom-Right Zone'),(11729,'Bottom Zone'),(11735,'Rigth Zone'),(11736,'Bottom-Left Zone'),(11737,'Bottom-Right Zone'),(11738,'Bottom Zone'),(11744,'Rigth Zone'),(11745,'Bottom-Left Zone'),(11746,'Bottom-Right Zone'),(11747,'Bottom Zone'),(11753,'Rigth Zone'),(11754,'Bottom-Left Zone'),(11755,'Bottom-Right Zone'),(11756,'Bottom Zone'),(11762,'Rigth Zone'),(11763,'Bottom-Left Zone'),(11764,'Bottom-Right Zone'),(11765,'Bottom Zone'),(11771,'Rigth Zone'),(11772,'Bottom-Left Zone'),(11773,'Bottom-Right Zone'),(11774,'Bottom Zone'),(11780,'Rigth Zone'),(11781,'Bottom-Left Zone'),(11782,'Bottom-Right Zone'),(11783,'Bottom Zone'),(11789,'Rigth Zone'),(11790,'Bottom-Left Zone'),(11791,'Bottom-Right Zone'),(11792,'Bottom Zone'),(11798,'Rigth Zone'),(11799,'Bottom-Left Zone'),(11800,'Bottom-Right Zone'),(11801,'Bottom Zone'),(11807,'Rigth Zone'),(11808,'Bottom-Left Zone'),(11809,'Bottom-Right Zone'),(11810,'Bottom Zone'),(11816,'Rigth Zone'),(11817,'Bottom-Left Zone'),(11818,'Bottom-Right Zone'),(11819,'Bottom Zone'),(11825,'Rigth Zone'),(11826,'Bottom-Left Zone'),(11827,'Bottom-Right Zone'),(11828,'Bottom Zone'),(11834,'Rigth Zone'),(11835,'Bottom-Left Zone'),(11836,'Bottom-Right Zone'),(11837,'Bottom Zone'),(11843,'Rigth Zone'),(11844,'Bottom-Left Zone'),(11845,'Bottom-Right Zone'),(11846,'Bottom Zone'),(11852,'Rigth Zone'),(11853,'Bottom-Left Zone'),(11854,'Bottom-Right Zone'),(11855,'Bottom Zone'),(11861,'Rigth Zone'),(11862,'Bottom-Left Zone'),(11863,'Bottom-Right Zone'),(11864,'Bottom Zone'),(11870,'Rigth Zone'),(11871,'Bottom-Left Zone'),(11872,'Bottom-Right Zone'),(11873,'Bottom Zone'),(11879,'Rigth Zone'),(11880,'Bottom-Left Zone'),(11881,'Bottom-Right Zone'),(11882,'Bottom Zone'),(11888,'Rigth Zone'),(11889,'Bottom-Left Zone'),(11890,'Bottom-Right Zone'),(11891,'Bottom Zone'),(11897,'Rigth Zone'),(11898,'Bottom-Left Zone'),(11899,'Bottom-Right Zone'),(11900,'Bottom Zone'),(11906,'Rigth Zone'),(11907,'Bottom-Left Zone'),(11908,'Bottom-Right Zone'),(11909,'Bottom Zone'),(11915,'Rigth Zone'),(11916,'Bottom-Left Zone'),(11917,'Bottom-Right Zone'),(11918,'Bottom Zone'),(11924,'Rigth Zone'),(11925,'Bottom-Left Zone'),(11926,'Bottom-Right Zone'),(11927,'Bottom Zone'),(11933,'Rigth Zone'),(11934,'Bottom-Left Zone'),(11935,'Bottom-Right Zone'),(11936,'Bottom Zone'),(11942,'Rigth Zone'),(11943,'Bottom-Left Zone'),(11944,'Bottom-Right Zone'),(11945,'Bottom Zone'),(11951,'Rigth Zone'),(11952,'Bottom-Left Zone'),(11953,'Bottom-Right Zone'),(11954,'Bottom Zone'),(11960,'Rigth Zone'),(11961,'Bottom-Left Zone'),(11962,'Bottom-Right Zone'),(11963,'Bottom Zone'),(11969,'Rigth Zone'),(11970,'Bottom-Left Zone'),(11971,'Bottom-Right Zone'),(11972,'Bottom Zone'),(11978,'Rigth Zone'),(11979,'Bottom-Left Zone'),(11980,'Bottom-Right Zone'),(11981,'Bottom Zone'),(11987,'Rigth Zone'),(11988,'Bottom-Left Zone'),(11989,'Bottom-Right Zone'),(11990,'Bottom Zone'),(11996,'Rigth Zone'),(11997,'Bottom-Left Zone'),(11998,'Bottom-Right Zone'),(11999,'Bottom Zone'),(12005,'Rigth Zone'),(12006,'Bottom-Left Zone'),(12007,'Bottom-Right Zone'),(12008,'Bottom Zone'),(12014,'Rigth Zone'),(12015,'Bottom-Left Zone'),(12016,'Bottom-Right Zone'),(12017,'Bottom Zone'),(12023,'Rigth Zone'),(12024,'Bottom-Left Zone'),(12025,'Bottom-Right Zone'),(12026,'Bottom Zone'),(12032,'Rigth Zone'),(12033,'Bottom-Left Zone'),(12034,'Bottom-Right Zone'),(12035,'Bottom Zone'),(12041,'Rigth Zone'),(12042,'Bottom-Left Zone'),(12043,'Bottom-Right Zone'),(12044,'Bottom Zone'),(12050,'Rigth Zone'),(12051,'Bottom-Left Zone'),(12052,'Bottom-Right Zone'),(12053,'Bottom Zone'),(12059,'Rigth Zone'),(12060,'Bottom-Left Zone'),(12061,'Bottom-Right Zone'),(12062,'Bottom Zone'),(12068,'Rigth Zone'),(12069,'Bottom-Left Zone'),(12070,'Bottom-Right Zone'),(12071,'Bottom Zone'),(12077,'Rigth Zone'),(12078,'Bottom-Left Zone'),(12079,'Bottom-Right Zone'),(12080,'Bottom Zone'),(12086,'Rigth Zone'),(12087,'Bottom-Left Zone'),(12088,'Bottom-Right Zone'),(12089,'Bottom Zone'),(12095,'Rigth Zone'),(12096,'Bottom-Left Zone'),(12097,'Bottom-Right Zone'),(12098,'Bottom Zone'),(12104,'Rigth Zone'),(12105,'Bottom-Left Zone'),(12106,'Bottom-Right Zone'),(12107,'Bottom Zone'),(12113,'Rigth Zone'),(12114,'Bottom-Left Zone'),(12115,'Bottom-Right Zone'),(12116,'Bottom Zone'),(12122,'Rigth Zone'),(12123,'Bottom-Left Zone'),(12124,'Bottom-Right Zone'),(12125,'Bottom Zone'),(12131,'Rigth Zone'),(12132,'Bottom-Left Zone'),(12133,'Bottom-Right Zone'),(12134,'Bottom Zone'),(12140,'Rigth Zone'),(12141,'Bottom-Left Zone'),(12142,'Bottom-Right Zone'),(12143,'Bottom Zone'),(12149,'Rigth Zone'),(12150,'Bottom-Left Zone'),(12151,'Bottom-Right Zone'),(12152,'Bottom Zone'),(12158,'Rigth Zone'),(12159,'Bottom-Left Zone'),(12160,'Bottom-Right Zone'),(12161,'Bottom Zone'),(12167,'Rigth Zone'),(12168,'Bottom-Left Zone'),(12169,'Bottom-Right Zone'),(12170,'Bottom Zone'),(12176,'Rigth Zone'),(12177,'Bottom-Left Zone'),(12178,'Bottom-Right Zone'),(12179,'Bottom Zone'),(12185,'Rigth Zone'),(12186,'Bottom-Left Zone'),(12187,'Bottom-Right Zone'),(12188,'Bottom Zone'),(12194,'Rigth Zone'),(12195,'Bottom-Left Zone'),(12196,'Bottom-Right Zone'),(12197,'Bottom Zone'),(12203,'Rigth Zone'),(12204,'Bottom-Left Zone'),(12205,'Bottom-Right Zone'),(12206,'Bottom Zone'),(12212,'Rigth Zone'),(12213,'Bottom-Left Zone'),(12214,'Bottom-Right Zone'),(12215,'Bottom Zone'),(12221,'Rigth Zone'),(12222,'Bottom-Left Zone'),(12223,'Bottom-Right Zone'),(12224,'Bottom Zone'),(12230,'Rigth Zone'),(12231,'Bottom-Left Zone'),(12232,'Bottom-Right Zone'),(12233,'Bottom Zone'),(12239,'Rigth Zone'),(12240,'Bottom-Left Zone'),(12241,'Bottom-Right Zone'),(12242,'Bottom Zone'),(12248,'Rigth Zone'),(12249,'Bottom-Left Zone'),(12250,'Bottom-Right Zone'),(12251,'Bottom Zone'),(12257,'Rigth Zone'),(12258,'Bottom-Left Zone'),(12259,'Bottom-Right Zone'),(12260,'Bottom Zone'),(12266,'Rigth Zone'),(12267,'Bottom-Left Zone'),(12268,'Bottom-Right Zone'),(12269,'Bottom Zone'),(12275,'Rigth Zone'),(12276,'Bottom-Left Zone'),(12277,'Bottom-Right Zone'),(12278,'Bottom Zone'),(12284,'Rigth Zone'),(12285,'Bottom-Left Zone'),(12286,'Bottom-Right Zone'),(12287,'Bottom Zone'),(12293,'Rigth Zone'),(12294,'Bottom-Left Zone'),(12295,'Bottom-Right Zone'),(12296,'Bottom Zone'),(12302,'Rigth Zone'),(12303,'Bottom-Left Zone'),(12304,'Bottom-Right Zone'),(12305,'Bottom Zone'),(12311,'Rigth Zone'),(12312,'Bottom-Left Zone'),(12313,'Bottom-Right Zone'),(12314,'Bottom Zone'),(12320,'Rigth Zone'),(12321,'Bottom-Left Zone'),(12322,'Bottom-Right Zone'),(12323,'Bottom Zone'),(12329,'Rigth Zone'),(12330,'Bottom-Left Zone'),(12331,'Bottom-Right Zone'),(12332,'Bottom Zone'),(12338,'Rigth Zone'),(12339,'Bottom-Left Zone'),(12340,'Bottom-Right Zone'),(12341,'Bottom Zone'),(12347,'Rigth Zone'),(12348,'Bottom-Left Zone'),(12349,'Bottom-Right Zone'),(12350,'Bottom Zone'),(12356,'Rigth Zone'),(12357,'Bottom-Left Zone'),(12358,'Bottom-Right Zone'),(12359,'Bottom Zone'),(12365,'Rigth Zone'),(12366,'Bottom-Left Zone'),(12367,'Bottom-Right Zone'),(12368,'Bottom Zone'),(12374,'Rigth Zone'),(12375,'Bottom-Left Zone'),(12376,'Bottom-Right Zone'),(12377,'Bottom Zone'),(12383,'Rigth Zone'),(12384,'Bottom-Left Zone'),(12385,'Bottom-Right Zone'),(12386,'Bottom Zone'),(12392,'Rigth Zone'),(12393,'Bottom-Left Zone'),(12394,'Bottom-Right Zone'),(12395,'Bottom Zone'),(12401,'Rigth Zone'),(12402,'Bottom-Left Zone'),(12403,'Bottom-Right Zone'),(12404,'Bottom Zone'),(12410,'Rigth Zone'),(12411,'Bottom-Left Zone'),(12412,'Bottom-Right Zone'),(12413,'Bottom Zone'),(12419,'Rigth Zone'),(12420,'Bottom-Left Zone'),(12421,'Bottom-Right Zone'),(12422,'Bottom Zone'),(12428,'Rigth Zone'),(12429,'Bottom-Left Zone'),(12430,'Bottom-Right Zone'),(12431,'Bottom Zone'),(12437,'Rigth Zone'),(12438,'Bottom-Left Zone'),(12439,'Bottom-Right Zone'),(12440,'Bottom Zone'),(12446,'Rigth Zone'),(12447,'Bottom-Left Zone'),(12448,'Bottom-Right Zone'),(12449,'Bottom Zone'),(12455,'Rigth Zone'),(12456,'Bottom-Left Zone'),(12457,'Bottom-Right Zone'),(12458,'Bottom Zone'),(12464,'Rigth Zone'),(12465,'Bottom-Left Zone'),(12466,'Bottom-Right Zone'),(12467,'Bottom Zone'),(12473,'Rigth Zone'),(12474,'Bottom-Left Zone'),(12475,'Bottom-Right Zone'),(12476,'Bottom Zone'),(12482,'Rigth Zone'),(12483,'Bottom-Left Zone'),(12484,'Bottom-Right Zone'),(12485,'Bottom Zone'),(12491,'Rigth Zone'),(12492,'Bottom-Left Zone'),(12493,'Bottom-Right Zone'),(12494,'Bottom Zone'),(12500,'Rigth Zone'),(12501,'Bottom-Left Zone'),(12502,'Bottom-Right Zone'),(12503,'Bottom Zone'),(12509,'Rigth Zone'),(12510,'Bottom-Left Zone'),(12511,'Bottom-Right Zone'),(12512,'Bottom Zone'),(12518,'Rigth Zone'),(12519,'Bottom-Left Zone'),(12520,'Bottom-Right Zone'),(12521,'Bottom Zone'),(12527,'Rigth Zone'),(12528,'Bottom-Left Zone'),(12529,'Bottom-Right Zone'),(12530,'Bottom Zone'),(12536,'Rigth Zone'),(12537,'Bottom-Left Zone'),(12538,'Bottom-Right Zone'),(12539,'Bottom Zone'),(12545,'Rigth Zone'),(12546,'Bottom-Left Zone'),(12547,'Bottom-Right Zone'),(12548,'Bottom Zone'),(12554,'Rigth Zone'),(12555,'Bottom-Left Zone'),(12556,'Bottom-Right Zone'),(12557,'Bottom Zone'),(12563,'Rigth Zone'),(12564,'Bottom-Left Zone'),(12565,'Bottom-Right Zone'),(12566,'Bottom Zone'),(12572,'Rigth Zone'),(12573,'Bottom-Left Zone'),(12574,'Bottom-Right Zone'),(12575,'Bottom Zone'),(12581,'Rigth Zone'),(12582,'Bottom-Left Zone'),(12583,'Bottom-Right Zone'),(12584,'Bottom Zone'),(12590,'Rigth Zone'),(12591,'Bottom-Left Zone'),(12592,'Bottom-Right Zone'),(12593,'Bottom Zone'),(12599,'Rigth Zone'),(12600,'Bottom-Left Zone'),(12601,'Bottom-Right Zone'),(12602,'Bottom Zone'),(12608,'Rigth Zone'),(12609,'Bottom-Left Zone'),(12610,'Bottom-Right Zone'),(12611,'Bottom Zone'),(12617,'Rigth Zone'),(12618,'Bottom-Left Zone'),(12619,'Bottom-Right Zone'),(12620,'Bottom Zone'),(12626,'Rigth Zone'),(12627,'Bottom-Left Zone'),(12628,'Bottom-Right Zone'),(12629,'Bottom Zone'),(12635,'Rigth Zone'),(12636,'Bottom-Left Zone'),(12637,'Bottom-Right Zone'),(12638,'Bottom Zone'),(12644,'Rigth Zone'),(12645,'Bottom-Left Zone'),(12646,'Bottom-Right Zone'),(12647,'Bottom Zone'),(12653,'Rigth Zone'),(12654,'Bottom-Left Zone'),(12655,'Bottom-Right Zone'),(12656,'Bottom Zone'),(12662,'Rigth Zone'),(12663,'Bottom-Left Zone'),(12664,'Bottom-Right Zone'),(12665,'Bottom Zone'),(12671,'Rigth Zone'),(12672,'Bottom-Left Zone'),(12673,'Bottom-Right Zone'),(12674,'Bottom Zone'),(12680,'Rigth Zone'),(12681,'Bottom-Left Zone'),(12682,'Bottom-Right Zone'),(12683,'Bottom Zone'),(12689,'Rigth Zone'),(12690,'Bottom-Left Zone'),(12691,'Bottom-Right Zone'),(12692,'Bottom Zone'),(12698,'Rigth Zone'),(12699,'Bottom-Left Zone'),(12700,'Bottom-Right Zone'),(12701,'Bottom Zone'),(12707,'Rigth Zone'),(12708,'Bottom-Left Zone'),(12709,'Bottom-Right Zone'),(12710,'Bottom Zone'),(12716,'Rigth Zone'),(12717,'Bottom-Left Zone'),(12718,'Bottom-Right Zone'),(12719,'Bottom Zone'),(12725,'Rigth Zone'),(12726,'Bottom-Left Zone'),(12727,'Bottom-Right Zone'),(12728,'Bottom Zone'),(12734,'Rigth Zone'),(12735,'Bottom-Left Zone'),(12736,'Bottom-Right Zone'),(12737,'Bottom Zone'),(12743,'Rigth Zone'),(12744,'Bottom-Left Zone'),(12745,'Bottom-Right Zone'),(12746,'Bottom Zone'),(12752,'Rigth Zone'),(12753,'Bottom-Left Zone'),(12754,'Bottom-Right Zone'),(12755,'Bottom Zone'),(12761,'Rigth Zone'),(12762,'Bottom-Left Zone'),(12763,'Bottom-Right Zone'),(12764,'Bottom Zone'),(12770,'Rigth Zone'),(12771,'Bottom-Left Zone'),(12772,'Bottom-Right Zone'),(12773,'Bottom Zone'),(12779,'Rigth Zone'),(12780,'Bottom-Left Zone'),(12781,'Bottom-Right Zone'),(12782,'Bottom Zone'),(12788,'Rigth Zone'),(12789,'Bottom-Left Zone'),(12790,'Bottom-Right Zone'),(12791,'Bottom Zone'),(12797,'Rigth Zone'),(12798,'Bottom-Left Zone'),(12799,'Bottom-Right Zone'),(12800,'Bottom Zone'),(12806,'Rigth Zone'),(12807,'Bottom-Left Zone'),(12808,'Bottom-Right Zone'),(12809,'Bottom Zone'),(12815,'Rigth Zone'),(12816,'Bottom-Left Zone'),(12817,'Bottom-Right Zone'),(12818,'Bottom Zone'),(12824,'Rigth Zone'),(12825,'Bottom-Left Zone'),(12826,'Bottom-Right Zone'),(12827,'Bottom Zone'),(12833,'Rigth Zone'),(12834,'Bottom-Left Zone'),(12835,'Bottom-Right Zone'),(12836,'Bottom Zone'),(12842,'Rigth Zone'),(12843,'Bottom-Left Zone'),(12844,'Bottom-Right Zone'),(12845,'Bottom Zone'),(12851,'Rigth Zone'),(12852,'Bottom-Left Zone'),(12853,'Bottom-Right Zone'),(12854,'Bottom Zone'),(12860,'Rigth Zone'),(12861,'Bottom-Left Zone'),(12862,'Bottom-Right Zone'),(12863,'Bottom Zone'),(12869,'Rigth Zone'),(12870,'Bottom-Left Zone'),(12871,'Bottom-Right Zone'),(12872,'Bottom Zone'),(12878,'Rigth Zone'),(12879,'Bottom-Left Zone'),(12880,'Bottom-Right Zone'),(12881,'Bottom Zone'),(12887,'Rigth Zone'),(12888,'Bottom-Left Zone'),(12889,'Bottom-Right Zone'),(12890,'Bottom Zone'),(12896,'Rigth Zone'),(12897,'Bottom-Left Zone'),(12898,'Bottom-Right Zone'),(12899,'Bottom Zone'),(12905,'Rigth Zone'),(12906,'Bottom-Left Zone'),(12907,'Bottom-Right Zone'),(12908,'Bottom Zone'),(12914,'Rigth Zone'),(12915,'Bottom-Left Zone'),(12916,'Bottom-Right Zone'),(12917,'Bottom Zone'),(12923,'Rigth Zone'),(12924,'Bottom-Left Zone'),(12925,'Bottom-Right Zone'),(12926,'Bottom Zone'),(12932,'Rigth Zone'),(12933,'Bottom-Left Zone'),(12934,'Bottom-Right Zone'),(12935,'Bottom Zone'),(12941,'Rigth Zone'),(12942,'Bottom-Left Zone'),(12943,'Bottom-Right Zone'),(12944,'Bottom Zone'),(12950,'Rigth Zone'),(12951,'Bottom-Left Zone'),(12952,'Bottom-Right Zone'),(12953,'Bottom Zone'),(12959,'Rigth Zone'),(12960,'Bottom-Left Zone'),(12961,'Bottom-Right Zone'),(12962,'Bottom Zone'),(12968,'Rigth Zone'),(12969,'Bottom-Left Zone'),(12970,'Bottom-Right Zone'),(12971,'Bottom Zone'),(12977,'Rigth Zone'),(12978,'Bottom-Left Zone'),(12979,'Bottom-Right Zone'),(12980,'Bottom Zone'),(12986,'Rigth Zone'),(12987,'Bottom-Left Zone'),(12988,'Bottom-Right Zone'),(12989,'Bottom Zone'),(12995,'Rigth Zone'),(12996,'Bottom-Left Zone'),(12997,'Bottom-Right Zone'),(12998,'Bottom Zone'),(13004,'Rigth Zone'),(13005,'Bottom-Left Zone'),(13006,'Bottom-Right Zone'),(13007,'Bottom Zone'),(13013,'Rigth Zone'),(13014,'Bottom-Left Zone'),(13015,'Bottom-Right Zone'),(13016,'Bottom Zone'),(13022,'Rigth Zone'),(13023,'Bottom-Left Zone'),(13024,'Bottom-Right Zone'),(13025,'Bottom Zone'),(13031,'Rigth Zone'),(13032,'Bottom-Left Zone'),(13033,'Bottom-Right Zone'),(13034,'Bottom Zone'),(13040,'Rigth Zone'),(13041,'Bottom-Left Zone'),(13042,'Bottom-Right Zone'),(13043,'Bottom Zone'),(13049,'Rigth Zone'),(13050,'Bottom-Left Zone'),(13051,'Bottom-Right Zone'),(13052,'Bottom Zone'),(13058,'Rigth Zone'),(13059,'Bottom-Left Zone'),(13060,'Bottom-Right Zone'),(13061,'Bottom Zone'),(13067,'Rigth Zone'),(13068,'Bottom-Left Zone'),(13069,'Bottom-Right Zone'),(13070,'Bottom Zone'),(13076,'Rigth Zone'),(13077,'Bottom-Left Zone'),(13078,'Bottom-Right Zone'),(13079,'Bottom Zone'),(13085,'Rigth Zone'),(13086,'Bottom-Left Zone'),(13087,'Bottom-Right Zone'),(13088,'Bottom Zone'),(13094,'Rigth Zone'),(13095,'Bottom-Left Zone'),(13096,'Bottom-Right Zone'),(13097,'Bottom Zone'),(13103,'Rigth Zone'),(13104,'Bottom-Left Zone'),(13105,'Bottom-Right Zone'),(13106,'Bottom Zone'),(13112,'Rigth Zone'),(13113,'Bottom-Left Zone'),(13114,'Bottom-Right Zone'),(13115,'Bottom Zone'),(13121,'Rigth Zone'),(13122,'Bottom-Left Zone'),(13123,'Bottom-Right Zone'),(13124,'Bottom Zone'),(13130,'Rigth Zone'),(13131,'Bottom-Left Zone'),(13132,'Bottom-Right Zone'),(13133,'Bottom Zone'),(13139,'Rigth Zone'),(13140,'Bottom-Left Zone'),(13141,'Bottom-Right Zone'),(13142,'Bottom Zone'),(13148,'Rigth Zone'),(13149,'Bottom-Left Zone'),(13150,'Bottom-Right Zone'),(13151,'Bottom Zone'),(13157,'Rigth Zone'),(13158,'Bottom-Left Zone'),(13159,'Bottom-Right Zone'),(13160,'Bottom Zone'),(13166,'Rigth Zone'),(13167,'Bottom-Left Zone'),(13168,'Bottom-Right Zone'),(13169,'Bottom Zone'),(13175,'Rigth Zone'),(13176,'Bottom-Left Zone'),(13177,'Bottom-Right Zone'),(13178,'Bottom Zone'),(13184,'Rigth Zone'),(13185,'Bottom-Left Zone'),(13186,'Bottom-Right Zone'),(13187,'Bottom Zone'),(13193,'Rigth Zone'),(13194,'Bottom-Left Zone'),(13195,'Bottom-Right Zone'),(13196,'Bottom Zone'),(13202,'Rigth Zone'),(13203,'Bottom-Left Zone'),(13204,'Bottom-Right Zone'),(13205,'Bottom Zone'),(13211,'Rigth Zone'),(13212,'Bottom-Left Zone'),(13213,'Bottom-Right Zone'),(13214,'Bottom Zone'),(13220,'Rigth Zone'),(13221,'Bottom-Left Zone'),(13222,'Bottom-Right Zone'),(13223,'Bottom Zone'),(13229,'Rigth Zone'),(13230,'Bottom-Left Zone'),(13231,'Bottom-Right Zone'),(13232,'Bottom Zone'),(13238,'Rigth Zone'),(13239,'Bottom-Left Zone'),(13240,'Bottom-Right Zone'),(13241,'Bottom Zone'),(13247,'Rigth Zone'),(13248,'Bottom-Left Zone'),(13249,'Bottom-Right Zone'),(13250,'Bottom Zone'),(13256,'Rigth Zone'),(13257,'Bottom-Left Zone'),(13258,'Bottom-Right Zone'),(13259,'Bottom Zone'),(13265,'Rigth Zone'),(13266,'Bottom-Left Zone'),(13267,'Bottom-Right Zone'),(13268,'Bottom Zone'),(13274,'Rigth Zone'),(13275,'Bottom-Left Zone'),(13276,'Bottom-Right Zone'),(13277,'Bottom Zone'),(13283,'Rigth Zone'),(13284,'Bottom-Left Zone'),(13285,'Bottom-Right Zone'),(13286,'Bottom Zone'),(13292,'Rigth Zone'),(13293,'Bottom-Left Zone'),(13294,'Bottom-Right Zone'),(13295,'Bottom Zone'),(13301,'Rigth Zone'),(13302,'Bottom-Left Zone'),(13303,'Bottom-Right Zone'),(13304,'Bottom Zone'),(13310,'Rigth Zone'),(13311,'Bottom-Left Zone'),(13312,'Bottom-Right Zone'),(13313,'Bottom Zone'),(13319,'Rigth Zone'),(13320,'Bottom-Left Zone'),(13321,'Bottom-Right Zone'),(13322,'Bottom Zone'),(13328,'Rigth Zone'),(13329,'Bottom-Left Zone'),(13330,'Bottom-Right Zone'),(13331,'Bottom Zone'),(13337,'Rigth Zone'),(13338,'Bottom-Left Zone'),(13339,'Bottom-Right Zone'),(13340,'Bottom Zone'),(13346,'Rigth Zone'),(13347,'Bottom-Left Zone'),(13348,'Bottom-Right Zone'),(13349,'Bottom Zone'),(13355,'Rigth Zone'),(13356,'Bottom-Left Zone'),(13357,'Bottom-Right Zone'),(13358,'Bottom Zone'),(13364,'Rigth Zone'),(13365,'Bottom-Left Zone'),(13366,'Bottom-Right Zone'),(13367,'Bottom Zone'),(13373,'Rigth Zone'),(13374,'Bottom-Left Zone'),(13375,'Bottom-Right Zone'),(13376,'Bottom Zone'),(13382,'Rigth Zone'),(13383,'Bottom-Left Zone'),(13384,'Bottom-Right Zone'),(13385,'Bottom Zone'),(13391,'Rigth Zone'),(13392,'Bottom-Left Zone'),(13393,'Bottom-Right Zone'),(13394,'Bottom Zone'),(13400,'Rigth Zone'),(13401,'Bottom-Left Zone'),(13402,'Bottom-Right Zone'),(13403,'Bottom Zone'),(13409,'Rigth Zone'),(13410,'Bottom-Left Zone'),(13411,'Bottom-Right Zone'),(13412,'Bottom Zone'),(13418,'Rigth Zone'),(13419,'Bottom-Left Zone'),(13420,'Bottom-Right Zone'),(13421,'Bottom Zone'),(13427,'Rigth Zone'),(13428,'Bottom-Left Zone'),(13429,'Bottom-Right Zone'),(13430,'Bottom Zone'),(13436,'Rigth Zone'),(13437,'Bottom-Left Zone'),(13438,'Bottom-Right Zone'),(13439,'Bottom Zone'),(13445,'Rigth Zone'),(13446,'Bottom-Left Zone'),(13447,'Bottom-Right Zone'),(13448,'Bottom Zone'),(13454,'Rigth Zone'),(13455,'Bottom-Left Zone'),(13456,'Bottom-Right Zone'),(13457,'Bottom Zone'),(13463,'Rigth Zone'),(13464,'Bottom-Left Zone'),(13465,'Bottom-Right Zone'),(13466,'Bottom Zone'),(13472,'Rigth Zone'),(13473,'Bottom-Left Zone'),(13474,'Bottom-Right Zone'),(13475,'Bottom Zone'),(13481,'Rigth Zone'),(13482,'Bottom-Left Zone'),(13483,'Bottom-Right Zone'),(13484,'Bottom Zone'),(13490,'Rigth Zone'),(13491,'Bottom-Left Zone'),(13492,'Bottom-Right Zone'),(13493,'Bottom Zone'),(13499,'Rigth Zone'),(13500,'Bottom-Left Zone'),(13501,'Bottom-Right Zone'),(13502,'Bottom Zone'),(13508,'Rigth Zone'),(13509,'Bottom-Left Zone'),(13510,'Bottom-Right Zone'),(13511,'Bottom Zone'),(13517,'Rigth Zone'),(13518,'Bottom-Left Zone'),(13519,'Bottom-Right Zone'),(13520,'Bottom Zone'),(13526,'Rigth Zone'),(13527,'Bottom-Left Zone'),(13528,'Bottom-Right Zone'),(13529,'Bottom Zone'),(13535,'Rigth Zone'),(13536,'Bottom-Left Zone'),(13537,'Bottom-Right Zone'),(13538,'Bottom Zone'),(13544,'Rigth Zone'),(13545,'Bottom-Left Zone'),(13546,'Bottom-Right Zone'),(13547,'Bottom Zone'),(13553,'Rigth Zone'),(13554,'Bottom-Left Zone'),(13555,'Bottom-Right Zone'),(13556,'Bottom Zone'),(13562,'Rigth Zone'),(13563,'Bottom-Left Zone'),(13564,'Bottom-Right Zone'),(13565,'Bottom Zone'),(13571,'Rigth Zone'),(13572,'Bottom-Left Zone'),(13573,'Bottom-Right Zone'),(13574,'Bottom Zone'),(13580,'Rigth Zone'),(13581,'Bottom-Left Zone'),(13582,'Bottom-Right Zone'),(13583,'Bottom Zone'),(13589,'Rigth Zone'),(13590,'Bottom-Left Zone'),(13591,'Bottom-Right Zone'),(13592,'Bottom Zone'),(13598,'Rigth Zone'),(13599,'Bottom-Left Zone'),(13600,'Bottom-Right Zone'),(13601,'Bottom Zone'),(13607,'Rigth Zone'),(13608,'Bottom-Left Zone'),(13609,'Bottom-Right Zone'),(13610,'Bottom Zone'),(13616,'Rigth Zone'),(13617,'Bottom-Left Zone'),(13618,'Bottom-Right Zone'),(13619,'Bottom Zone'),(13625,'Rigth Zone'),(13626,'Bottom-Left Zone'),(13627,'Bottom-Right Zone'),(13628,'Bottom Zone'),(13634,'Rigth Zone'),(13635,'Bottom-Left Zone'),(13636,'Bottom-Right Zone'),(13637,'Bottom Zone'),(13643,'Rigth Zone'),(13644,'Bottom-Left Zone'),(13645,'Bottom-Right Zone'),(13646,'Bottom Zone'),(13652,'Rigth Zone'),(13653,'Bottom-Left Zone'),(13654,'Bottom-Right Zone'),(13655,'Bottom Zone'),(13661,'Rigth Zone'),(13662,'Bottom-Left Zone'),(13663,'Bottom-Right Zone'),(13664,'Bottom Zone'),(13670,'Rigth Zone'),(13671,'Bottom-Left Zone'),(13672,'Bottom-Right Zone'),(13673,'Bottom Zone'),(13679,'Rigth Zone'),(13680,'Bottom-Left Zone'),(13681,'Bottom-Right Zone'),(13682,'Bottom Zone'),(13688,'Rigth Zone'),(13689,'Bottom-Left Zone'),(13690,'Bottom-Right Zone'),(13691,'Bottom Zone'),(13697,'Rigth Zone'),(13698,'Bottom-Left Zone'),(13699,'Bottom-Right Zone'),(13700,'Bottom Zone'),(13706,'Rigth Zone'),(13707,'Bottom-Left Zone'),(13708,'Bottom-Right Zone'),(13709,'Bottom Zone'),(13715,'Rigth Zone'),(13716,'Bottom-Left Zone'),(13717,'Bottom-Right Zone'),(13718,'Bottom Zone'),(13724,'Rigth Zone'),(13725,'Bottom-Left Zone'),(13726,'Bottom-Right Zone'),(13727,'Bottom Zone'),(13733,'Rigth Zone'),(13734,'Bottom-Left Zone'),(13735,'Bottom-Right Zone'),(13736,'Bottom Zone'),(13742,'Rigth Zone'),(13743,'Bottom-Left Zone'),(13744,'Bottom-Right Zone'),(13745,'Bottom Zone'),(13751,'Rigth Zone'),(13752,'Bottom-Left Zone'),(13753,'Bottom-Right Zone'),(13754,'Bottom Zone'),(13760,'Rigth Zone'),(13761,'Bottom-Left Zone'),(13762,'Bottom-Right Zone'),(13763,'Bottom Zone'),(13769,'Rigth Zone'),(13770,'Bottom-Left Zone'),(13771,'Bottom-Right Zone'),(13772,'Bottom Zone'),(13778,'Rigth Zone'),(13779,'Bottom-Left Zone'),(13780,'Bottom-Right Zone'),(13781,'Bottom Zone'),(13787,'Rigth Zone'),(13788,'Bottom-Left Zone'),(13789,'Bottom-Right Zone'),(13790,'Bottom Zone'),(13796,'Rigth Zone'),(13797,'Bottom-Left Zone'),(13798,'Bottom-Right Zone'),(13799,'Bottom Zone'),(13805,'Rigth Zone'),(13806,'Bottom-Left Zone'),(13807,'Bottom-Right Zone'),(13808,'Bottom Zone'),(13814,'Rigth Zone'),(13815,'Bottom-Left Zone'),(13816,'Bottom-Right Zone'),(13817,'Bottom Zone'),(13823,'Rigth Zone'),(13824,'Bottom-Left Zone'),(13825,'Bottom-Right Zone'),(13826,'Bottom Zone'),(13832,'Rigth Zone'),(13833,'Bottom-Left Zone'),(13834,'Bottom-Right Zone'),(13835,'Bottom Zone'),(13841,'Rigth Zone'),(13842,'Bottom-Left Zone'),(13843,'Bottom-Right Zone'),(13844,'Bottom Zone'),(13850,'Rigth Zone'),(13851,'Bottom-Left Zone'),(13852,'Bottom-Right Zone'),(13853,'Bottom Zone'),(13859,'Rigth Zone'),(13860,'Bottom-Left Zone'),(13861,'Bottom-Right Zone'),(13862,'Bottom Zone'),(13868,'Rigth Zone'),(13869,'Bottom-Left Zone'),(13870,'Bottom-Right Zone'),(13871,'Bottom Zone'),(13877,'Rigth Zone'),(13878,'Bottom-Left Zone'),(13879,'Bottom-Right Zone'),(13880,'Bottom Zone'),(13886,'Rigth Zone'),(13887,'Bottom-Left Zone'),(13888,'Bottom-Right Zone'),(13889,'Bottom Zone'),(13895,'Rigth Zone'),(13896,'Bottom-Left Zone'),(13897,'Bottom-Right Zone'),(13898,'Bottom Zone'),(13904,'Rigth Zone'),(13905,'Bottom-Left Zone'),(13906,'Bottom-Right Zone'),(13907,'Bottom Zone'),(13913,'Rigth Zone'),(13914,'Bottom-Left Zone'),(13915,'Bottom-Right Zone'),(13916,'Bottom Zone'),(13922,'Rigth Zone'),(13923,'Bottom-Left Zone'),(13924,'Bottom-Right Zone'),(13925,'Bottom Zone'),(13931,'Rigth Zone'),(13932,'Bottom-Left Zone'),(13933,'Bottom-Right Zone'),(13934,'Bottom Zone'),(13940,'Rigth Zone'),(13941,'Bottom-Left Zone'),(13942,'Bottom-Right Zone'),(13943,'Bottom Zone'),(13949,'Rigth Zone'),(13950,'Bottom-Left Zone'),(13951,'Bottom-Right Zone'),(13952,'Bottom Zone'),(13958,'Rigth Zone'),(13959,'Bottom-Left Zone'),(13960,'Bottom-Right Zone'),(13961,'Bottom Zone'),(13967,'Rigth Zone'),(13968,'Bottom-Left Zone'),(13969,'Bottom-Right Zone'),(13970,'Bottom Zone'),(13976,'Rigth Zone'),(13977,'Bottom-Left Zone'),(13978,'Bottom-Right Zone'),(13979,'Bottom Zone'),(13985,'Rigth Zone'),(13986,'Bottom-Left Zone'),(13987,'Bottom-Right Zone'),(13988,'Bottom Zone'),(13994,'Rigth Zone'),(13995,'Bottom-Left Zone'),(13996,'Bottom-Right Zone'),(13997,'Bottom Zone'),(14003,'Rigth Zone'),(14004,'Bottom-Left Zone'),(14005,'Bottom-Right Zone'),(14006,'Bottom Zone'),(14012,'Rigth Zone'),(14013,'Bottom-Left Zone'),(14014,'Bottom-Right Zone'),(14015,'Bottom Zone'),(14021,'Rigth Zone'),(14022,'Bottom-Left Zone'),(14023,'Bottom-Right Zone'),(14024,'Bottom Zone'),(14030,'Rigth Zone'),(14031,'Bottom-Left Zone'),(14032,'Bottom-Right Zone'),(14033,'Bottom Zone'),(14039,'Rigth Zone'),(14040,'Bottom-Left Zone'),(14041,'Bottom-Right Zone'),(14042,'Bottom Zone'),(14048,'Rigth Zone'),(14049,'Bottom-Left Zone'),(14050,'Bottom-Right Zone'),(14051,'Bottom Zone'),(14057,'Rigth Zone'),(14058,'Bottom-Left Zone'),(14059,'Bottom-Right Zone'),(14060,'Bottom Zone'),(14066,'Rigth Zone'),(14067,'Bottom-Left Zone'),(14068,'Bottom-Right Zone'),(14069,'Bottom Zone'),(14075,'Rigth Zone'),(14076,'Bottom-Left Zone'),(14077,'Bottom-Right Zone'),(14078,'Bottom Zone'),(14084,'Rigth Zone'),(14085,'Bottom-Left Zone'),(14086,'Bottom-Right Zone'),(14087,'Bottom Zone'),(14093,'Rigth Zone'),(14094,'Bottom-Left Zone'),(14095,'Bottom-Right Zone'),(14096,'Bottom Zone'),(14102,'Rigth Zone'),(14103,'Bottom-Left Zone'),(14104,'Bottom-Right Zone'),(14105,'Bottom Zone'),(14111,'Rigth Zone'),(14112,'Bottom-Left Zone'),(14113,'Bottom-Right Zone'),(14114,'Bottom Zone'),(14120,'Rigth Zone'),(14121,'Bottom-Left Zone'),(14122,'Bottom-Right Zone'),(14123,'Bottom Zone'),(14129,'Rigth Zone'),(14130,'Bottom-Left Zone'),(14131,'Bottom-Right Zone'),(14132,'Bottom Zone'),(14138,'Rigth Zone'),(14139,'Bottom-Left Zone'),(14140,'Bottom-Right Zone'),(14141,'Bottom Zone'),(14147,'Rigth Zone'),(14148,'Bottom-Left Zone'),(14149,'Bottom-Right Zone'),(14150,'Bottom Zone'),(14156,'Rigth Zone'),(14157,'Bottom-Left Zone'),(14158,'Bottom-Right Zone'),(14159,'Bottom Zone'),(14165,'Rigth Zone'),(14166,'Bottom-Left Zone'),(14167,'Bottom-Right Zone'),(14168,'Bottom Zone'),(14174,'Rigth Zone'),(14175,'Bottom-Left Zone'),(14176,'Bottom-Right Zone'),(14177,'Bottom Zone'),(14183,'Rigth Zone'),(14184,'Bottom-Left Zone'),(14185,'Bottom-Right Zone'),(14186,'Bottom Zone'),(14192,'Rigth Zone'),(14193,'Bottom-Left Zone'),(14194,'Bottom-Right Zone'),(14195,'Bottom Zone'),(14201,'Rigth Zone'),(14202,'Bottom-Left Zone'),(14203,'Bottom-Right Zone'),(14204,'Bottom Zone'),(14210,'Rigth Zone'),(14211,'Bottom-Left Zone'),(14212,'Bottom-Right Zone'),(14213,'Bottom Zone'),(14219,'Rigth Zone'),(14220,'Bottom-Left Zone'),(14221,'Bottom-Right Zone'),(14222,'Bottom Zone'),(14228,'Rigth Zone'),(14229,'Bottom-Left Zone'),(14230,'Bottom-Right Zone'),(14231,'Bottom Zone'),(14237,'Rigth Zone'),(14238,'Bottom-Left Zone'),(14239,'Bottom-Right Zone'),(14240,'Bottom Zone'),(14246,'Rigth Zone'),(14247,'Bottom-Left Zone'),(14248,'Bottom-Right Zone'),(14249,'Bottom Zone'),(14255,'Rigth Zone'),(14256,'Bottom-Left Zone'),(14257,'Bottom-Right Zone'),(14258,'Bottom Zone'),(14264,'Rigth Zone'),(14265,'Bottom-Left Zone'),(14266,'Bottom-Right Zone'),(14267,'Bottom Zone'),(14273,'Rigth Zone'),(14274,'Bottom-Left Zone'),(14275,'Bottom-Right Zone'),(14276,'Bottom Zone'),(14282,'Rigth Zone'),(14283,'Bottom-Left Zone'),(14284,'Bottom-Right Zone'),(14285,'Bottom Zone'),(14291,'Rigth Zone'),(14292,'Bottom-Left Zone'),(14293,'Bottom-Right Zone'),(14294,'Bottom Zone'),(14300,'Rigth Zone'),(14301,'Bottom-Left Zone'),(14302,'Bottom-Right Zone'),(14303,'Bottom Zone'),(14309,'Rigth Zone'),(14310,'Bottom-Left Zone'),(14311,'Bottom-Right Zone'),(14312,'Bottom Zone'),(14318,'Rigth Zone'),(14319,'Bottom-Left Zone'),(14320,'Bottom-Right Zone'),(14321,'Bottom Zone'),(14327,'Rigth Zone'),(14328,'Bottom-Left Zone'),(14329,'Bottom-Right Zone'),(14330,'Bottom Zone'),(14336,'Rigth Zone'),(14337,'Bottom-Left Zone'),(14338,'Bottom-Right Zone'),(14339,'Bottom Zone'),(14345,'Rigth Zone'),(14346,'Bottom-Left Zone'),(14347,'Bottom-Right Zone'),(14348,'Bottom Zone'),(14354,'Rigth Zone'),(14355,'Bottom-Left Zone'),(14356,'Bottom-Right Zone'),(14357,'Bottom Zone'),(14363,'Rigth Zone'),(14364,'Bottom-Left Zone'),(14365,'Bottom-Right Zone'),(14366,'Bottom Zone'),(14372,'Rigth Zone'),(14373,'Bottom-Left Zone'),(14374,'Bottom-Right Zone'),(14375,'Bottom Zone'),(14381,'Rigth Zone'),(14382,'Bottom-Left Zone'),(14383,'Bottom-Right Zone'),(14384,'Bottom Zone'),(14390,'Rigth Zone'),(14391,'Bottom-Left Zone'),(14392,'Bottom-Right Zone'),(14393,'Bottom Zone'),(14399,'Rigth Zone'),(14400,'Bottom-Left Zone'),(14401,'Bottom-Right Zone'),(14402,'Bottom Zone'),(14408,'Rigth Zone'),(14409,'Bottom-Left Zone'),(14410,'Bottom-Right Zone'),(14411,'Bottom Zone'),(14417,'Rigth Zone'),(14418,'Bottom-Left Zone'),(14419,'Bottom-Right Zone'),(14420,'Bottom Zone'),(14426,'Rigth Zone'),(14427,'Bottom-Left Zone'),(14428,'Bottom-Right Zone'),(14429,'Bottom Zone'),(14435,'Rigth Zone'),(14436,'Bottom-Left Zone'),(14437,'Bottom-Right Zone'),(14438,'Bottom Zone'),(14444,'Rigth Zone'),(14445,'Bottom-Left Zone'),(14446,'Bottom-Right Zone'),(14447,'Bottom Zone'),(14453,'Rigth Zone'),(14454,'Bottom-Left Zone'),(14455,'Bottom-Right Zone'),(14456,'Bottom Zone'),(14462,'Rigth Zone'),(14463,'Bottom-Left Zone'),(14464,'Bottom-Right Zone'),(14465,'Bottom Zone'),(14471,'Rigth Zone'),(14472,'Bottom-Left Zone'),(14473,'Bottom-Right Zone'),(14474,'Bottom Zone'),(14480,'Rigth Zone'),(14481,'Bottom-Left Zone'),(14482,'Bottom-Right Zone'),(14483,'Bottom Zone'),(14489,'Rigth Zone'),(14490,'Bottom-Left Zone'),(14491,'Bottom-Right Zone'),(14492,'Bottom Zone'),(14498,'Rigth Zone'),(14499,'Bottom-Left Zone'),(14500,'Bottom-Right Zone'),(14501,'Bottom Zone'),(14507,'Rigth Zone'),(14508,'Bottom-Left Zone'),(14509,'Bottom-Right Zone'),(14510,'Bottom Zone'),(14516,'Rigth Zone'),(14517,'Bottom-Left Zone'),(14518,'Bottom-Right Zone'),(14519,'Bottom Zone'),(14525,'Rigth Zone'),(14526,'Bottom-Left Zone'),(14527,'Bottom-Right Zone'),(14528,'Bottom Zone'),(14534,'Rigth Zone'),(14535,'Bottom-Left Zone'),(14536,'Bottom-Right Zone'),(14537,'Bottom Zone'),(14543,'Rigth Zone'),(14544,'Bottom-Left Zone'),(14545,'Bottom-Right Zone'),(14546,'Bottom Zone'),(14552,'Rigth Zone'),(14553,'Bottom-Left Zone'),(14554,'Bottom-Right Zone'),(14555,'Bottom Zone'),(14561,'Rigth Zone'),(14562,'Bottom-Left Zone'),(14563,'Bottom-Right Zone'),(14564,'Bottom Zone'),(14570,'Rigth Zone'),(14571,'Bottom-Left Zone'),(14572,'Bottom-Right Zone'),(14573,'Bottom Zone'),(14579,'Rigth Zone'),(14580,'Bottom-Left Zone'),(14581,'Bottom-Right Zone'),(14582,'Bottom Zone'),(14588,'Rigth Zone'),(14589,'Bottom-Left Zone'),(14590,'Bottom-Right Zone'),(14591,'Bottom Zone'),(14597,'Rigth Zone'),(14598,'Bottom-Left Zone'),(14599,'Bottom-Right Zone'),(14600,'Bottom Zone'),(14606,'Rigth Zone'),(14607,'Bottom-Left Zone'),(14608,'Bottom-Right Zone'),(14609,'Bottom Zone'),(14615,'Rigth Zone'),(14616,'Bottom-Left Zone'),(14617,'Bottom-Right Zone'),(14618,'Bottom Zone'),(14624,'Rigth Zone'),(14625,'Bottom-Left Zone'),(14626,'Bottom-Right Zone'),(14627,'Bottom Zone'),(14633,'Rigth Zone'),(14634,'Bottom-Left Zone'),(14635,'Bottom-Right Zone'),(14636,'Bottom Zone'),(14642,'Rigth Zone'),(14643,'Bottom-Left Zone'),(14644,'Bottom-Right Zone'),(14645,'Bottom Zone'),(14651,'Rigth Zone'),(14652,'Bottom-Left Zone'),(14653,'Bottom-Right Zone'),(14654,'Bottom Zone'),(14660,'Rigth Zone'),(14661,'Bottom-Left Zone'),(14662,'Bottom-Right Zone'),(14663,'Bottom Zone'),(14669,'Rigth Zone'),(14670,'Bottom-Left Zone'),(14671,'Bottom-Right Zone'),(14672,'Bottom Zone'),(14678,'Rigth Zone'),(14679,'Bottom-Left Zone'),(14680,'Bottom-Right Zone'),(14681,'Bottom Zone'),(14687,'Rigth Zone'),(14688,'Bottom-Left Zone'),(14689,'Bottom-Right Zone'),(14690,'Bottom Zone'),(14696,'Rigth Zone'),(14697,'Bottom-Left Zone'),(14698,'Bottom-Right Zone'),(14699,'Bottom Zone'),(14705,'Rigth Zone'),(14706,'Bottom-Left Zone'),(14707,'Bottom-Right Zone'),(14708,'Bottom Zone'),(14714,'Rigth Zone'),(14715,'Bottom-Left Zone'),(14716,'Bottom-Right Zone'),(14717,'Bottom Zone'),(14723,'Rigth Zone'),(14724,'Bottom-Left Zone'),(14725,'Bottom-Right Zone'),(14726,'Bottom Zone'),(14732,'Rigth Zone'),(14733,'Bottom-Left Zone'),(14734,'Bottom-Right Zone'),(14735,'Bottom Zone'),(14741,'Rigth Zone'),(14742,'Bottom-Left Zone'),(14743,'Bottom-Right Zone'),(14744,'Bottom Zone'),(14750,'Rigth Zone'),(14751,'Bottom-Left Zone'),(14752,'Bottom-Right Zone'),(14753,'Bottom Zone'),(14759,'Rigth Zone'),(14760,'Bottom-Left Zone'),(14761,'Bottom-Right Zone'),(14762,'Bottom Zone'),(14768,'Rigth Zone'),(14769,'Bottom-Left Zone'),(14770,'Bottom-Right Zone'),(14771,'Bottom Zone'),(14777,'Rigth Zone'),(14778,'Bottom-Left Zone'),(14779,'Bottom-Right Zone'),(14780,'Bottom Zone'),(14786,'Rigth Zone'),(14787,'Bottom-Left Zone'),(14788,'Bottom-Right Zone'),(14789,'Bottom Zone'),(14795,'Rigth Zone'),(14796,'Bottom-Left Zone'),(14797,'Bottom-Right Zone'),(14798,'Bottom Zone'),(14804,'Rigth Zone'),(14805,'Bottom-Left Zone'),(14806,'Bottom-Right Zone'),(14807,'Bottom Zone'),(14813,'Rigth Zone'),(14814,'Bottom-Left Zone'),(14815,'Bottom-Right Zone'),(14816,'Bottom Zone'),(14822,'Rigth Zone'),(14823,'Bottom-Left Zone'),(14824,'Bottom-Right Zone'),(14825,'Bottom Zone'),(14831,'Rigth Zone'),(14832,'Bottom-Left Zone'),(14833,'Bottom-Right Zone'),(14834,'Bottom Zone'),(14840,'Rigth Zone'),(14841,'Bottom-Left Zone'),(14842,'Bottom-Right Zone'),(14843,'Bottom Zone'),(14849,'Rigth Zone'),(14850,'Bottom-Left Zone'),(14851,'Bottom-Right Zone'),(14852,'Bottom Zone'),(14858,'Rigth Zone'),(14859,'Bottom-Left Zone'),(14860,'Bottom-Right Zone'),(14861,'Bottom Zone'),(14867,'Rigth Zone'),(14868,'Bottom-Left Zone'),(14869,'Bottom-Right Zone'),(14870,'Bottom Zone'),(14876,'Rigth Zone'),(14877,'Bottom-Left Zone'),(14878,'Bottom-Right Zone'),(14879,'Bottom Zone'),(14885,'Rigth Zone'),(14886,'Bottom-Left Zone'),(14887,'Bottom-Right Zone'),(14888,'Bottom Zone'),(14894,'Rigth Zone'),(14895,'Bottom-Left Zone'),(14896,'Bottom-Right Zone'),(14897,'Bottom Zone'),(14903,'Rigth Zone'),(14904,'Bottom-Left Zone'),(14905,'Bottom-Right Zone'),(14906,'Bottom Zone'),(14912,'Rigth Zone'),(14913,'Bottom-Left Zone'),(14914,'Bottom-Right Zone'),(14915,'Bottom Zone'),(14921,'Rigth Zone'),(14922,'Bottom-Left Zone'),(14923,'Bottom-Right Zone'),(14924,'Bottom Zone'),(14930,'Rigth Zone'),(14931,'Bottom-Left Zone'),(14932,'Bottom-Right Zone'),(14933,'Bottom Zone'),(14939,'Rigth Zone'),(14940,'Bottom-Left Zone'),(14941,'Bottom-Right Zone'),(14942,'Bottom Zone'),(14948,'Rigth Zone'),(14949,'Bottom-Left Zone'),(14950,'Bottom-Right Zone'),(14951,'Bottom Zone'),(14957,'Rigth Zone'),(14958,'Bottom-Left Zone'),(14959,'Bottom-Right Zone'),(14960,'Bottom Zone'),(14966,'Rigth Zone'),(14967,'Bottom-Left Zone'),(14968,'Bottom-Right Zone'),(14969,'Bottom Zone'),(14975,'Rigth Zone'),(14976,'Bottom-Left Zone'),(14977,'Bottom-Right Zone'),(14978,'Bottom Zone'),(14984,'Rigth Zone'),(14985,'Bottom-Left Zone'),(14986,'Bottom-Right Zone'),(14987,'Bottom Zone'),(14993,'Rigth Zone'),(14994,'Bottom-Left Zone'),(14995,'Bottom-Right Zone'),(14996,'Bottom Zone'),(15002,'Rigth Zone'),(15003,'Bottom-Left Zone'),(15004,'Bottom-Right Zone'),(15005,'Bottom Zone'),(15011,'Rigth Zone'),(15012,'Bottom-Left Zone'),(15013,'Bottom-Right Zone'),(15014,'Bottom Zone'),(15020,'Rigth Zone'),(15021,'Bottom-Left Zone'),(15022,'Bottom-Right Zone'),(15023,'Bottom Zone'),(15029,'Rigth Zone'),(15030,'Bottom-Left Zone'),(15031,'Bottom-Right Zone'),(15032,'Bottom Zone'),(15038,'Rigth Zone'),(15039,'Bottom-Left Zone'),(15040,'Bottom-Right Zone'),(15041,'Bottom Zone'),(15047,'Rigth Zone'),(15048,'Bottom-Left Zone'),(15049,'Bottom-Right Zone'),(15050,'Bottom Zone'),(15056,'Rigth Zone'),(15057,'Bottom-Left Zone'),(15058,'Bottom-Right Zone'),(15059,'Bottom Zone'),(15065,'Rigth Zone'),(15066,'Bottom-Left Zone'),(15067,'Bottom-Right Zone'),(15068,'Bottom Zone'),(15074,'Rigth Zone'),(15075,'Bottom-Left Zone'),(15076,'Bottom-Right Zone'),(15077,'Bottom Zone'),(15083,'Rigth Zone'),(15084,'Bottom-Left Zone'),(15085,'Bottom-Right Zone'),(15086,'Bottom Zone'),(15092,'Rigth Zone'),(15093,'Bottom-Left Zone'),(15094,'Bottom-Right Zone'),(15095,'Bottom Zone'),(15101,'Rigth Zone'),(15102,'Bottom-Left Zone'),(15103,'Bottom-Right Zone'),(15104,'Bottom Zone'),(15110,'Rigth Zone'),(15111,'Bottom-Left Zone'),(15112,'Bottom-Right Zone'),(15113,'Bottom Zone'),(15119,'Rigth Zone'),(15120,'Bottom-Left Zone'),(15121,'Bottom-Right Zone'),(15122,'Bottom Zone'),(15128,'Rigth Zone'),(15129,'Bottom-Left Zone'),(15130,'Bottom-Right Zone'),(15131,'Bottom Zone'),(15137,'Rigth Zone'),(15138,'Bottom-Left Zone'),(15139,'Bottom-Right Zone'),(15140,'Bottom Zone'),(15146,'Rigth Zone'),(15147,'Bottom-Left Zone'),(15148,'Bottom-Right Zone'),(15149,'Bottom Zone'),(15155,'Rigth Zone'),(15156,'Bottom-Left Zone'),(15157,'Bottom-Right Zone'),(15158,'Bottom Zone'),(15164,'Rigth Zone'),(15165,'Bottom-Left Zone'),(15166,'Bottom-Right Zone'),(15167,'Bottom Zone'),(15173,'Rigth Zone'),(15174,'Bottom-Left Zone'),(15175,'Bottom-Right Zone'),(15176,'Bottom Zone'),(15182,'Rigth Zone'),(15183,'Bottom-Left Zone'),(15184,'Bottom-Right Zone'),(15185,'Bottom Zone'),(15191,'Rigth Zone'),(15192,'Bottom-Left Zone'),(15193,'Bottom-Right Zone'),(15194,'Bottom Zone'),(15200,'Rigth Zone'),(15201,'Bottom-Left Zone'),(15202,'Bottom-Right Zone'),(15203,'Bottom Zone'),(15209,'Rigth Zone'),(15210,'Bottom-Left Zone'),(15211,'Bottom-Right Zone'),(15212,'Bottom Zone'),(15218,'Rigth Zone'),(15219,'Bottom-Left Zone'),(15220,'Bottom-Right Zone'),(15221,'Bottom Zone'),(15227,'Rigth Zone'),(15228,'Bottom-Left Zone'),(15229,'Bottom-Right Zone'),(15230,'Bottom Zone'),(15236,'Rigth Zone'),(15237,'Bottom-Left Zone'),(15238,'Bottom-Right Zone'),(15239,'Bottom Zone'),(15245,'Rigth Zone'),(15246,'Bottom-Left Zone'),(15247,'Bottom-Right Zone'),(15248,'Bottom Zone'),(15254,'Rigth Zone'),(15255,'Bottom-Left Zone'),(15256,'Bottom-Right Zone'),(15257,'Bottom Zone'),(15263,'Rigth Zone'),(15264,'Bottom-Left Zone'),(15265,'Bottom-Right Zone'),(15266,'Bottom Zone'),(15272,'Rigth Zone'),(15273,'Bottom-Left Zone'),(15274,'Bottom-Right Zone'),(15275,'Bottom Zone'),(15281,'Rigth Zone'),(15282,'Bottom-Left Zone'),(15283,'Bottom-Right Zone'),(15284,'Bottom Zone'),(15290,'Rigth Zone'),(15291,'Bottom-Left Zone'),(15292,'Bottom-Right Zone'),(15293,'Bottom Zone'),(15299,'Rigth Zone'),(15300,'Bottom-Left Zone'),(15301,'Bottom-Right Zone'),(15302,'Bottom Zone'),(15308,'Rigth Zone'),(15309,'Bottom-Left Zone'),(15310,'Bottom-Right Zone'),(15311,'Bottom Zone'),(15317,'Rigth Zone'),(15318,'Bottom-Left Zone'),(15319,'Bottom-Right Zone'),(15320,'Bottom Zone'),(15326,'Rigth Zone'),(15327,'Bottom-Left Zone'),(15328,'Bottom-Right Zone'),(15329,'Bottom Zone'),(15335,'Rigth Zone'),(15336,'Bottom-Left Zone'),(15337,'Bottom-Right Zone'),(15338,'Bottom Zone'),(15344,'Rigth Zone'),(15345,'Bottom-Left Zone'),(15346,'Bottom-Right Zone'),(15347,'Bottom Zone'),(15353,'Rigth Zone'),(15354,'Bottom-Left Zone'),(15355,'Bottom-Right Zone'),(15356,'Bottom Zone'),(15362,'Rigth Zone'),(15363,'Bottom-Left Zone'),(15364,'Bottom-Right Zone'),(15365,'Bottom Zone'),(15371,'Rigth Zone'),(15372,'Bottom-Left Zone'),(15373,'Bottom-Right Zone'),(15374,'Bottom Zone'),(15380,'Rigth Zone'),(15381,'Bottom-Left Zone'),(15382,'Bottom-Right Zone'),(15383,'Bottom Zone'),(15389,'Rigth Zone'),(15390,'Bottom-Left Zone'),(15391,'Bottom-Right Zone'),(15392,'Bottom Zone'),(15398,'Rigth Zone'),(15399,'Bottom-Left Zone'),(15400,'Bottom-Right Zone'),(15401,'Bottom Zone'),(15407,'Rigth Zone'),(15408,'Bottom-Left Zone'),(15409,'Bottom-Right Zone'),(15410,'Bottom Zone'),(15416,'Rigth Zone'),(15417,'Bottom-Left Zone'),(15418,'Bottom-Right Zone'),(15419,'Bottom Zone'),(15425,'Rigth Zone'),(15426,'Bottom-Left Zone'),(15427,'Bottom-Right Zone'),(15428,'Bottom Zone'),(15434,'Rigth Zone'),(15435,'Bottom-Left Zone'),(15436,'Bottom-Right Zone'),(15437,'Bottom Zone'),(15443,'Rigth Zone'),(15444,'Bottom-Left Zone'),(15445,'Bottom-Right Zone'),(15446,'Bottom Zone'),(15452,'Rigth Zone'),(15453,'Bottom-Left Zone'),(15454,'Bottom-Right Zone'),(15455,'Bottom Zone'),(15461,'Rigth Zone'),(15462,'Bottom-Left Zone'),(15463,'Bottom-Right Zone'),(15464,'Bottom Zone'),(15470,'Rigth Zone'),(15471,'Bottom-Left Zone'),(15472,'Bottom-Right Zone'),(15473,'Bottom Zone'),(15479,'Rigth Zone'),(15480,'Bottom-Left Zone'),(15481,'Bottom-Right Zone'),(15482,'Bottom Zone'),(15488,'Rigth Zone'),(15489,'Bottom-Left Zone'),(15490,'Bottom-Right Zone'),(15491,'Bottom Zone'),(15497,'Rigth Zone'),(15498,'Bottom-Left Zone'),(15499,'Bottom-Right Zone'),(15500,'Bottom Zone'),(15506,'Rigth Zone'),(15507,'Bottom-Left Zone'),(15508,'Bottom-Right Zone'),(15509,'Bottom Zone'),(15515,'Rigth Zone'),(15516,'Bottom-Left Zone'),(15517,'Bottom-Right Zone'),(15518,'Bottom Zone'),(15524,'Rigth Zone'),(15525,'Bottom-Left Zone'),(15526,'Bottom-Right Zone'),(15527,'Bottom Zone'),(15533,'Rigth Zone'),(15534,'Bottom-Left Zone'),(15535,'Bottom-Right Zone'),(15536,'Bottom Zone'),(15542,'Rigth Zone'),(15543,'Bottom-Left Zone'),(15544,'Bottom-Right Zone'),(15545,'Bottom Zone'),(15551,'Rigth Zone'),(15552,'Bottom-Left Zone'),(15553,'Bottom-Right Zone'),(15554,'Bottom Zone'),(15560,'Rigth Zone'),(15561,'Bottom-Left Zone'),(15562,'Bottom-Right Zone'),(15563,'Bottom Zone'),(15569,'Rigth Zone'),(15570,'Bottom-Left Zone'),(15571,'Bottom-Right Zone'),(15572,'Bottom Zone'),(15578,'Rigth Zone'),(15579,'Bottom-Left Zone'),(15580,'Bottom-Right Zone'),(15581,'Bottom Zone'),(15587,'Rigth Zone'),(15588,'Bottom-Left Zone'),(15589,'Bottom-Right Zone'),(15590,'Bottom Zone'),(15596,'Rigth Zone'),(15597,'Bottom-Left Zone'),(15598,'Bottom-Right Zone'),(15599,'Bottom Zone'),(15605,'Rigth Zone'),(15606,'Bottom-Left Zone'),(15607,'Bottom-Right Zone'),(15608,'Bottom Zone'),(15614,'Rigth Zone'),(15615,'Bottom-Left Zone'),(15616,'Bottom-Right Zone'),(15617,'Bottom Zone'),(15623,'Rigth Zone'),(15624,'Bottom-Left Zone'),(15625,'Bottom-Right Zone'),(15626,'Bottom Zone'),(15632,'Rigth Zone'),(15633,'Bottom-Left Zone'),(15634,'Bottom-Right Zone'),(15635,'Bottom Zone'),(15641,'Rigth Zone'),(15642,'Bottom-Left Zone'),(15643,'Bottom-Right Zone'),(15644,'Bottom Zone'),(15650,'Rigth Zone'),(15651,'Bottom-Left Zone'),(15652,'Bottom-Right Zone'),(15653,'Bottom Zone'),(15659,'Rigth Zone'),(15660,'Bottom-Left Zone'),(15661,'Bottom-Right Zone'),(15662,'Bottom Zone'),(15668,'Rigth Zone'),(15669,'Bottom-Left Zone'),(15670,'Bottom-Right Zone'),(15671,'Bottom Zone'),(15677,'Rigth Zone'),(15678,'Bottom-Left Zone'),(15679,'Bottom-Right Zone'),(15680,'Bottom Zone'),(15686,'Rigth Zone'),(15687,'Bottom-Left Zone'),(15688,'Bottom-Right Zone'),(15689,'Bottom Zone'),(15695,'Rigth Zone'),(15696,'Bottom-Left Zone'),(15697,'Bottom-Right Zone'),(15698,'Bottom Zone'),(15704,'Rigth Zone'),(15705,'Bottom-Left Zone'),(15706,'Bottom-Right Zone'),(15707,'Bottom Zone'),(15713,'Rigth Zone'),(15714,'Bottom-Left Zone'),(15715,'Bottom-Right Zone'),(15716,'Bottom Zone'),(15722,'Rigth Zone'),(15723,'Bottom-Left Zone'),(15724,'Bottom-Right Zone'),(15725,'Bottom Zone'),(15731,'Rigth Zone'),(15732,'Bottom-Left Zone'),(15733,'Bottom-Right Zone'),(15734,'Bottom Zone'),(15740,'Rigth Zone'),(15741,'Bottom-Left Zone'),(15742,'Bottom-Right Zone'),(15743,'Bottom Zone'),(15749,'Rigth Zone'),(15750,'Bottom-Left Zone'),(15751,'Bottom-Right Zone'),(15752,'Bottom Zone'),(15758,'Rigth Zone'),(15759,'Bottom-Left Zone'),(15760,'Bottom-Right Zone'),(15761,'Bottom Zone'),(15767,'Rigth Zone'),(15768,'Bottom-Left Zone'),(15769,'Bottom-Right Zone'),(15770,'Bottom Zone'),(15776,'Rigth Zone'),(15777,'Bottom-Left Zone'),(15778,'Bottom-Right Zone'),(15779,'Bottom Zone'),(15785,'Rigth Zone'),(15786,'Bottom-Left Zone'),(15787,'Bottom-Right Zone'),(15788,'Bottom Zone'),(15794,'Rigth Zone'),(15795,'Bottom-Left Zone'),(15796,'Bottom-Right Zone'),(15797,'Bottom Zone'),(15803,'Rigth Zone'),(15804,'Bottom-Left Zone'),(15805,'Bottom-Right Zone'),(15806,'Bottom Zone'),(15812,'Rigth Zone'),(15813,'Bottom-Left Zone'),(15814,'Bottom-Right Zone'),(15815,'Bottom Zone'),(15821,'Rigth Zone'),(15822,'Bottom-Left Zone'),(15823,'Bottom-Right Zone'),(15824,'Bottom Zone'),(15830,'Rigth Zone'),(15831,'Bottom-Left Zone'),(15832,'Bottom-Right Zone'),(15833,'Bottom Zone'),(15839,'Rigth Zone'),(15840,'Bottom-Left Zone'),(15841,'Bottom-Right Zone'),(15842,'Bottom Zone'),(15848,'Rigth Zone'),(15849,'Bottom-Left Zone'),(15850,'Bottom-Right Zone'),(15851,'Bottom Zone'),(15857,'Rigth Zone'),(15858,'Bottom-Left Zone'),(15859,'Bottom-Right Zone'),(15860,'Bottom Zone'),(15866,'Rigth Zone'),(15867,'Bottom-Left Zone'),(15868,'Bottom-Right Zone'),(15869,'Bottom Zone'),(15875,'Rigth Zone'),(15876,'Bottom-Left Zone'),(15877,'Bottom-Right Zone'),(15878,'Bottom Zone'),(15884,'Rigth Zone'),(15885,'Bottom-Left Zone'),(15886,'Bottom-Right Zone'),(15887,'Bottom Zone'),(15893,'Rigth Zone'),(15894,'Bottom-Left Zone'),(15895,'Bottom-Right Zone'),(15896,'Bottom Zone'),(15902,'Rigth Zone'),(15903,'Bottom-Left Zone'),(15904,'Bottom-Right Zone'),(15905,'Bottom Zone'),(15911,'Rigth Zone'),(15912,'Bottom-Left Zone'),(15913,'Bottom-Right Zone'),(15914,'Bottom Zone'),(15920,'Rigth Zone'),(15921,'Bottom-Left Zone'),(15922,'Bottom-Right Zone'),(15923,'Bottom Zone'),(15929,'Rigth Zone'),(15930,'Bottom-Left Zone'),(15931,'Bottom-Right Zone'),(15932,'Bottom Zone'),(15938,'Rigth Zone'),(15939,'Bottom-Left Zone'),(15940,'Bottom-Right Zone'),(15941,'Bottom Zone'),(15947,'Rigth Zone'),(15948,'Bottom-Left Zone'),(15949,'Bottom-Right Zone'),(15950,'Bottom Zone'),(15956,'Rigth Zone'),(15957,'Bottom-Left Zone'),(15958,'Bottom-Right Zone'),(15959,'Bottom Zone'),(15965,'Rigth Zone'),(15966,'Bottom-Left Zone'),(15967,'Bottom-Right Zone'),(15968,'Bottom Zone'),(15974,'Rigth Zone'),(15975,'Bottom-Left Zone'),(15976,'Bottom-Right Zone'),(15977,'Bottom Zone'),(15983,'Rigth Zone'),(15984,'Bottom-Left Zone'),(15985,'Bottom-Right Zone'),(15986,'Bottom Zone'),(15992,'Rigth Zone'),(15993,'Bottom-Left Zone'),(15994,'Bottom-Right Zone'),(15995,'Bottom Zone'),(16001,'Rigth Zone'),(16002,'Bottom-Left Zone'),(16003,'Bottom-Right Zone'),(16004,'Bottom Zone'),(16010,'Rigth Zone'),(16011,'Bottom-Left Zone'),(16012,'Bottom-Right Zone'),(16013,'Bottom Zone'),(16019,'Rigth Zone'),(16020,'Bottom-Left Zone'),(16021,'Bottom-Right Zone'),(16022,'Bottom Zone'),(16028,'Rigth Zone'),(16029,'Bottom-Left Zone'),(16030,'Bottom-Right Zone'),(16031,'Bottom Zone'),(16037,'Rigth Zone'),(16038,'Bottom-Left Zone'),(16039,'Bottom-Right Zone'),(16040,'Bottom Zone'),(16046,'Rigth Zone'),(16047,'Bottom-Left Zone'),(16048,'Bottom-Right Zone'),(16049,'Bottom Zone'),(16055,'Rigth Zone'),(16056,'Bottom-Left Zone'),(16057,'Bottom-Right Zone'),(16058,'Bottom Zone'),(16064,'Rigth Zone'),(16065,'Bottom-Left Zone'),(16066,'Bottom-Right Zone'),(16067,'Bottom Zone'),(16073,'Rigth Zone'),(16074,'Bottom-Left Zone'),(16075,'Bottom-Right Zone'),(16076,'Bottom Zone'),(16082,'Rigth Zone'),(16083,'Bottom-Left Zone'),(16084,'Bottom-Right Zone'),(16085,'Bottom Zone'),(16091,'Rigth Zone'),(16092,'Bottom-Left Zone'),(16093,'Bottom-Right Zone'),(16094,'Bottom Zone'),(16100,'Rigth Zone'),(16101,'Bottom-Left Zone'),(16102,'Bottom-Right Zone'),(16103,'Bottom Zone'),(16109,'Rigth Zone'),(16110,'Bottom-Left Zone'),(16111,'Bottom-Right Zone'),(16112,'Bottom Zone'),(16118,'Rigth Zone'),(16119,'Bottom-Left Zone'),(16120,'Bottom-Right Zone'),(16121,'Bottom Zone'),(16127,'Rigth Zone'),(16128,'Bottom-Left Zone'),(16129,'Bottom-Right Zone'),(16130,'Bottom Zone'),(16136,'Rigth Zone'),(16137,'Bottom-Left Zone'),(16138,'Bottom-Right Zone'),(16139,'Bottom Zone'),(16145,'Rigth Zone'),(16146,'Bottom-Left Zone'),(16147,'Bottom-Right Zone'),(16148,'Bottom Zone'),(16154,'Rigth Zone'),(16155,'Bottom-Left Zone'),(16156,'Bottom-Right Zone'),(16157,'Bottom Zone'),(16163,'Rigth Zone'),(16164,'Bottom-Left Zone'),(16165,'Bottom-Right Zone'),(16166,'Bottom Zone'),(16172,'Rigth Zone'),(16173,'Bottom-Left Zone'),(16174,'Bottom-Right Zone'),(16175,'Bottom Zone'),(16181,'Rigth Zone'),(16182,'Bottom-Left Zone'),(16183,'Bottom-Right Zone'),(16184,'Bottom Zone'),(16190,'Rigth Zone'),(16191,'Bottom-Left Zone'),(16192,'Bottom-Right Zone'),(16193,'Bottom Zone'),(16199,'Rigth Zone'),(16200,'Bottom-Left Zone'),(16201,'Bottom-Right Zone'),(16202,'Bottom Zone'),(16208,'Rigth Zone'),(16209,'Bottom-Left Zone'),(16210,'Bottom-Right Zone'),(16211,'Bottom Zone'),(16217,'Rigth Zone'),(16218,'Bottom-Left Zone'),(16219,'Bottom-Right Zone'),(16220,'Bottom Zone'),(16226,'Rigth Zone'),(16227,'Bottom-Left Zone'),(16228,'Bottom-Right Zone'),(16229,'Bottom Zone'),(16235,'Rigth Zone'),(16236,'Bottom-Left Zone'),(16237,'Bottom-Right Zone'),(16238,'Bottom Zone'),(16244,'Rigth Zone'),(16245,'Bottom-Left Zone'),(16246,'Bottom-Right Zone'),(16247,'Bottom Zone'),(16253,'Rigth Zone'),(16254,'Bottom-Left Zone'),(16255,'Bottom-Right Zone'),(16256,'Bottom Zone'),(16262,'Rigth Zone'),(16263,'Bottom-Left Zone'),(16264,'Bottom-Right Zone'),(16265,'Bottom Zone'),(16271,'Rigth Zone'),(16272,'Bottom-Left Zone'),(16273,'Bottom-Right Zone'),(16274,'Bottom Zone'),(16280,'Rigth Zone'),(16281,'Bottom-Left Zone'),(16282,'Bottom-Right Zone'),(16283,'Bottom Zone'),(16289,'Rigth Zone'),(16290,'Bottom-Left Zone'),(16291,'Bottom-Right Zone'),(16292,'Bottom Zone'),(16298,'Rigth Zone'),(16299,'Bottom-Left Zone'),(16300,'Bottom-Right Zone'),(16301,'Bottom Zone'),(16307,'Rigth Zone'),(16308,'Bottom-Left Zone'),(16309,'Bottom-Right Zone'),(16310,'Bottom Zone'),(16316,'Rigth Zone'),(16317,'Bottom-Left Zone'),(16318,'Bottom-Right Zone'),(16319,'Bottom Zone'),(16325,'Rigth Zone'),(16326,'Bottom-Left Zone'),(16327,'Bottom-Right Zone'),(16328,'Bottom Zone'),(16334,'Rigth Zone'),(16335,'Bottom-Left Zone'),(16336,'Bottom-Right Zone'),(16337,'Bottom Zone'),(16343,'Rigth Zone'),(16344,'Bottom-Left Zone'),(16345,'Bottom-Right Zone'),(16346,'Bottom Zone'),(16352,'Rigth Zone'),(16353,'Bottom-Left Zone'),(16354,'Bottom-Right Zone'),(16355,'Bottom Zone'),(16361,'Rigth Zone'),(16362,'Bottom-Left Zone'),(16363,'Bottom-Right Zone'),(16364,'Bottom Zone'),(16370,'Rigth Zone'),(16371,'Bottom-Left Zone'),(16372,'Bottom-Right Zone'),(16373,'Bottom Zone'),(16379,'Rigth Zone'),(16380,'Bottom-Left Zone'),(16381,'Bottom-Right Zone'),(16382,'Bottom Zone'),(16388,'Rigth Zone'),(16389,'Bottom-Left Zone'),(16390,'Bottom-Right Zone'),(16391,'Bottom Zone'),(16397,'Rigth Zone'),(16398,'Bottom-Left Zone'),(16399,'Bottom-Right Zone'),(16400,'Bottom Zone'),(16406,'Rigth Zone'),(16407,'Bottom-Left Zone'),(16408,'Bottom-Right Zone'),(16409,'Bottom Zone'),(16415,'Rigth Zone'),(16416,'Bottom-Left Zone'),(16417,'Bottom-Right Zone'),(16418,'Bottom Zone'),(16424,'Rigth Zone'),(16425,'Bottom-Left Zone'),(16426,'Bottom-Right Zone'),(16427,'Bottom Zone'),(16433,'Rigth Zone'),(16434,'Bottom-Left Zone'),(16435,'Bottom-Right Zone'),(16436,'Bottom Zone'),(16442,'Rigth Zone'),(16443,'Bottom-Left Zone'),(16444,'Bottom-Right Zone'),(16445,'Bottom Zone'),(16451,'Rigth Zone'),(16452,'Bottom-Left Zone'),(16453,'Bottom-Right Zone'),(16454,'Bottom Zone'),(16460,'Rigth Zone'),(16461,'Bottom-Left Zone'),(16462,'Bottom-Right Zone'),(16463,'Bottom Zone'),(16469,'Rigth Zone'),(16470,'Bottom-Left Zone'),(16471,'Bottom-Right Zone'),(16472,'Bottom Zone'),(16478,'Rigth Zone'),(16479,'Bottom-Left Zone'),(16480,'Bottom-Right Zone'),(16481,'Bottom Zone'),(16487,'Rigth Zone'),(16488,'Bottom-Left Zone'),(16489,'Bottom-Right Zone'),(16490,'Bottom Zone'),(16496,'Rigth Zone'),(16497,'Bottom-Left Zone'),(16498,'Bottom-Right Zone'),(16499,'Bottom Zone'),(16505,'Rigth Zone'),(16506,'Bottom-Left Zone'),(16507,'Bottom-Right Zone'),(16508,'Bottom Zone'),(16514,'Rigth Zone'),(16515,'Bottom-Left Zone'),(16516,'Bottom-Right Zone'),(16517,'Bottom Zone'),(16523,'Rigth Zone'),(16524,'Bottom-Left Zone'),(16525,'Bottom-Right Zone'),(16526,'Bottom Zone'),(16532,'Rigth Zone'),(16533,'Bottom-Left Zone'),(16534,'Bottom-Right Zone'),(16535,'Bottom Zone'),(16541,'Rigth Zone'),(16542,'Bottom-Left Zone'),(16543,'Bottom-Right Zone'),(16544,'Bottom Zone'),(16550,'Rigth Zone'),(16551,'Bottom-Left Zone'),(16552,'Bottom-Right Zone'),(16553,'Bottom Zone'),(16559,'Rigth Zone'),(16560,'Bottom-Left Zone'),(16561,'Bottom-Right Zone'),(16562,'Bottom Zone'),(16568,'Rigth Zone'),(16569,'Bottom-Left Zone'),(16570,'Bottom-Right Zone'),(16571,'Bottom Zone'),(16577,'Rigth Zone'),(16578,'Bottom-Left Zone'),(16579,'Bottom-Right Zone'),(16580,'Bottom Zone'),(16586,'Rigth Zone'),(16587,'Bottom-Left Zone'),(16588,'Bottom-Right Zone'),(16589,'Bottom Zone'),(16595,'Rigth Zone'),(16596,'Bottom-Left Zone'),(16597,'Bottom-Right Zone'),(16598,'Bottom Zone'),(16604,'Rigth Zone'),(16605,'Bottom-Left Zone'),(16606,'Bottom-Right Zone'),(16607,'Bottom Zone'),(16613,'Rigth Zone'),(16614,'Bottom-Left Zone'),(16615,'Bottom-Right Zone'),(16616,'Bottom Zone'),(16622,'Rigth Zone'),(16623,'Bottom-Left Zone'),(16624,'Bottom-Right Zone'),(16625,'Bottom Zone'),(16631,'Rigth Zone'),(16632,'Bottom-Left Zone'),(16633,'Bottom-Right Zone'),(16634,'Bottom Zone'),(16640,'Rigth Zone'),(16641,'Bottom-Left Zone'),(16642,'Bottom-Right Zone'),(16643,'Bottom Zone'),(16649,'Rigth Zone'),(16650,'Bottom-Left Zone'),(16651,'Bottom-Right Zone'),(16652,'Bottom Zone'),(16658,'Rigth Zone'),(16659,'Bottom-Left Zone'),(16660,'Bottom-Right Zone'),(16661,'Bottom Zone'),(16667,'Rigth Zone'),(16668,'Bottom-Left Zone'),(16669,'Bottom-Right Zone'),(16670,'Bottom Zone'),(16676,'Rigth Zone'),(16677,'Bottom-Left Zone'),(16678,'Bottom-Right Zone'),(16679,'Bottom Zone'),(16685,'Rigth Zone'),(16686,'Bottom-Left Zone'),(16687,'Bottom-Right Zone'),(16688,'Bottom Zone'),(16694,'Rigth Zone'),(16695,'Bottom-Left Zone'),(16696,'Bottom-Right Zone'),(16697,'Bottom Zone'),(16703,'Rigth Zone'),(16704,'Bottom-Left Zone'),(16705,'Bottom-Right Zone'),(16706,'Bottom Zone'),(16712,'Rigth Zone'),(16713,'Bottom-Left Zone'),(16714,'Bottom-Right Zone'),(16715,'Bottom Zone'),(16721,'Rigth Zone'),(16722,'Bottom-Left Zone'),(16723,'Bottom-Right Zone'),(16724,'Bottom Zone'),(16730,'Rigth Zone'),(16731,'Bottom-Left Zone'),(16732,'Bottom-Right Zone'),(16733,'Bottom Zone'),(16739,'Rigth Zone'),(16740,'Bottom-Left Zone'),(16741,'Bottom-Right Zone'),(16742,'Bottom Zone'),(16748,'Rigth Zone'),(16749,'Bottom-Left Zone'),(16750,'Bottom-Right Zone'),(16751,'Bottom Zone'),(16757,'Rigth Zone'),(16758,'Bottom-Left Zone'),(16759,'Bottom-Right Zone'),(16760,'Bottom Zone'),(16766,'Rigth Zone'),(16767,'Bottom-Left Zone'),(16768,'Bottom-Right Zone'),(16769,'Bottom Zone'),(16775,'Rigth Zone'),(16776,'Bottom-Left Zone'),(16777,'Bottom-Right Zone'),(16778,'Bottom Zone'),(16784,'Rigth Zone'),(16785,'Bottom-Left Zone'),(16786,'Bottom-Right Zone'),(16787,'Bottom Zone'),(16793,'Rigth Zone'),(16794,'Bottom-Left Zone'),(16795,'Bottom-Right Zone'),(16796,'Bottom Zone'),(16802,'Rigth Zone'),(16803,'Bottom-Left Zone'),(16804,'Bottom-Right Zone'),(16805,'Bottom Zone'),(16811,'Rigth Zone'),(16812,'Bottom-Left Zone'),(16813,'Bottom-Right Zone'),(16814,'Bottom Zone'),(16820,'Rigth Zone'),(16821,'Bottom-Left Zone'),(16822,'Bottom-Right Zone'),(16823,'Bottom Zone'),(16829,'Rigth Zone'),(16830,'Bottom-Left Zone'),(16831,'Bottom-Right Zone'),(16832,'Bottom Zone'),(16838,'Rigth Zone'),(16839,'Bottom-Left Zone'),(16840,'Bottom-Right Zone'),(16841,'Bottom Zone'),(16847,'Rigth Zone'),(16848,'Bottom-Left Zone'),(16849,'Bottom-Right Zone'),(16850,'Bottom Zone'),(16856,'Rigth Zone'),(16857,'Bottom-Left Zone'),(16858,'Bottom-Right Zone'),(16859,'Bottom Zone'),(16865,'Rigth Zone'),(16866,'Bottom-Left Zone'),(16867,'Bottom-Right Zone'),(16868,'Bottom Zone'),(16874,'Rigth Zone'),(16875,'Bottom-Left Zone'),(16876,'Bottom-Right Zone'),(16877,'Bottom Zone'),(16883,'Rigth Zone'),(16884,'Bottom-Left Zone'),(16885,'Bottom-Right Zone'),(16886,'Bottom Zone'),(16892,'Rigth Zone'),(16893,'Bottom-Left Zone'),(16894,'Bottom-Right Zone'),(16895,'Bottom Zone'),(16901,'Rigth Zone'),(16902,'Bottom-Left Zone'),(16903,'Bottom-Right Zone'),(16904,'Bottom Zone'),(16910,'Rigth Zone'),(16911,'Bottom-Left Zone'),(16912,'Bottom-Right Zone'),(16913,'Bottom Zone'),(16919,'Rigth Zone'),(16920,'Bottom-Left Zone'),(16921,'Bottom-Right Zone'),(16922,'Bottom Zone'),(16928,'Rigth Zone'),(16929,'Bottom-Left Zone'),(16930,'Bottom-Right Zone'),(16931,'Bottom Zone'),(16937,'Rigth Zone'),(16938,'Bottom-Left Zone'),(16939,'Bottom-Right Zone'),(16940,'Bottom Zone'),(16946,'Rigth Zone'),(16947,'Bottom-Left Zone'),(16948,'Bottom-Right Zone'),(16949,'Bottom Zone'),(16955,'Rigth Zone'),(16956,'Bottom-Left Zone'),(16957,'Bottom-Right Zone'),(16958,'Bottom Zone'),(16964,'Rigth Zone'),(16965,'Bottom-Left Zone'),(16966,'Bottom-Right Zone'),(16967,'Bottom Zone'),(16973,'Rigth Zone'),(16974,'Bottom-Left Zone'),(16975,'Bottom-Right Zone'),(16976,'Bottom Zone'),(16982,'Rigth Zone'),(16983,'Bottom-Left Zone'),(16984,'Bottom-Right Zone'),(16985,'Bottom Zone'),(16991,'Rigth Zone'),(16992,'Bottom-Left Zone'),(16993,'Bottom-Right Zone'),(16994,'Bottom Zone'),(17000,'Rigth Zone'),(17001,'Bottom-Left Zone'),(17002,'Bottom-Right Zone'),(17003,'Bottom Zone'),(17009,'Rigth Zone'),(17010,'Bottom-Left Zone'),(17011,'Bottom-Right Zone'),(17012,'Bottom Zone'),(17018,'Rigth Zone'),(17019,'Bottom-Left Zone'),(17020,'Bottom-Right Zone'),(17021,'Bottom Zone'),(17027,'Rigth Zone'),(17028,'Bottom-Left Zone'),(17029,'Bottom-Right Zone'),(17030,'Bottom Zone'),(17036,'Rigth Zone'),(17037,'Bottom-Left Zone'),(17038,'Bottom-Right Zone'),(17039,'Bottom Zone'),(17045,'Rigth Zone'),(17046,'Bottom-Left Zone'),(17047,'Bottom-Right Zone'),(17048,'Bottom Zone'),(17054,'Rigth Zone'),(17055,'Bottom-Left Zone'),(17056,'Bottom-Right Zone'),(17057,'Bottom Zone'),(17063,'Rigth Zone'),(17064,'Bottom-Left Zone'),(17065,'Bottom-Right Zone'),(17066,'Bottom Zone'),(17072,'Rigth Zone'),(17073,'Bottom-Left Zone'),(17074,'Bottom-Right Zone'),(17075,'Bottom Zone'),(17081,'Rigth Zone'),(17082,'Bottom-Left Zone'),(17083,'Bottom-Right Zone'),(17084,'Bottom Zone'),(17090,'Rigth Zone'),(17091,'Bottom-Left Zone'),(17092,'Bottom-Right Zone'),(17093,'Bottom Zone'),(17099,'Rigth Zone'),(17100,'Bottom-Left Zone'),(17101,'Bottom-Right Zone'),(17102,'Bottom Zone'),(17108,'Rigth Zone'),(17109,'Bottom-Left Zone'),(17110,'Bottom-Right Zone'),(17111,'Bottom Zone'),(17117,'Rigth Zone'),(17118,'Bottom-Left Zone'),(17119,'Bottom-Right Zone'),(17120,'Bottom Zone'),(17126,'Rigth Zone'),(17127,'Bottom-Left Zone'),(17128,'Bottom-Right Zone'),(17129,'Bottom Zone'),(17135,'Rigth Zone'),(17136,'Bottom-Left Zone'),(17137,'Bottom-Right Zone'),(17138,'Bottom Zone'),(17144,'Rigth Zone'),(17145,'Bottom-Left Zone'),(17146,'Bottom-Right Zone'),(17147,'Bottom Zone'),(17153,'Rigth Zone'),(17154,'Bottom-Left Zone'),(17155,'Bottom-Right Zone'),(17156,'Bottom Zone'),(17162,'Rigth Zone'),(17163,'Bottom-Left Zone'),(17164,'Bottom-Right Zone'),(17165,'Bottom Zone'),(17171,'Rigth Zone'),(17172,'Bottom-Left Zone'),(17173,'Bottom-Right Zone'),(17174,'Bottom Zone'),(17180,'Rigth Zone'),(17181,'Bottom-Left Zone'),(17182,'Bottom-Right Zone'),(17183,'Bottom Zone'),(17189,'Rigth Zone'),(17190,'Bottom-Left Zone'),(17191,'Bottom-Right Zone'),(17192,'Bottom Zone'),(17198,'Rigth Zone'),(17199,'Bottom-Left Zone'),(17200,'Bottom-Right Zone'),(17201,'Bottom Zone'),(17207,'Rigth Zone'),(17208,'Bottom-Left Zone'),(17209,'Bottom-Right Zone'),(17210,'Bottom Zone'),(17216,'Rigth Zone'),(17217,'Bottom-Left Zone'),(17218,'Bottom-Right Zone'),(17219,'Bottom Zone'),(17225,'Rigth Zone'),(17226,'Bottom-Left Zone'),(17227,'Bottom-Right Zone'),(17228,'Bottom Zone'),(17234,'Rigth Zone'),(17235,'Bottom-Left Zone'),(17236,'Bottom-Right Zone'),(17237,'Bottom Zone'),(17243,'Rigth Zone'),(17244,'Bottom-Left Zone'),(17245,'Bottom-Right Zone'),(17246,'Bottom Zone'),(17252,'Rigth Zone'),(17253,'Bottom-Left Zone'),(17254,'Bottom-Right Zone'),(17255,'Bottom Zone'),(17261,'Rigth Zone'),(17262,'Bottom-Left Zone'),(17263,'Bottom-Right Zone'),(17264,'Bottom Zone'),(17270,'Rigth Zone'),(17271,'Bottom-Left Zone'),(17272,'Bottom-Right Zone'),(17273,'Bottom Zone'),(17279,'Rigth Zone'),(17280,'Bottom-Left Zone'),(17281,'Bottom-Right Zone'),(17282,'Bottom Zone'),(17288,'Rigth Zone'),(17289,'Bottom-Left Zone'),(17290,'Bottom-Right Zone'),(17291,'Bottom Zone'),(17297,'Rigth Zone'),(17298,'Bottom-Left Zone'),(17299,'Bottom-Right Zone'),(17300,'Bottom Zone'),(17306,'Rigth Zone'),(17307,'Bottom-Left Zone'),(17308,'Bottom-Right Zone'),(17309,'Bottom Zone'),(17315,'Rigth Zone'),(17316,'Bottom-Left Zone'),(17317,'Bottom-Right Zone'),(17318,'Bottom Zone'),(17324,'Rigth Zone'),(17325,'Bottom-Left Zone'),(17326,'Bottom-Right Zone'),(17327,'Bottom Zone'),(17333,'Rigth Zone'),(17334,'Bottom-Left Zone'),(17335,'Bottom-Right Zone'),(17336,'Bottom Zone'),(17342,'Rigth Zone'),(17343,'Bottom-Left Zone'),(17344,'Bottom-Right Zone'),(17345,'Bottom Zone'),(17351,'Rigth Zone'),(17352,'Bottom-Left Zone'),(17353,'Bottom-Right Zone'),(17354,'Bottom Zone'),(17360,'Rigth Zone'),(17361,'Bottom-Left Zone'),(17362,'Bottom-Right Zone'),(17363,'Bottom Zone'),(17369,'Rigth Zone'),(17370,'Bottom-Left Zone'),(17371,'Bottom-Right Zone'),(17372,'Bottom Zone'),(17378,'Rigth Zone'),(17379,'Bottom-Left Zone'),(17380,'Bottom-Right Zone'),(17381,'Bottom Zone'),(17387,'Rigth Zone'),(17388,'Bottom-Left Zone'),(17389,'Bottom-Right Zone'),(17390,'Bottom Zone'),(17396,'Rigth Zone'),(17397,'Bottom-Left Zone'),(17398,'Bottom-Right Zone'),(17399,'Bottom Zone'),(17405,'Rigth Zone'),(17406,'Bottom-Left Zone'),(17407,'Bottom-Right Zone'),(17408,'Bottom Zone'),(17414,'Rigth Zone'),(17415,'Bottom-Left Zone'),(17416,'Bottom-Right Zone'),(17417,'Bottom Zone'),(17423,'Rigth Zone'),(17424,'Bottom-Left Zone'),(17425,'Bottom-Right Zone'),(17426,'Bottom Zone'),(17432,'Rigth Zone'),(17433,'Bottom-Left Zone'),(17434,'Bottom-Right Zone'),(17435,'Bottom Zone'),(17441,'Rigth Zone'),(17442,'Bottom-Left Zone'),(17443,'Bottom-Right Zone'),(17444,'Bottom Zone'),(17450,'Rigth Zone'),(17451,'Bottom-Left Zone'),(17452,'Bottom-Right Zone'),(17453,'Bottom Zone'),(17459,'Rigth Zone'),(17460,'Bottom-Left Zone'),(17461,'Bottom-Right Zone'),(17462,'Bottom Zone'),(17468,'Rigth Zone'),(17469,'Bottom-Left Zone'),(17470,'Bottom-Right Zone'),(17471,'Bottom Zone'),(17477,'Rigth Zone'),(17478,'Bottom-Left Zone'),(17479,'Bottom-Right Zone'),(17480,'Bottom Zone'),(17486,'Rigth Zone'),(17487,'Bottom-Left Zone'),(17488,'Bottom-Right Zone'),(17489,'Bottom Zone'),(17495,'Rigth Zone'),(17496,'Bottom-Left Zone'),(17497,'Bottom-Right Zone'),(17498,'Bottom Zone'),(17504,'Rigth Zone'),(17505,'Bottom-Left Zone'),(17506,'Bottom-Right Zone'),(17507,'Bottom Zone'),(17513,'Rigth Zone'),(17514,'Bottom-Left Zone'),(17515,'Bottom-Right Zone'),(17516,'Bottom Zone'),(17522,'Rigth Zone'),(17523,'Bottom-Left Zone'),(17524,'Bottom-Right Zone'),(17525,'Bottom Zone'),(17531,'Rigth Zone'),(17532,'Bottom-Left Zone'),(17533,'Bottom-Right Zone'),(17534,'Bottom Zone'),(17540,'Rigth Zone'),(17541,'Bottom-Left Zone'),(17542,'Bottom-Right Zone'),(17543,'Bottom Zone'),(17549,'Rigth Zone'),(17550,'Bottom-Left Zone'),(17551,'Bottom-Right Zone'),(17552,'Bottom Zone'),(17558,'Rigth Zone'),(17559,'Bottom-Left Zone'),(17560,'Bottom-Right Zone'),(17561,'Bottom Zone'),(17567,'Rigth Zone'),(17568,'Bottom-Left Zone'),(17569,'Bottom-Right Zone'),(17570,'Bottom Zone'),(17576,'Rigth Zone'),(17577,'Bottom-Left Zone'),(17578,'Bottom-Right Zone'),(17579,'Bottom Zone'),(17585,'Rigth Zone'),(17586,'Bottom-Left Zone'),(17587,'Bottom-Right Zone'),(17588,'Bottom Zone'),(17594,'Rigth Zone'),(17595,'Bottom-Left Zone'),(17596,'Bottom-Right Zone'),(17597,'Bottom Zone'),(17603,'Rigth Zone'),(17604,'Bottom-Left Zone'),(17605,'Bottom-Right Zone'),(17606,'Bottom Zone'),(17612,'Rigth Zone'),(17613,'Bottom-Left Zone'),(17614,'Bottom-Right Zone'),(17615,'Bottom Zone'),(17621,'Rigth Zone'),(17622,'Bottom-Left Zone'),(17623,'Bottom-Right Zone'),(17624,'Bottom Zone'),(17630,'Rigth Zone'),(17631,'Bottom-Left Zone'),(17632,'Bottom-Right Zone'),(17633,'Bottom Zone'),(17639,'Rigth Zone'),(17640,'Bottom-Left Zone'),(17641,'Bottom-Right Zone'),(17642,'Bottom Zone'),(17648,'Rigth Zone'),(17649,'Bottom-Left Zone'),(17650,'Bottom-Right Zone'),(17651,'Bottom Zone'),(17657,'Rigth Zone'),(17658,'Bottom-Left Zone'),(17659,'Bottom-Right Zone'),(17660,'Bottom Zone'),(17666,'Rigth Zone'),(17667,'Bottom-Left Zone'),(17668,'Bottom-Right Zone'),(17669,'Bottom Zone'),(17675,'Rigth Zone'),(17676,'Bottom-Left Zone'),(17677,'Bottom-Right Zone'),(17678,'Bottom Zone'),(17684,'Rigth Zone'),(17685,'Bottom-Left Zone'),(17686,'Bottom-Right Zone'),(17687,'Bottom Zone'),(17693,'Rigth Zone'),(17694,'Bottom-Left Zone'),(17695,'Bottom-Right Zone'),(17696,'Bottom Zone'),(17702,'Rigth Zone'),(17703,'Bottom-Left Zone'),(17704,'Bottom-Right Zone'),(17705,'Bottom Zone'),(17711,'Rigth Zone'),(17712,'Bottom-Left Zone'),(17713,'Bottom-Right Zone'),(17714,'Bottom Zone'),(17720,'Rigth Zone'),(17721,'Bottom-Left Zone'),(17722,'Bottom-Right Zone'),(17723,'Bottom Zone'),(17729,'Rigth Zone'),(17730,'Bottom-Left Zone'),(17731,'Bottom-Right Zone'),(17732,'Bottom Zone'),(17738,'Rigth Zone'),(17739,'Bottom-Left Zone'),(17740,'Bottom-Right Zone'),(17741,'Bottom Zone'),(17747,'Rigth Zone'),(17748,'Bottom-Left Zone'),(17749,'Bottom-Right Zone'),(17750,'Bottom Zone'),(17756,'Rigth Zone'),(17757,'Bottom-Left Zone'),(17758,'Bottom-Right Zone'),(17759,'Bottom Zone'),(17765,'Rigth Zone'),(17766,'Bottom-Left Zone'),(17767,'Bottom-Right Zone'),(17768,'Bottom Zone'),(17774,'Rigth Zone'),(17775,'Bottom-Left Zone'),(17776,'Bottom-Right Zone'),(17777,'Bottom Zone'),(17783,'Rigth Zone'),(17784,'Bottom-Left Zone'),(17785,'Bottom-Right Zone'),(17786,'Bottom Zone'),(17792,'Rigth Zone'),(17793,'Bottom-Left Zone'),(17794,'Bottom-Right Zone'),(17795,'Bottom Zone'),(17801,'Rigth Zone'),(17802,'Bottom-Left Zone'),(17803,'Bottom-Right Zone'),(17804,'Bottom Zone'),(17810,'Rigth Zone'),(17811,'Bottom-Left Zone'),(17812,'Bottom-Right Zone'),(17813,'Bottom Zone'),(17819,'Rigth Zone'),(17820,'Bottom-Left Zone'),(17821,'Bottom-Right Zone'),(17822,'Bottom Zone'),(17828,'Rigth Zone'),(17829,'Bottom-Left Zone'),(17830,'Bottom-Right Zone'),(17831,'Bottom Zone'),(17837,'Rigth Zone'),(17838,'Bottom-Left Zone'),(17839,'Bottom-Right Zone'),(17840,'Bottom Zone'),(17846,'Rigth Zone'),(17847,'Bottom-Left Zone'),(17848,'Bottom-Right Zone'),(17849,'Bottom Zone'),(17855,'Rigth Zone'),(17856,'Bottom-Left Zone'),(17857,'Bottom-Right Zone'),(17858,'Bottom Zone'),(17864,'Rigth Zone'),(17865,'Bottom-Left Zone'),(17866,'Bottom-Right Zone'),(17867,'Bottom Zone'),(17873,'Rigth Zone'),(17874,'Bottom-Left Zone'),(17875,'Bottom-Right Zone'),(17876,'Bottom Zone'),(17882,'Rigth Zone'),(17883,'Bottom-Left Zone'),(17884,'Bottom-Right Zone'),(17885,'Bottom Zone'),(17891,'Rigth Zone'),(17892,'Bottom-Left Zone'),(17893,'Bottom-Right Zone'),(17894,'Bottom Zone'),(17900,'Rigth Zone'),(17901,'Bottom-Left Zone'),(17902,'Bottom-Right Zone'),(17903,'Bottom Zone'),(17909,'Rigth Zone'),(17910,'Bottom-Left Zone'),(17911,'Bottom-Right Zone'),(17912,'Bottom Zone'),(17918,'Rigth Zone'),(17919,'Bottom-Left Zone'),(17920,'Bottom-Right Zone'),(17921,'Bottom Zone'),(17927,'Rigth Zone'),(17928,'Bottom-Left Zone'),(17929,'Bottom-Right Zone'),(17930,'Bottom Zone'),(17936,'Rigth Zone'),(17937,'Bottom-Left Zone'),(17938,'Bottom-Right Zone'),(17939,'Bottom Zone'),(17945,'Rigth Zone'),(17946,'Bottom-Left Zone'),(17947,'Bottom-Right Zone'),(17948,'Bottom Zone'),(17954,'Rigth Zone'),(17955,'Bottom-Left Zone'),(17956,'Bottom-Right Zone'),(17957,'Bottom Zone'),(17963,'Rigth Zone'),(17964,'Bottom-Left Zone'),(17965,'Bottom-Right Zone'),(17966,'Bottom Zone'),(17972,'Rigth Zone'),(17973,'Bottom-Left Zone'),(17974,'Bottom-Right Zone'),(17975,'Bottom Zone'),(17981,'Rigth Zone'),(17982,'Bottom-Left Zone'),(17983,'Bottom-Right Zone'),(17984,'Bottom Zone'),(17990,'Rigth Zone'),(17991,'Bottom-Left Zone'),(17992,'Bottom-Right Zone'),(17993,'Bottom Zone'),(17999,'Rigth Zone'),(18000,'Bottom-Left Zone'),(18001,'Bottom-Right Zone'),(18002,'Bottom Zone'),(18008,'Rigth Zone'),(18009,'Bottom-Left Zone'),(18010,'Bottom-Right Zone'),(18011,'Bottom Zone'),(18017,'Rigth Zone'),(18018,'Bottom-Left Zone'),(18019,'Bottom-Right Zone'),(18020,'Bottom Zone'),(18026,'Rigth Zone'),(18027,'Bottom-Left Zone'),(18028,'Bottom-Right Zone'),(18029,'Bottom Zone'),(18035,'Rigth Zone'),(18036,'Bottom-Left Zone'),(18037,'Bottom-Right Zone'),(18038,'Bottom Zone'),(18044,'Rigth Zone'),(18045,'Bottom-Left Zone'),(18046,'Bottom-Right Zone'),(18047,'Bottom Zone'),(18053,'Rigth Zone'),(18054,'Bottom-Left Zone'),(18055,'Bottom-Right Zone'),(18056,'Bottom Zone'),(18062,'Rigth Zone'),(18063,'Bottom-Left Zone'),(18064,'Bottom-Right Zone'),(18065,'Bottom Zone'),(18071,'Rigth Zone'),(18072,'Bottom-Left Zone'),(18073,'Bottom-Right Zone'),(18074,'Bottom Zone'),(18080,'Rigth Zone'),(18081,'Bottom-Left Zone'),(18082,'Bottom-Right Zone'),(18083,'Bottom Zone'),(18089,'Rigth Zone'),(18090,'Bottom-Left Zone'),(18091,'Bottom-Right Zone'),(18092,'Bottom Zone'),(18098,'Rigth Zone'),(18099,'Bottom-Left Zone'),(18100,'Bottom-Right Zone'),(18101,'Bottom Zone'),(18107,'Rigth Zone'),(18108,'Bottom-Left Zone'),(18109,'Bottom-Right Zone'),(18110,'Bottom Zone'),(18116,'Rigth Zone'),(18117,'Bottom-Left Zone'),(18118,'Bottom-Right Zone'),(18119,'Bottom Zone'),(18125,'Rigth Zone'),(18126,'Bottom-Left Zone'),(18127,'Bottom-Right Zone'),(18128,'Bottom Zone'),(18134,'Rigth Zone'),(18135,'Bottom-Left Zone'),(18136,'Bottom-Right Zone'),(18137,'Bottom Zone'),(18143,'Rigth Zone'),(18144,'Bottom-Left Zone'),(18145,'Bottom-Right Zone'),(18146,'Bottom Zone'),(18152,'Rigth Zone'),(18153,'Bottom-Left Zone'),(18154,'Bottom-Right Zone'),(18155,'Bottom Zone'),(18161,'Rigth Zone'),(18162,'Bottom-Left Zone'),(18163,'Bottom-Right Zone'),(18164,'Bottom Zone'),(18170,'Rigth Zone'),(18171,'Bottom-Left Zone'),(18172,'Bottom-Right Zone'),(18173,'Bottom Zone'),(18179,'Rigth Zone'),(18180,'Bottom-Left Zone'),(18181,'Bottom-Right Zone'),(18182,'Bottom Zone'),(18188,'Rigth Zone'),(18189,'Bottom-Left Zone'),(18190,'Bottom-Right Zone'),(18191,'Bottom Zone'),(18197,'Rigth Zone'),(18198,'Bottom-Left Zone'),(18199,'Bottom-Right Zone'),(18200,'Bottom Zone'),(18206,'Rigth Zone'),(18207,'Bottom-Left Zone'),(18208,'Bottom-Right Zone'),(18209,'Bottom Zone'),(18215,'Rigth Zone'),(18216,'Bottom-Left Zone'),(18217,'Bottom-Right Zone'),(18218,'Bottom Zone'),(18224,'Rigth Zone'),(18225,'Bottom-Left Zone'),(18226,'Bottom-Right Zone'),(18227,'Bottom Zone'),(18233,'Rigth Zone'),(18234,'Bottom-Left Zone'),(18235,'Bottom-Right Zone'),(18236,'Bottom Zone'),(18242,'Rigth Zone'),(18243,'Bottom-Left Zone'),(18244,'Bottom-Right Zone'),(18245,'Bottom Zone'),(18251,'Rigth Zone'),(18252,'Bottom-Left Zone'),(18253,'Bottom-Right Zone'),(18254,'Bottom Zone'),(18260,'Rigth Zone'),(18261,'Bottom-Left Zone'),(18262,'Bottom-Right Zone'),(18263,'Bottom Zone'),(18269,'Rigth Zone'),(18270,'Bottom-Left Zone'),(18271,'Bottom-Right Zone'),(18272,'Bottom Zone'),(18278,'Rigth Zone'),(18279,'Bottom-Left Zone'),(18280,'Bottom-Right Zone'),(18281,'Bottom Zone'),(18287,'Rigth Zone'),(18288,'Bottom-Left Zone'),(18289,'Bottom-Right Zone'),(18290,'Bottom Zone'),(18296,'Rigth Zone'),(18297,'Bottom-Left Zone'),(18298,'Bottom-Right Zone'),(18299,'Bottom Zone'),(18305,'Rigth Zone'),(18306,'Bottom-Left Zone'),(18307,'Bottom-Right Zone'),(18308,'Bottom Zone'),(18314,'Rigth Zone'),(18315,'Bottom-Left Zone'),(18316,'Bottom-Right Zone'),(18317,'Bottom Zone'),(18323,'Rigth Zone'),(18324,'Bottom-Left Zone'),(18325,'Bottom-Right Zone'),(18326,'Bottom Zone'),(18332,'Rigth Zone'),(18333,'Bottom-Left Zone'),(18334,'Bottom-Right Zone'),(18335,'Bottom Zone'),(18341,'Rigth Zone'),(18342,'Bottom-Left Zone'),(18343,'Bottom-Right Zone'),(18344,'Bottom Zone'),(18350,'Rigth Zone'),(18351,'Bottom-Left Zone'),(18352,'Bottom-Right Zone'),(18353,'Bottom Zone'),(18359,'Rigth Zone'),(18360,'Bottom-Left Zone'),(18361,'Bottom-Right Zone'),(18362,'Bottom Zone'),(18368,'Rigth Zone'),(18369,'Bottom-Left Zone'),(18370,'Bottom-Right Zone'),(18371,'Bottom Zone'),(18377,'Rigth Zone'),(18378,'Bottom-Left Zone'),(18379,'Bottom-Right Zone'),(18380,'Bottom Zone'),(18386,'Rigth Zone'),(18387,'Bottom-Left Zone'),(18388,'Bottom-Right Zone'),(18389,'Bottom Zone'),(18395,'Rigth Zone'),(18396,'Bottom-Left Zone'),(18397,'Bottom-Right Zone'),(18398,'Bottom Zone'),(18404,'Rigth Zone'),(18405,'Bottom-Left Zone'),(18406,'Bottom-Right Zone'),(18407,'Bottom Zone'),(18413,'Rigth Zone'),(18414,'Bottom-Left Zone'),(18415,'Bottom-Right Zone'),(18416,'Bottom Zone'),(18422,'Rigth Zone'),(18423,'Bottom-Left Zone'),(18424,'Bottom-Right Zone'),(18425,'Bottom Zone'),(18431,'Rigth Zone'),(18432,'Bottom-Left Zone'),(18433,'Bottom-Right Zone'),(18434,'Bottom Zone'),(18440,'Rigth Zone'),(18441,'Bottom-Left Zone'),(18442,'Bottom-Right Zone'),(18443,'Bottom Zone'),(18449,'Rigth Zone'),(18450,'Bottom-Left Zone'),(18451,'Bottom-Right Zone'),(18452,'Bottom Zone'),(18458,'Rigth Zone'),(18459,'Bottom-Left Zone'),(18460,'Bottom-Right Zone'),(18461,'Bottom Zone'),(18467,'Rigth Zone'),(18468,'Bottom-Left Zone'),(18469,'Bottom-Right Zone'),(18470,'Bottom Zone'),(18476,'Rigth Zone'),(18477,'Bottom-Left Zone'),(18478,'Bottom-Right Zone'),(18479,'Bottom Zone'),(18485,'Rigth Zone'),(18486,'Bottom-Left Zone'),(18487,'Bottom-Right Zone'),(18488,'Bottom Zone'),(18494,'Rigth Zone'),(18495,'Bottom-Left Zone'),(18496,'Bottom-Right Zone'),(18497,'Bottom Zone'),(18503,'Rigth Zone'),(18504,'Bottom-Left Zone'),(18505,'Bottom-Right Zone'),(18506,'Bottom Zone'),(18512,'Rigth Zone'),(18513,'Bottom-Left Zone'),(18514,'Bottom-Right Zone'),(18515,'Bottom Zone'),(18521,'Rigth Zone'),(18522,'Bottom-Left Zone'),(18523,'Bottom-Right Zone'),(18524,'Bottom Zone'),(18530,'Rigth Zone'),(18531,'Bottom-Left Zone'),(18532,'Bottom-Right Zone'),(18533,'Bottom Zone'),(18539,'Rigth Zone'),(18540,'Bottom-Left Zone'),(18541,'Bottom-Right Zone'),(18542,'Bottom Zone'),(18548,'Rigth Zone'),(18549,'Bottom-Left Zone'),(18550,'Bottom-Right Zone'),(18551,'Bottom Zone'),(18557,'Rigth Zone'),(18558,'Bottom-Left Zone'),(18559,'Bottom-Right Zone'),(18560,'Bottom Zone'),(18566,'Rigth Zone'),(18567,'Bottom-Left Zone'),(18568,'Bottom-Right Zone'),(18569,'Bottom Zone'),(18575,'Rigth Zone'),(18576,'Bottom-Left Zone'),(18577,'Bottom-Right Zone'),(18578,'Bottom Zone'),(18584,'Rigth Zone'),(18585,'Bottom-Left Zone'),(18586,'Bottom-Right Zone'),(18587,'Bottom Zone'),(18593,'Rigth Zone'),(18594,'Bottom-Left Zone'),(18595,'Bottom-Right Zone'),(18596,'Bottom Zone'),(18602,'Rigth Zone'),(18603,'Bottom-Left Zone'),(18604,'Bottom-Right Zone'),(18605,'Bottom Zone'),(18611,'Rigth Zone'),(18612,'Bottom-Left Zone'),(18613,'Bottom-Right Zone'),(18614,'Bottom Zone'),(18620,'Rigth Zone'),(18621,'Bottom-Left Zone'),(18622,'Bottom-Right Zone'),(18623,'Bottom Zone'),(18629,'Rigth Zone'),(18630,'Bottom-Left Zone'),(18631,'Bottom-Right Zone'),(18632,'Bottom Zone'),(18638,'Rigth Zone'),(18639,'Bottom-Left Zone'),(18640,'Bottom-Right Zone'),(18641,'Bottom Zone'),(18647,'Rigth Zone'),(18648,'Bottom-Left Zone'),(18649,'Bottom-Right Zone'),(18650,'Bottom Zone'),(18656,'Rigth Zone'),(18657,'Bottom-Left Zone'),(18658,'Bottom-Right Zone'),(18659,'Bottom Zone'),(18665,'Rigth Zone'),(18666,'Bottom-Left Zone'),(18667,'Bottom-Right Zone'),(18668,'Bottom Zone'),(18674,'Rigth Zone'),(18675,'Bottom-Left Zone'),(18676,'Bottom-Right Zone'),(18677,'Bottom Zone'),(18683,'Rigth Zone'),(18684,'Bottom-Left Zone'),(18685,'Bottom-Right Zone'),(18686,'Bottom Zone'),(18692,'Rigth Zone'),(18693,'Bottom-Left Zone'),(18694,'Bottom-Right Zone'),(18695,'Bottom Zone'),(18701,'Rigth Zone'),(18702,'Bottom-Left Zone'),(18703,'Bottom-Right Zone'),(18704,'Bottom Zone'),(18710,'Rigth Zone'),(18711,'Bottom-Left Zone'),(18712,'Bottom-Right Zone'),(18713,'Bottom Zone'),(18719,'Rigth Zone'),(18720,'Bottom-Left Zone'),(18721,'Bottom-Right Zone'),(18722,'Bottom Zone'),(18728,'Rigth Zone'),(18729,'Bottom-Left Zone'),(18730,'Bottom-Right Zone'),(18731,'Bottom Zone'),(18737,'Rigth Zone'),(18738,'Bottom-Left Zone'),(18739,'Bottom-Right Zone'),(18740,'Bottom Zone'),(18746,'Rigth Zone'),(18747,'Bottom-Left Zone'),(18748,'Bottom-Right Zone'),(18749,'Bottom Zone'),(18755,'Rigth Zone'),(18756,'Bottom-Left Zone'),(18757,'Bottom-Right Zone'),(18758,'Bottom Zone'),(18764,'Rigth Zone'),(18765,'Bottom-Left Zone'),(18766,'Bottom-Right Zone'),(18767,'Bottom Zone'),(18773,'Rigth Zone'),(18774,'Bottom-Left Zone'),(18775,'Bottom-Right Zone'),(18776,'Bottom Zone'),(18782,'Rigth Zone'),(18783,'Bottom-Left Zone'),(18784,'Bottom-Right Zone'),(18785,'Bottom Zone'),(18791,'Rigth Zone'),(18792,'Bottom-Left Zone'),(18793,'Bottom-Right Zone'),(18794,'Bottom Zone'),(18800,'Rigth Zone'),(18801,'Bottom-Left Zone'),(18802,'Bottom-Right Zone'),(18803,'Bottom Zone'),(18809,'Rigth Zone'),(18810,'Bottom-Left Zone'),(18811,'Bottom-Right Zone'),(18812,'Bottom Zone'),(18818,'Rigth Zone'),(18819,'Bottom-Left Zone'),(18820,'Bottom-Right Zone'),(18821,'Bottom Zone'),(18827,'Rigth Zone'),(18828,'Bottom-Left Zone'),(18829,'Bottom-Right Zone'),(18830,'Bottom Zone'),(18836,'Rigth Zone'),(18837,'Bottom-Left Zone'),(18838,'Bottom-Right Zone'),(18839,'Bottom Zone'),(18845,'Rigth Zone'),(18846,'Bottom-Left Zone'),(18847,'Bottom-Right Zone'),(18848,'Bottom Zone'),(18854,'Rigth Zone'),(18855,'Bottom-Left Zone'),(18856,'Bottom-Right Zone'),(18857,'Bottom Zone'),(18863,'Rigth Zone'),(18864,'Bottom-Left Zone'),(18865,'Bottom-Right Zone'),(18866,'Bottom Zone'),(18872,'Rigth Zone'),(18873,'Bottom-Left Zone'),(18874,'Bottom-Right Zone'),(18875,'Bottom Zone'),(18881,'Rigth Zone'),(18882,'Bottom-Left Zone'),(18883,'Bottom-Right Zone'),(18884,'Bottom Zone'),(18890,'Rigth Zone'),(18891,'Bottom-Left Zone'),(18892,'Bottom-Right Zone'),(18893,'Bottom Zone'),(18899,'Rigth Zone'),(18900,'Bottom-Left Zone'),(18901,'Bottom-Right Zone'),(18902,'Bottom Zone'),(18908,'Rigth Zone'),(18909,'Bottom-Left Zone'),(18910,'Bottom-Right Zone'),(18911,'Bottom Zone'),(18917,'Rigth Zone'),(18918,'Bottom-Left Zone'),(18919,'Bottom-Right Zone'),(18920,'Bottom Zone'),(18926,'Rigth Zone'),(18927,'Bottom-Left Zone'),(18928,'Bottom-Right Zone'),(18929,'Bottom Zone'),(18935,'Rigth Zone'),(18936,'Bottom-Left Zone'),(18937,'Bottom-Right Zone'),(18938,'Bottom Zone'),(18944,'Rigth Zone'),(18945,'Bottom-Left Zone'),(18946,'Bottom-Right Zone'),(18947,'Bottom Zone'),(18953,'Rigth Zone'),(18954,'Bottom-Left Zone'),(18955,'Bottom-Right Zone'),(18956,'Bottom Zone'),(18962,'Rigth Zone'),(18963,'Bottom-Left Zone'),(18964,'Bottom-Right Zone'),(18965,'Bottom Zone'),(18971,'Rigth Zone'),(18972,'Bottom-Left Zone'),(18973,'Bottom-Right Zone'),(18974,'Bottom Zone'),(18980,'Rigth Zone'),(18981,'Bottom-Left Zone'),(18982,'Bottom-Right Zone'),(18983,'Bottom Zone'),(18989,'Rigth Zone'),(18990,'Bottom-Left Zone'),(18991,'Bottom-Right Zone'),(18992,'Bottom Zone'),(18998,'Rigth Zone'),(18999,'Bottom-Left Zone'),(19000,'Bottom-Right Zone'),(19001,'Bottom Zone'),(19007,'Rigth Zone'),(19008,'Bottom-Left Zone'),(19009,'Bottom-Right Zone'),(19010,'Bottom Zone'),(19016,'Rigth Zone'),(19017,'Bottom-Left Zone'),(19018,'Bottom-Right Zone'),(19019,'Bottom Zone'),(19025,'Rigth Zone'),(19026,'Bottom-Left Zone'),(19027,'Bottom-Right Zone'),(19028,'Bottom Zone'),(19034,'Rigth Zone'),(19035,'Bottom-Left Zone'),(19036,'Bottom-Right Zone'),(19037,'Bottom Zone'),(19043,'Rigth Zone'),(19044,'Bottom-Left Zone'),(19045,'Bottom-Right Zone'),(19046,'Bottom Zone'),(19052,'Rigth Zone'),(19053,'Bottom-Left Zone'),(19054,'Bottom-Right Zone'),(19055,'Bottom Zone'),(19061,'Rigth Zone'),(19062,'Bottom-Left Zone'),(19063,'Bottom-Right Zone'),(19064,'Bottom Zone'),(19070,'Rigth Zone'),(19071,'Bottom-Left Zone'),(19072,'Bottom-Right Zone'),(19073,'Bottom Zone'),(19079,'Rigth Zone'),(19080,'Bottom-Left Zone'),(19081,'Bottom-Right Zone'),(19082,'Bottom Zone'),(19088,'Rigth Zone'),(19089,'Bottom-Left Zone'),(19090,'Bottom-Right Zone'),(19091,'Bottom Zone'),(19097,'Rigth Zone'),(19098,'Bottom-Left Zone'),(19099,'Bottom-Right Zone'),(19100,'Bottom Zone'),(19106,'Rigth Zone'),(19107,'Bottom-Left Zone'),(19108,'Bottom-Right Zone'),(19109,'Bottom Zone'),(19115,'Rigth Zone'),(19116,'Bottom-Left Zone'),(19117,'Bottom-Right Zone'),(19118,'Bottom Zone'),(19124,'Rigth Zone'),(19125,'Bottom-Left Zone'),(19126,'Bottom-Right Zone'),(19127,'Bottom Zone'),(19133,'Rigth Zone'),(19134,'Bottom-Left Zone'),(19135,'Bottom-Right Zone'),(19136,'Bottom Zone'),(19142,'Rigth Zone'),(19143,'Bottom-Left Zone'),(19144,'Bottom-Right Zone'),(19145,'Bottom Zone'),(19151,'Rigth Zone'),(19152,'Bottom-Left Zone'),(19153,'Bottom-Right Zone'),(19154,'Bottom Zone'),(19160,'Rigth Zone'),(19161,'Bottom-Left Zone'),(19162,'Bottom-Right Zone'),(19163,'Bottom Zone'),(19169,'Rigth Zone'),(19170,'Bottom-Left Zone'),(19171,'Bottom-Right Zone'),(19172,'Bottom Zone'),(19178,'Rigth Zone'),(19179,'Bottom-Left Zone'),(19180,'Bottom-Right Zone'),(19181,'Bottom Zone'),(19187,'Rigth Zone'),(19188,'Bottom-Left Zone'),(19189,'Bottom-Right Zone'),(19190,'Bottom Zone'),(19196,'Rigth Zone'),(19197,'Bottom-Left Zone'),(19198,'Bottom-Right Zone'),(19199,'Bottom Zone'),(19205,'Rigth Zone'),(19206,'Bottom-Left Zone'),(19207,'Bottom-Right Zone'),(19208,'Bottom Zone'),(19214,'Rigth Zone'),(19215,'Bottom-Left Zone'),(19216,'Bottom-Right Zone'),(19217,'Bottom Zone'),(19223,'Rigth Zone'),(19224,'Bottom-Left Zone'),(19225,'Bottom-Right Zone'),(19226,'Bottom Zone'),(19232,'Rigth Zone'),(19233,'Bottom-Left Zone'),(19234,'Bottom-Right Zone'),(19235,'Bottom Zone'),(19241,'Rigth Zone'),(19242,'Bottom-Left Zone'),(19243,'Bottom-Right Zone'),(19244,'Bottom Zone'),(19250,'Rigth Zone'),(19251,'Bottom-Left Zone'),(19252,'Bottom-Right Zone'),(19253,'Bottom Zone'),(19259,'Rigth Zone'),(19260,'Bottom-Left Zone'),(19261,'Bottom-Right Zone'),(19262,'Bottom Zone'),(19268,'Rigth Zone'),(19269,'Bottom-Left Zone'),(19270,'Bottom-Right Zone'),(19271,'Bottom Zone'),(19277,'Rigth Zone'),(19278,'Bottom-Left Zone'),(19279,'Bottom-Right Zone'),(19280,'Bottom Zone'),(19286,'Rigth Zone'),(19287,'Bottom-Left Zone'),(19288,'Bottom-Right Zone'),(19289,'Bottom Zone'),(19295,'Rigth Zone'),(19296,'Bottom-Left Zone'),(19297,'Bottom-Right Zone'),(19298,'Bottom Zone'),(19304,'Rigth Zone'),(19305,'Bottom-Left Zone'),(19306,'Bottom-Right Zone'),(19307,'Bottom Zone'),(19313,'Rigth Zone'),(19314,'Bottom-Left Zone'),(19315,'Bottom-Right Zone'),(19316,'Bottom Zone'),(19322,'Rigth Zone'),(19323,'Bottom-Left Zone'),(19324,'Bottom-Right Zone'),(19325,'Bottom Zone'),(19331,'Rigth Zone'),(19332,'Bottom-Left Zone'),(19333,'Bottom-Right Zone'),(19334,'Bottom Zone'),(19340,'Rigth Zone'),(19341,'Bottom-Left Zone'),(19342,'Bottom-Right Zone'),(19343,'Bottom Zone'),(19349,'Rigth Zone'),(19350,'Bottom-Left Zone'),(19351,'Bottom-Right Zone'),(19352,'Bottom Zone'),(19358,'Rigth Zone'),(19359,'Bottom-Left Zone'),(19360,'Bottom-Right Zone'),(19361,'Bottom Zone'),(19367,'Rigth Zone'),(19368,'Bottom-Left Zone'),(19369,'Bottom-Right Zone'),(19370,'Bottom Zone'),(19376,'Rigth Zone'),(19377,'Bottom-Left Zone'),(19378,'Bottom-Right Zone'),(19379,'Bottom Zone'),(19385,'Rigth Zone'),(19386,'Bottom-Left Zone'),(19387,'Bottom-Right Zone'),(19388,'Bottom Zone'),(19394,'Rigth Zone'),(19395,'Bottom-Left Zone'),(19396,'Bottom-Right Zone'),(19397,'Bottom Zone'),(19403,'Rigth Zone'),(19404,'Bottom-Left Zone'),(19405,'Bottom-Right Zone'),(19406,'Bottom Zone'),(19412,'Rigth Zone'),(19413,'Bottom-Left Zone'),(19414,'Bottom-Right Zone'),(19415,'Bottom Zone'),(19421,'Rigth Zone'),(19422,'Bottom-Left Zone'),(19423,'Bottom-Right Zone'),(19424,'Bottom Zone'),(19430,'Rigth Zone'),(19431,'Bottom-Left Zone'),(19432,'Bottom-Right Zone'),(19433,'Bottom Zone'),(19439,'Rigth Zone'),(19440,'Bottom-Left Zone'),(19441,'Bottom-Right Zone'),(19442,'Bottom Zone'),(19448,'Rigth Zone'),(19449,'Bottom-Left Zone'),(19450,'Bottom-Right Zone'),(19451,'Bottom Zone'),(19457,'Rigth Zone'),(19458,'Bottom-Left Zone'),(19459,'Bottom-Right Zone'),(19460,'Bottom Zone'),(19466,'Rigth Zone'),(19467,'Bottom-Left Zone'),(19468,'Bottom-Right Zone'),(19469,'Bottom Zone'),(19475,'Rigth Zone'),(19476,'Bottom-Left Zone'),(19477,'Bottom-Right Zone'),(19478,'Bottom Zone'),(19484,'Rigth Zone'),(19485,'Bottom-Left Zone'),(19486,'Bottom-Right Zone'),(19487,'Bottom Zone'),(19493,'Rigth Zone'),(19494,'Bottom-Left Zone'),(19495,'Bottom-Right Zone'),(19496,'Bottom Zone'),(19502,'Rigth Zone'),(19503,'Bottom-Left Zone'),(19504,'Bottom-Right Zone'),(19505,'Bottom Zone'),(19511,'Rigth Zone'),(19512,'Bottom-Left Zone'),(19513,'Bottom-Right Zone'),(19514,'Bottom Zone'),(19520,'Rigth Zone'),(19521,'Bottom-Left Zone'),(19522,'Bottom-Right Zone'),(19523,'Bottom Zone'),(19529,'Rigth Zone'),(19530,'Bottom-Left Zone'),(19531,'Bottom-Right Zone'),(19532,'Bottom Zone'),(19538,'Rigth Zone'),(19539,'Bottom-Left Zone'),(19540,'Bottom-Right Zone'),(19541,'Bottom Zone'),(19547,'Rigth Zone'),(19548,'Bottom-Left Zone'),(19549,'Bottom-Right Zone'),(19550,'Bottom Zone'),(19556,'Rigth Zone'),(19557,'Bottom-Left Zone'),(19558,'Bottom-Right Zone'),(19559,'Bottom Zone'),(19565,'Rigth Zone'),(19566,'Bottom-Left Zone'),(19567,'Bottom-Right Zone'),(19568,'Bottom Zone'),(19574,'Rigth Zone'),(19575,'Bottom-Left Zone'),(19576,'Bottom-Right Zone'),(19577,'Bottom Zone'),(19583,'Rigth Zone'),(19584,'Bottom-Left Zone'),(19585,'Bottom-Right Zone'),(19586,'Bottom Zone'),(19592,'Rigth Zone'),(19593,'Bottom-Left Zone'),(19594,'Bottom-Right Zone'),(19595,'Bottom Zone'),(19601,'Rigth Zone'),(19602,'Bottom-Left Zone'),(19603,'Bottom-Right Zone'),(19604,'Bottom Zone'),(19610,'Rigth Zone'),(19611,'Bottom-Left Zone'),(19612,'Bottom-Right Zone'),(19613,'Bottom Zone'),(19619,'Rigth Zone'),(19620,'Bottom-Left Zone'),(19621,'Bottom-Right Zone'),(19622,'Bottom Zone'),(19628,'Rigth Zone'),(19629,'Bottom-Left Zone'),(19630,'Bottom-Right Zone'),(19631,'Bottom Zone'),(19637,'Rigth Zone'),(19638,'Bottom-Left Zone'),(19639,'Bottom-Right Zone'),(19640,'Bottom Zone'),(19646,'Rigth Zone'),(19647,'Bottom-Left Zone'),(19648,'Bottom-Right Zone'),(19649,'Bottom Zone'),(19655,'Rigth Zone'),(19656,'Bottom-Left Zone'),(19657,'Bottom-Right Zone'),(19658,'Bottom Zone'),(19664,'Rigth Zone'),(19665,'Bottom-Left Zone'),(19666,'Bottom-Right Zone'),(19667,'Bottom Zone'),(19673,'Rigth Zone'),(19674,'Bottom-Left Zone'),(19675,'Bottom-Right Zone'),(19676,'Bottom Zone'),(19682,'Rigth Zone'),(19683,'Bottom-Left Zone'),(19684,'Bottom-Right Zone'),(19685,'Bottom Zone'),(19691,'Rigth Zone'),(19692,'Bottom-Left Zone'),(19693,'Bottom-Right Zone'),(19694,'Bottom Zone'),(19700,'Rigth Zone'),(19701,'Bottom-Left Zone'),(19702,'Bottom-Right Zone'),(19703,'Bottom Zone'),(19709,'Rigth Zone'),(19710,'Bottom-Left Zone'),(19711,'Bottom-Right Zone'),(19712,'Bottom Zone'),(19718,'Rigth Zone'),(19719,'Bottom-Left Zone'),(19720,'Bottom-Right Zone'),(19721,'Bottom Zone'),(19727,'Rigth Zone'),(19728,'Bottom-Left Zone'),(19729,'Bottom-Right Zone'),(19730,'Bottom Zone'),(19736,'Rigth Zone'),(19737,'Bottom-Left Zone'),(19738,'Bottom-Right Zone'),(19739,'Bottom Zone'),(19745,'Rigth Zone'),(19746,'Bottom-Left Zone'),(19747,'Bottom-Right Zone'),(19748,'Bottom Zone'),(19754,'Rigth Zone'),(19755,'Bottom-Left Zone'),(19756,'Bottom-Right Zone'),(19757,'Bottom Zone'),(19763,'Rigth Zone'),(19764,'Bottom-Left Zone'),(19765,'Bottom-Right Zone'),(19766,'Bottom Zone'),(19772,'Rigth Zone'),(19773,'Bottom-Left Zone'),(19774,'Bottom-Right Zone'),(19775,'Bottom Zone'),(19781,'Rigth Zone'),(19782,'Bottom-Left Zone'),(19783,'Bottom-Right Zone'),(19784,'Bottom Zone'),(19790,'Rigth Zone'),(19791,'Bottom-Left Zone'),(19792,'Bottom-Right Zone'),(19793,'Bottom Zone'),(19799,'Rigth Zone'),(19800,'Bottom-Left Zone'),(19801,'Bottom-Right Zone'),(19802,'Bottom Zone'),(19808,'Rigth Zone'),(19809,'Bottom-Left Zone'),(19810,'Bottom-Right Zone'),(19811,'Bottom Zone'),(19817,'Rigth Zone'),(19818,'Bottom-Left Zone'),(19819,'Bottom-Right Zone'),(19820,'Bottom Zone'),(19826,'Rigth Zone'),(19827,'Bottom-Left Zone'),(19828,'Bottom-Right Zone'),(19829,'Bottom Zone'),(19835,'Rigth Zone'),(19836,'Bottom-Left Zone'),(19837,'Bottom-Right Zone'),(19838,'Bottom Zone'),(19844,'Rigth Zone'),(19845,'Bottom-Left Zone'),(19846,'Bottom-Right Zone'),(19847,'Bottom Zone'),(19853,'Rigth Zone'),(19854,'Bottom-Left Zone'),(19855,'Bottom-Right Zone'),(19856,'Bottom Zone'),(19862,'Rigth Zone'),(19863,'Bottom-Left Zone'),(19864,'Bottom-Right Zone'),(19865,'Bottom Zone'),(19871,'Rigth Zone'),(19872,'Bottom-Left Zone'),(19873,'Bottom-Right Zone'),(19874,'Bottom Zone'),(19880,'Rigth Zone'),(19881,'Bottom-Left Zone'),(19882,'Bottom-Right Zone'),(19883,'Bottom Zone'),(19889,'Rigth Zone'),(19890,'Bottom-Left Zone'),(19891,'Bottom-Right Zone'),(19892,'Bottom Zone'),(19898,'Rigth Zone'),(19899,'Bottom-Left Zone'),(19900,'Bottom-Right Zone'),(19901,'Bottom Zone'),(19907,'Rigth Zone'),(19908,'Bottom-Left Zone'),(19909,'Bottom-Right Zone'),(19910,'Bottom Zone'),(19916,'Rigth Zone'),(19917,'Bottom-Left Zone'),(19918,'Bottom-Right Zone'),(19919,'Bottom Zone'),(19925,'Rigth Zone'),(19926,'Bottom-Left Zone'),(19927,'Bottom-Right Zone'),(19928,'Bottom Zone'),(19934,'Rigth Zone'),(19935,'Bottom-Left Zone'),(19936,'Bottom-Right Zone'),(19937,'Bottom Zone'),(19943,'Rigth Zone'),(19944,'Bottom-Left Zone'),(19945,'Bottom-Right Zone'),(19946,'Bottom Zone'),(19952,'Rigth Zone'),(19953,'Bottom-Left Zone'),(19954,'Bottom-Right Zone'),(19955,'Bottom Zone'),(19961,'Rigth Zone'),(19962,'Bottom-Left Zone'),(19963,'Bottom-Right Zone'),(19964,'Bottom Zone'),(19970,'Rigth Zone'),(19971,'Bottom-Left Zone'),(19972,'Bottom-Right Zone'),(19973,'Bottom Zone'),(19979,'Rigth Zone'),(19980,'Bottom-Left Zone'),(19981,'Bottom-Right Zone'),(19982,'Bottom Zone'),(19988,'Rigth Zone'),(19989,'Bottom-Left Zone'),(19990,'Bottom-Right Zone'),(19991,'Bottom Zone'),(19997,'Rigth Zone'),(19998,'Bottom-Left Zone'),(19999,'Bottom-Right Zone'),(20000,'Bottom Zone'),(20006,'Rigth Zone'),(20007,'Bottom-Left Zone'),(20008,'Bottom-Right Zone'),(20009,'Bottom Zone'),(20015,'Rigth Zone'),(20016,'Bottom-Left Zone'),(20017,'Bottom-Right Zone'),(20018,'Bottom Zone'),(20024,'Rigth Zone'),(20025,'Bottom-Left Zone'),(20026,'Bottom-Right Zone'),(20027,'Bottom Zone'),(20033,'Rigth Zone'),(20034,'Bottom-Left Zone'),(20035,'Bottom-Right Zone'),(20036,'Bottom Zone'),(20042,'Rigth Zone'),(20043,'Bottom-Left Zone'),(20044,'Bottom-Right Zone'),(20045,'Bottom Zone'),(20051,'Rigth Zone'),(20052,'Bottom-Left Zone'),(20053,'Bottom-Right Zone'),(20054,'Bottom Zone'),(20060,'Rigth Zone'),(20061,'Bottom-Left Zone'),(20062,'Bottom-Right Zone'),(20063,'Bottom Zone'),(20069,'Rigth Zone'),(20070,'Bottom-Left Zone'),(20071,'Bottom-Right Zone'),(20072,'Bottom Zone'),(20078,'Rigth Zone'),(20079,'Bottom-Left Zone'),(20080,'Bottom-Right Zone'),(20081,'Bottom Zone'),(20087,'Rigth Zone'),(20088,'Bottom-Left Zone'),(20089,'Bottom-Right Zone'),(20090,'Bottom Zone'),(20096,'Rigth Zone'),(20097,'Bottom-Left Zone'),(20098,'Bottom-Right Zone'),(20099,'Bottom Zone'),(20105,'Rigth Zone'),(20106,'Bottom-Left Zone'),(20107,'Bottom-Right Zone'),(20108,'Bottom Zone'),(20114,'Rigth Zone'),(20115,'Bottom-Left Zone'),(20116,'Bottom-Right Zone'),(20117,'Bottom Zone'),(20123,'Rigth Zone'),(20124,'Bottom-Left Zone'),(20125,'Bottom-Right Zone'),(20126,'Bottom Zone'),(20132,'Rigth Zone'),(20133,'Bottom-Left Zone'),(20134,'Bottom-Right Zone'),(20135,'Bottom Zone'),(20141,'Rigth Zone'),(20142,'Bottom-Left Zone'),(20143,'Bottom-Right Zone'),(20144,'Bottom Zone'),(20150,'Rigth Zone'),(20151,'Bottom-Left Zone'),(20152,'Bottom-Right Zone'),(20153,'Bottom Zone'),(20159,'Rigth Zone'),(20160,'Bottom-Left Zone'),(20161,'Bottom-Right Zone'),(20162,'Bottom Zone'),(20168,'Rigth Zone'),(20169,'Bottom-Left Zone'),(20170,'Bottom-Right Zone'),(20171,'Bottom Zone'),(20177,'Rigth Zone'),(20178,'Bottom-Left Zone'),(20179,'Bottom-Right Zone'),(20180,'Bottom Zone'),(20186,'Rigth Zone'),(20187,'Bottom-Left Zone'),(20188,'Bottom-Right Zone'),(20189,'Bottom Zone'),(20195,'Rigth Zone'),(20196,'Bottom-Left Zone'),(20197,'Bottom-Right Zone'),(20198,'Bottom Zone'),(20204,'Rigth Zone'),(20205,'Bottom-Left Zone'),(20206,'Bottom-Right Zone'),(20207,'Bottom Zone'),(20213,'Rigth Zone'),(20214,'Bottom-Left Zone'),(20215,'Bottom-Right Zone'),(20216,'Bottom Zone'),(20222,'Rigth Zone'),(20223,'Bottom-Left Zone'),(20224,'Bottom-Right Zone'),(20225,'Bottom Zone'),(20231,'Rigth Zone'),(20232,'Bottom-Left Zone'),(20233,'Bottom-Right Zone'),(20234,'Bottom Zone'),(20240,'Rigth Zone'),(20241,'Bottom-Left Zone'),(20242,'Bottom-Right Zone'),(20243,'Bottom Zone'),(20249,'Rigth Zone'),(20250,'Bottom-Left Zone'),(20251,'Bottom-Right Zone'),(20252,'Bottom Zone'),(20258,'Rigth Zone'),(20259,'Bottom-Left Zone'),(20260,'Bottom-Right Zone'),(20261,'Bottom Zone'),(20267,'Rigth Zone'),(20268,'Bottom-Left Zone'),(20269,'Bottom-Right Zone'),(20270,'Bottom Zone'),(20276,'Rigth Zone'),(20277,'Bottom-Left Zone'),(20278,'Bottom-Right Zone'),(20279,'Bottom Zone'),(20285,'Rigth Zone'),(20286,'Bottom-Left Zone'),(20287,'Bottom-Right Zone'),(20288,'Bottom Zone'),(20294,'Rigth Zone'),(20295,'Bottom-Left Zone'),(20296,'Bottom-Right Zone'),(20297,'Bottom Zone'),(20303,'Rigth Zone'),(20304,'Bottom-Left Zone'),(20305,'Bottom-Right Zone'),(20306,'Bottom Zone'),(20312,'Rigth Zone'),(20313,'Bottom-Left Zone'),(20314,'Bottom-Right Zone'),(20315,'Bottom Zone'),(20321,'Rigth Zone'),(20322,'Bottom-Left Zone'),(20323,'Bottom-Right Zone'),(20324,'Bottom Zone'),(20330,'Rigth Zone'),(20331,'Bottom-Left Zone'),(20332,'Bottom-Right Zone'),(20333,'Bottom Zone'),(20339,'Rigth Zone'),(20340,'Bottom-Left Zone'),(20341,'Bottom-Right Zone'),(20342,'Bottom Zone'),(20348,'Rigth Zone'),(20349,'Bottom-Left Zone'),(20350,'Bottom-Right Zone'),(20351,'Bottom Zone'),(20357,'Rigth Zone'),(20358,'Bottom-Left Zone'),(20359,'Bottom-Right Zone'),(20360,'Bottom Zone'),(20366,'Rigth Zone'),(20367,'Bottom-Left Zone'),(20368,'Bottom-Right Zone'),(20369,'Bottom Zone'),(20375,'Rigth Zone'),(20376,'Bottom-Left Zone'),(20377,'Bottom-Right Zone'),(20378,'Bottom Zone'),(20384,'Rigth Zone'),(20385,'Bottom-Left Zone'),(20386,'Bottom-Right Zone'),(20387,'Bottom Zone'),(20393,'Rigth Zone'),(20394,'Bottom-Left Zone'),(20395,'Bottom-Right Zone'),(20396,'Bottom Zone'),(20402,'Rigth Zone'),(20403,'Bottom-Left Zone'),(20404,'Bottom-Right Zone'),(20405,'Bottom Zone'),(20411,'Rigth Zone'),(20412,'Bottom-Left Zone'),(20413,'Bottom-Right Zone'),(20414,'Bottom Zone'),(20420,'Rigth Zone'),(20421,'Bottom-Left Zone'),(20422,'Bottom-Right Zone'),(20423,'Bottom Zone'),(20429,'Rigth Zone'),(20430,'Bottom-Left Zone'),(20431,'Bottom-Right Zone'),(20432,'Bottom Zone'),(20438,'Rigth Zone'),(20439,'Bottom-Left Zone'),(20440,'Bottom-Right Zone'),(20441,'Bottom Zone'),(20447,'Rigth Zone'),(20448,'Bottom-Left Zone'),(20449,'Bottom-Right Zone'),(20450,'Bottom Zone'),(20456,'Rigth Zone'),(20457,'Bottom-Left Zone'),(20458,'Bottom-Right Zone'),(20459,'Bottom Zone'),(20465,'Rigth Zone'),(20466,'Bottom-Left Zone'),(20467,'Bottom-Right Zone'),(20468,'Bottom Zone'),(20474,'Rigth Zone'),(20475,'Bottom-Left Zone'),(20476,'Bottom-Right Zone'),(20477,'Bottom Zone'),(20483,'Rigth Zone'),(20484,'Bottom-Left Zone'),(20485,'Bottom-Right Zone'),(20486,'Bottom Zone'),(20492,'Rigth Zone'),(20493,'Bottom-Left Zone'),(20494,'Bottom-Right Zone'),(20495,'Bottom Zone'),(20501,'Rigth Zone'),(20502,'Bottom-Left Zone'),(20503,'Bottom-Right Zone'),(20504,'Bottom Zone'),(20510,'Rigth Zone'),(20511,'Bottom-Left Zone'),(20512,'Bottom-Right Zone'),(20513,'Bottom Zone'),(20519,'Rigth Zone'),(20520,'Bottom-Left Zone'),(20521,'Bottom-Right Zone'),(20522,'Bottom Zone'),(20528,'Rigth Zone'),(20529,'Bottom-Left Zone'),(20530,'Bottom-Right Zone'),(20531,'Bottom Zone'),(20537,'Rigth Zone'),(20538,'Bottom-Left Zone'),(20539,'Bottom-Right Zone'),(20540,'Bottom Zone'),(20546,'Rigth Zone'),(20547,'Bottom-Left Zone'),(20548,'Bottom-Right Zone'),(20549,'Bottom Zone'),(20555,'Rigth Zone'),(20556,'Bottom-Left Zone'),(20557,'Bottom-Right Zone'),(20558,'Bottom Zone'),(20564,'Rigth Zone'),(20565,'Bottom-Left Zone'),(20566,'Bottom-Right Zone'),(20567,'Bottom Zone'),(20573,'Rigth Zone'),(20574,'Bottom-Left Zone'),(20575,'Bottom-Right Zone'),(20576,'Bottom Zone'),(20582,'Rigth Zone'),(20583,'Bottom-Left Zone'),(20584,'Bottom-Right Zone'),(20585,'Bottom Zone'),(20591,'Rigth Zone'),(20592,'Bottom-Left Zone'),(20593,'Bottom-Right Zone'),(20594,'Bottom Zone'),(20600,'Rigth Zone'),(20601,'Bottom-Left Zone'),(20602,'Bottom-Right Zone'),(20603,'Bottom Zone'),(20609,'Rigth Zone'),(20610,'Bottom-Left Zone'),(20611,'Bottom-Right Zone'),(20612,'Bottom Zone'),(20618,'Rigth Zone'),(20619,'Bottom-Left Zone'),(20620,'Bottom-Right Zone'),(20621,'Bottom Zone'),(20627,'Rigth Zone'),(20628,'Bottom-Left Zone'),(20629,'Bottom-Right Zone'),(20630,'Bottom Zone'),(20636,'Rigth Zone'),(20637,'Bottom-Left Zone'),(20638,'Bottom-Right Zone'),(20639,'Bottom Zone'),(20645,'Rigth Zone'),(20646,'Bottom-Left Zone'),(20647,'Bottom-Right Zone'),(20648,'Bottom Zone'),(20654,'Rigth Zone'),(20655,'Bottom-Left Zone'),(20656,'Bottom-Right Zone'),(20657,'Bottom Zone'),(20663,'Rigth Zone'),(20664,'Bottom-Left Zone'),(20665,'Bottom-Right Zone'),(20666,'Bottom Zone'),(20672,'Rigth Zone'),(20673,'Bottom-Left Zone'),(20674,'Bottom-Right Zone'),(20675,'Bottom Zone'),(20681,'Rigth Zone'),(20682,'Bottom-Left Zone'),(20683,'Bottom-Right Zone'),(20684,'Bottom Zone'),(20690,'Rigth Zone'),(20691,'Bottom-Left Zone'),(20692,'Bottom-Right Zone'),(20693,'Bottom Zone'),(20699,'Rigth Zone'),(20700,'Bottom-Left Zone'),(20701,'Bottom-Right Zone'),(20702,'Bottom Zone'),(20708,'Rigth Zone'),(20709,'Bottom-Left Zone'),(20710,'Bottom-Right Zone'),(20711,'Bottom Zone'),(20717,'Rigth Zone'),(20718,'Bottom-Left Zone'),(20719,'Bottom-Right Zone'),(20720,'Bottom Zone'),(20726,'Rigth Zone'),(20727,'Bottom-Left Zone'),(20728,'Bottom-Right Zone'),(20729,'Bottom Zone'),(20735,'Rigth Zone'),(20736,'Bottom-Left Zone'),(20737,'Bottom-Right Zone'),(20738,'Bottom Zone'),(20744,'Rigth Zone'),(20745,'Bottom-Left Zone'),(20746,'Bottom-Right Zone'),(20747,'Bottom Zone'),(20753,'Rigth Zone'),(20754,'Bottom-Left Zone'),(20755,'Bottom-Right Zone'),(20756,'Bottom Zone'),(20762,'Rigth Zone'),(20763,'Bottom-Left Zone'),(20764,'Bottom-Right Zone'),(20765,'Bottom Zone'),(20771,'Rigth Zone'),(20772,'Bottom-Left Zone'),(20773,'Bottom-Right Zone'),(20774,'Bottom Zone'),(20780,'Rigth Zone'),(20781,'Bottom-Left Zone'),(20782,'Bottom-Right Zone'),(20783,'Bottom Zone'),(20789,'Rigth Zone'),(20790,'Bottom-Left Zone'),(20791,'Bottom-Right Zone'),(20792,'Bottom Zone'),(20798,'Rigth Zone'),(20799,'Bottom-Left Zone'),(20800,'Bottom-Right Zone'),(20801,'Bottom Zone'),(20807,'Rigth Zone'),(20808,'Bottom-Left Zone'),(20809,'Bottom-Right Zone'),(20810,'Bottom Zone'),(20816,'Rigth Zone'),(20817,'Bottom-Left Zone'),(20818,'Bottom-Right Zone'),(20819,'Bottom Zone'),(20825,'Rigth Zone'),(20826,'Bottom-Left Zone'),(20827,'Bottom-Right Zone'),(20828,'Bottom Zone'),(20834,'Rigth Zone'),(20835,'Bottom-Left Zone'),(20836,'Bottom-Right Zone'),(20837,'Bottom Zone'),(20843,'Rigth Zone'),(20844,'Bottom-Left Zone'),(20845,'Bottom-Right Zone'),(20846,'Bottom Zone'),(20852,'Rigth Zone'),(20853,'Bottom-Left Zone'),(20854,'Bottom-Right Zone'),(20855,'Bottom Zone'),(20861,'Rigth Zone'),(20862,'Bottom-Left Zone'),(20863,'Bottom-Right Zone'),(20864,'Bottom Zone'),(20870,'Rigth Zone'),(20871,'Bottom-Left Zone'),(20872,'Bottom-Right Zone'),(20873,'Bottom Zone'),(20879,'Rigth Zone'),(20880,'Bottom-Left Zone'),(20881,'Bottom-Right Zone'),(20882,'Bottom Zone'),(20888,'Rigth Zone'),(20889,'Bottom-Left Zone'),(20890,'Bottom-Right Zone'),(20891,'Bottom Zone'),(20897,'Rigth Zone'),(20898,'Bottom-Left Zone'),(20899,'Bottom-Right Zone'),(20900,'Bottom Zone'),(20906,'Rigth Zone'),(20907,'Bottom-Left Zone'),(20908,'Bottom-Right Zone'),(20909,'Bottom Zone'),(20915,'Rigth Zone'),(20916,'Bottom-Left Zone'),(20917,'Bottom-Right Zone'),(20918,'Bottom Zone'),(20924,'Rigth Zone'),(20925,'Bottom-Left Zone'),(20926,'Bottom-Right Zone'),(20927,'Bottom Zone'),(20933,'Rigth Zone'),(20934,'Bottom-Left Zone'),(20935,'Bottom-Right Zone'),(20936,'Bottom Zone'),(20942,'Rigth Zone'),(20943,'Bottom-Left Zone'),(20944,'Bottom-Right Zone'),(20945,'Bottom Zone'),(20951,'Rigth Zone'),(20952,'Bottom-Left Zone'),(20953,'Bottom-Right Zone'),(20954,'Bottom Zone'),(20960,'Rigth Zone'),(20961,'Bottom-Left Zone'),(20962,'Bottom-Right Zone'),(20963,'Bottom Zone'),(20969,'Rigth Zone'),(20970,'Bottom-Left Zone'),(20971,'Bottom-Right Zone'),(20972,'Bottom Zone'),(20978,'Rigth Zone'),(20979,'Bottom-Left Zone'),(20980,'Bottom-Right Zone'),(20981,'Bottom Zone'),(20987,'Rigth Zone'),(20988,'Bottom-Left Zone'),(20989,'Bottom-Right Zone'),(20990,'Bottom Zone'),(20996,'Rigth Zone'),(20997,'Bottom-Left Zone'),(20998,'Bottom-Right Zone'),(20999,'Bottom Zone'),(21005,'Rigth Zone'),(21006,'Bottom-Left Zone'),(21007,'Bottom-Right Zone'),(21008,'Bottom Zone'),(21014,'Rigth Zone'),(21015,'Bottom-Left Zone'),(21016,'Bottom-Right Zone'),(21017,'Bottom Zone'),(21023,'Rigth Zone'),(21024,'Bottom-Left Zone'),(21025,'Bottom-Right Zone'),(21026,'Bottom Zone'),(21032,'Rigth Zone'),(21033,'Bottom-Left Zone'),(21034,'Bottom-Right Zone'),(21035,'Bottom Zone'),(21041,'Rigth Zone'),(21042,'Bottom-Left Zone'),(21043,'Bottom-Right Zone'),(21044,'Bottom Zone'),(21050,'Rigth Zone'),(21051,'Bottom-Left Zone'),(21052,'Bottom-Right Zone'),(21053,'Bottom Zone'),(21059,'Rigth Zone'),(21060,'Bottom-Left Zone'),(21061,'Bottom-Right Zone'),(21062,'Bottom Zone'),(21068,'Rigth Zone'),(21069,'Bottom-Left Zone'),(21070,'Bottom-Right Zone'),(21071,'Bottom Zone'),(21077,'Rigth Zone'),(21078,'Bottom-Left Zone'),(21079,'Bottom-Right Zone'),(21080,'Bottom Zone'),(21086,'Rigth Zone'),(21087,'Bottom-Left Zone'),(21088,'Bottom-Right Zone'),(21089,'Bottom Zone'),(21095,'Rigth Zone'),(21096,'Bottom-Left Zone'),(21097,'Bottom-Right Zone'),(21098,'Bottom Zone'),(21104,'Rigth Zone'),(21105,'Bottom-Left Zone'),(21106,'Bottom-Right Zone'),(21107,'Bottom Zone'),(21113,'Rigth Zone'),(21114,'Bottom-Left Zone'),(21115,'Bottom-Right Zone'),(21116,'Bottom Zone'),(21122,'Rigth Zone'),(21123,'Bottom-Left Zone'),(21124,'Bottom-Right Zone'),(21125,'Bottom Zone'),(21131,'Rigth Zone'),(21132,'Bottom-Left Zone'),(21133,'Bottom-Right Zone'),(21134,'Bottom Zone'),(21140,'Rigth Zone'),(21141,'Bottom-Left Zone'),(21142,'Bottom-Right Zone'),(21143,'Bottom Zone'),(21149,'Rigth Zone'),(21150,'Bottom-Left Zone'),(21151,'Bottom-Right Zone'),(21152,'Bottom Zone'),(21158,'Rigth Zone'),(21159,'Bottom-Left Zone'),(21160,'Bottom-Right Zone'),(21161,'Bottom Zone'),(21167,'Rigth Zone'),(21168,'Bottom-Left Zone'),(21169,'Bottom-Right Zone'),(21170,'Bottom Zone'),(21176,'Rigth Zone'),(21177,'Bottom-Left Zone'),(21178,'Bottom-Right Zone'),(21179,'Bottom Zone'),(21185,'Rigth Zone'),(21186,'Bottom-Left Zone'),(21187,'Bottom-Right Zone'),(21188,'Bottom Zone'),(21194,'Rigth Zone'),(21195,'Bottom-Left Zone'),(21196,'Bottom-Right Zone'),(21197,'Bottom Zone'),(21203,'Rigth Zone'),(21204,'Bottom-Left Zone'),(21205,'Bottom-Right Zone'),(21206,'Bottom Zone'),(21212,'Rigth Zone'),(21213,'Bottom-Left Zone'),(21214,'Bottom-Right Zone'),(21215,'Bottom Zone'),(21221,'Rigth Zone'),(21222,'Bottom-Left Zone'),(21223,'Bottom-Right Zone'),(21224,'Bottom Zone'),(21230,'Rigth Zone'),(21231,'Bottom-Left Zone'),(21232,'Bottom-Right Zone'),(21233,'Bottom Zone'),(21239,'Rigth Zone'),(21240,'Bottom-Left Zone'),(21241,'Bottom-Right Zone'),(21242,'Bottom Zone'),(21248,'Rigth Zone'),(21249,'Bottom-Left Zone'),(21250,'Bottom-Right Zone'),(21251,'Bottom Zone'),(21257,'Rigth Zone'),(21258,'Bottom-Left Zone'),(21259,'Bottom-Right Zone'),(21260,'Bottom Zone'),(21266,'Rigth Zone'),(21267,'Bottom-Left Zone'),(21268,'Bottom-Right Zone'),(21269,'Bottom Zone'),(21275,'Rigth Zone'),(21276,'Bottom-Left Zone'),(21277,'Bottom-Right Zone'),(21278,'Bottom Zone'),(21284,'Rigth Zone'),(21285,'Bottom-Left Zone'),(21286,'Bottom-Right Zone'),(21287,'Bottom Zone'),(21293,'Rigth Zone'),(21294,'Bottom-Left Zone'),(21295,'Bottom-Right Zone'),(21296,'Bottom Zone'),(21302,'Rigth Zone'),(21303,'Bottom-Left Zone'),(21304,'Bottom-Right Zone'),(21305,'Bottom Zone'),(21311,'Rigth Zone'),(21312,'Bottom-Left Zone'),(21313,'Bottom-Right Zone'),(21314,'Bottom Zone'),(21320,'Rigth Zone'),(21321,'Bottom-Left Zone'),(21322,'Bottom-Right Zone'),(21323,'Bottom Zone'),(21329,'Rigth Zone'),(21330,'Bottom-Left Zone'),(21331,'Bottom-Right Zone'),(21332,'Bottom Zone'),(21338,'Rigth Zone'),(21339,'Bottom-Left Zone'),(21340,'Bottom-Right Zone'),(21341,'Bottom Zone'),(21347,'Rigth Zone'),(21348,'Bottom-Left Zone'),(21349,'Bottom-Right Zone'),(21350,'Bottom Zone'),(21356,'Rigth Zone'),(21357,'Bottom-Left Zone'),(21358,'Bottom-Right Zone'),(21359,'Bottom Zone'),(21365,'Rigth Zone'),(21366,'Bottom-Left Zone'),(21367,'Bottom-Right Zone'),(21368,'Bottom Zone'),(21374,'Rigth Zone'),(21375,'Bottom-Left Zone'),(21376,'Bottom-Right Zone'),(21377,'Bottom Zone'),(21383,'Rigth Zone'),(21384,'Bottom-Left Zone'),(21385,'Bottom-Right Zone'),(21386,'Bottom Zone'),(21392,'Rigth Zone'),(21393,'Bottom-Left Zone'),(21394,'Bottom-Right Zone'),(21395,'Bottom Zone'),(21401,'Rigth Zone'),(21402,'Bottom-Left Zone'),(21403,'Bottom-Right Zone'),(21404,'Bottom Zone'),(21410,'Rigth Zone'),(21411,'Bottom-Left Zone'),(21412,'Bottom-Right Zone'),(21413,'Bottom Zone'),(21419,'Rigth Zone'),(21420,'Bottom-Left Zone'),(21421,'Bottom-Right Zone'),(21422,'Bottom Zone'),(21428,'Rigth Zone'),(21429,'Bottom-Left Zone'),(21430,'Bottom-Right Zone'),(21431,'Bottom Zone'),(21437,'Rigth Zone'),(21438,'Bottom-Left Zone'),(21439,'Bottom-Right Zone'),(21440,'Bottom Zone'),(21446,'Rigth Zone'),(21447,'Bottom-Left Zone'),(21448,'Bottom-Right Zone'),(21449,'Bottom Zone'),(21455,'Rigth Zone'),(21456,'Bottom-Left Zone'),(21457,'Bottom-Right Zone'),(21458,'Bottom Zone'),(21464,'Rigth Zone'),(21465,'Bottom-Left Zone'),(21466,'Bottom-Right Zone'),(21467,'Bottom Zone'),(21473,'Rigth Zone'),(21474,'Bottom-Left Zone'),(21475,'Bottom-Right Zone'),(21476,'Bottom Zone'),(21482,'Rigth Zone'),(21483,'Bottom-Left Zone'),(21484,'Bottom-Right Zone'),(21485,'Bottom Zone'),(21491,'Rigth Zone'),(21492,'Bottom-Left Zone'),(21493,'Bottom-Right Zone'),(21494,'Bottom Zone'),(21500,'Rigth Zone'),(21501,'Bottom-Left Zone'),(21502,'Bottom-Right Zone'),(21503,'Bottom Zone'),(21509,'Rigth Zone'),(21510,'Bottom-Left Zone'),(21511,'Bottom-Right Zone'),(21512,'Bottom Zone'),(21518,'Rigth Zone'),(21519,'Bottom-Left Zone'),(21520,'Bottom-Right Zone'),(21521,'Bottom Zone'),(21527,'Rigth Zone'),(21528,'Bottom-Left Zone'),(21529,'Bottom-Right Zone'),(21530,'Bottom Zone'),(21536,'Rigth Zone'),(21537,'Bottom-Left Zone'),(21538,'Bottom-Right Zone'),(21539,'Bottom Zone'),(21545,'Rigth Zone'),(21546,'Bottom-Left Zone'),(21547,'Bottom-Right Zone'),(21548,'Bottom Zone'),(21554,'Rigth Zone'),(21555,'Bottom-Left Zone'),(21556,'Bottom-Right Zone'),(21557,'Bottom Zone'),(21563,'Rigth Zone'),(21564,'Bottom-Left Zone'),(21565,'Bottom-Right Zone'),(21566,'Bottom Zone'),(21572,'Rigth Zone'),(21573,'Bottom-Left Zone'),(21574,'Bottom-Right Zone'),(21575,'Bottom Zone'),(21581,'Rigth Zone'),(21582,'Bottom-Left Zone'),(21583,'Bottom-Right Zone'),(21584,'Bottom Zone'),(21590,'Rigth Zone'),(21591,'Bottom-Left Zone'),(21592,'Bottom-Right Zone'),(21593,'Bottom Zone'),(21599,'Rigth Zone'),(21600,'Bottom-Left Zone'),(21601,'Bottom-Right Zone'),(21602,'Bottom Zone'),(21608,'Rigth Zone'),(21609,'Bottom-Left Zone'),(21610,'Bottom-Right Zone'),(21611,'Bottom Zone'),(21617,'Rigth Zone'),(21618,'Bottom-Left Zone'),(21619,'Bottom-Right Zone'),(21620,'Bottom Zone'),(21626,'Rigth Zone'),(21627,'Bottom-Left Zone'),(21628,'Bottom-Right Zone'),(21629,'Bottom Zone'),(21635,'Rigth Zone'),(21636,'Bottom-Left Zone'),(21637,'Bottom-Right Zone'),(21638,'Bottom Zone'),(21644,'Rigth Zone'),(21645,'Bottom-Left Zone'),(21646,'Bottom-Right Zone'),(21647,'Bottom Zone'),(21653,'Rigth Zone'),(21654,'Bottom-Left Zone'),(21655,'Bottom-Right Zone'),(21656,'Bottom Zone'),(21662,'Rigth Zone'),(21663,'Bottom-Left Zone'),(21664,'Bottom-Right Zone'),(21665,'Bottom Zone'),(21671,'Rigth Zone'),(21672,'Bottom-Left Zone'),(21673,'Bottom-Right Zone'),(21674,'Bottom Zone'),(21680,'Rigth Zone'),(21681,'Bottom-Left Zone'),(21682,'Bottom-Right Zone'),(21683,'Bottom Zone'),(21689,'Rigth Zone'),(21690,'Bottom-Left Zone'),(21691,'Bottom-Right Zone'),(21692,'Bottom Zone'),(21698,'Rigth Zone'),(21699,'Bottom-Left Zone'),(21700,'Bottom-Right Zone'),(21701,'Bottom Zone'),(21707,'Rigth Zone'),(21708,'Bottom-Left Zone'),(21709,'Bottom-Right Zone'),(21710,'Bottom Zone'),(21716,'Rigth Zone'),(21717,'Bottom-Left Zone'),(21718,'Bottom-Right Zone'),(21719,'Bottom Zone'),(21725,'Rigth Zone'),(21726,'Bottom-Left Zone'),(21727,'Bottom-Right Zone'),(21728,'Bottom Zone'),(21734,'Rigth Zone'),(21735,'Bottom-Left Zone'),(21736,'Bottom-Right Zone'),(21737,'Bottom Zone'),(21743,'Rigth Zone'),(21744,'Bottom-Left Zone'),(21745,'Bottom-Right Zone'),(21746,'Bottom Zone'),(21752,'Rigth Zone'),(21753,'Bottom-Left Zone'),(21754,'Bottom-Right Zone'),(21755,'Bottom Zone'),(21761,'Rigth Zone'),(21762,'Bottom-Left Zone'),(21763,'Bottom-Right Zone'),(21764,'Bottom Zone'),(21770,'Rigth Zone'),(21771,'Bottom-Left Zone'),(21772,'Bottom-Right Zone'),(21773,'Bottom Zone'),(21779,'Rigth Zone'),(21780,'Bottom-Left Zone'),(21781,'Bottom-Right Zone'),(21782,'Bottom Zone'),(21788,'Rigth Zone'),(21789,'Bottom-Left Zone'),(21790,'Bottom-Right Zone'),(21791,'Bottom Zone'),(21797,'Rigth Zone'),(21798,'Bottom-Left Zone'),(21799,'Bottom-Right Zone'),(21800,'Bottom Zone'),(21806,'Rigth Zone'),(21807,'Bottom-Left Zone'),(21808,'Bottom-Right Zone'),(21809,'Bottom Zone'),(21815,'Rigth Zone'),(21816,'Bottom-Left Zone'),(21817,'Bottom-Right Zone'),(21818,'Bottom Zone'),(21824,'Rigth Zone'),(21825,'Bottom-Left Zone'),(21826,'Bottom-Right Zone'),(21827,'Bottom Zone'),(21833,'Rigth Zone'),(21834,'Bottom-Left Zone'),(21835,'Bottom-Right Zone'),(21836,'Bottom Zone'),(21842,'Rigth Zone'),(21843,'Bottom-Left Zone'),(21844,'Bottom-Right Zone'),(21845,'Bottom Zone'),(21851,'Rigth Zone'),(21852,'Bottom-Left Zone'),(21853,'Bottom-Right Zone'),(21854,'Bottom Zone'),(21860,'Rigth Zone'),(21861,'Bottom-Left Zone'),(21862,'Bottom-Right Zone'),(21863,'Bottom Zone'),(21869,'Rigth Zone'),(21870,'Bottom-Left Zone'),(21871,'Bottom-Right Zone'),(21872,'Bottom Zone'),(21878,'Rigth Zone'),(21879,'Bottom-Left Zone'),(21880,'Bottom-Right Zone'),(21881,'Bottom Zone'),(21887,'Rigth Zone'),(21888,'Bottom-Left Zone'),(21889,'Bottom-Right Zone'),(21890,'Bottom Zone'),(21896,'Rigth Zone'),(21897,'Bottom-Left Zone'),(21898,'Bottom-Right Zone'),(21899,'Bottom Zone'),(21905,'Rigth Zone'),(21906,'Bottom-Left Zone'),(21907,'Bottom-Right Zone'),(21908,'Bottom Zone'),(21914,'Rigth Zone'),(21915,'Bottom-Left Zone'),(21916,'Bottom-Right Zone'),(21917,'Bottom Zone'),(21923,'Rigth Zone'),(21924,'Bottom-Left Zone'),(21925,'Bottom-Right Zone'),(21926,'Bottom Zone'),(21932,'Rigth Zone'),(21933,'Bottom-Left Zone'),(21934,'Bottom-Right Zone'),(21935,'Bottom Zone'),(21941,'Rigth Zone'),(21942,'Bottom-Left Zone'),(21943,'Bottom-Right Zone'),(21944,'Bottom Zone'),(21950,'Rigth Zone'),(21951,'Bottom-Left Zone'),(21952,'Bottom-Right Zone'),(21953,'Bottom Zone'),(21959,'Rigth Zone'),(21960,'Bottom-Left Zone'),(21961,'Bottom-Right Zone'),(21962,'Bottom Zone'),(21968,'Rigth Zone'),(21969,'Bottom-Left Zone'),(21970,'Bottom-Right Zone'),(21971,'Bottom Zone'),(21977,'Rigth Zone'),(21978,'Bottom-Left Zone'),(21979,'Bottom-Right Zone'),(21980,'Bottom Zone'),(21986,'Rigth Zone'),(21987,'Bottom-Left Zone'),(21988,'Bottom-Right Zone'),(21989,'Bottom Zone'),(21995,'Rigth Zone'),(21996,'Bottom-Left Zone'),(21997,'Bottom-Right Zone'),(21998,'Bottom Zone'),(22004,'Rigth Zone'),(22005,'Bottom-Left Zone'),(22006,'Bottom-Right Zone'),(22007,'Bottom Zone'),(22013,'Rigth Zone'),(22014,'Bottom-Left Zone'),(22015,'Bottom-Right Zone'),(22016,'Bottom Zone'),(22022,'Rigth Zone'),(22023,'Bottom-Left Zone'),(22024,'Bottom-Right Zone'),(22025,'Bottom Zone'),(22031,'Rigth Zone'),(22032,'Bottom-Left Zone'),(22033,'Bottom-Right Zone'),(22034,'Bottom Zone'),(22040,'Rigth Zone'),(22041,'Bottom-Left Zone'),(22042,'Bottom-Right Zone'),(22043,'Bottom Zone'),(22049,'Rigth Zone'),(22050,'Bottom-Left Zone'),(22051,'Bottom-Right Zone'),(22052,'Bottom Zone'),(22058,'Rigth Zone'),(22059,'Bottom-Left Zone'),(22060,'Bottom-Right Zone'),(22061,'Bottom Zone'),(22067,'Rigth Zone'),(22068,'Bottom-Left Zone'),(22069,'Bottom-Right Zone'),(22070,'Bottom Zone'),(22076,'Rigth Zone'),(22077,'Bottom-Left Zone'),(22078,'Bottom-Right Zone'),(22079,'Bottom Zone'),(22085,'Rigth Zone'),(22086,'Bottom-Left Zone'),(22087,'Bottom-Right Zone'),(22088,'Bottom Zone'),(22094,'Rigth Zone'),(22095,'Bottom-Left Zone'),(22096,'Bottom-Right Zone'),(22097,'Bottom Zone'),(22103,'Rigth Zone'),(22104,'Bottom-Left Zone'),(22105,'Bottom-Right Zone'),(22106,'Bottom Zone'),(22112,'Rigth Zone'),(22113,'Bottom-Left Zone'),(22114,'Bottom-Right Zone'),(22115,'Bottom Zone'),(22121,'Rigth Zone'),(22122,'Bottom-Left Zone'),(22123,'Bottom-Right Zone'),(22124,'Bottom Zone'),(22130,'Rigth Zone'),(22131,'Bottom-Left Zone'),(22132,'Bottom-Right Zone'),(22133,'Bottom Zone'),(22139,'Rigth Zone'),(22140,'Bottom-Left Zone'),(22141,'Bottom-Right Zone'),(22142,'Bottom Zone'),(22148,'Rigth Zone'),(22149,'Bottom-Left Zone'),(22150,'Bottom-Right Zone'),(22151,'Bottom Zone'),(22157,'Rigth Zone'),(22158,'Bottom-Left Zone'),(22159,'Bottom-Right Zone'),(22160,'Bottom Zone'),(22166,'Rigth Zone'),(22167,'Bottom-Left Zone'),(22168,'Bottom-Right Zone'),(22169,'Bottom Zone'),(22175,'Rigth Zone'),(22176,'Bottom-Left Zone'),(22177,'Bottom-Right Zone'),(22178,'Bottom Zone'),(22184,'Rigth Zone'),(22185,'Bottom-Left Zone'),(22186,'Bottom-Right Zone'),(22187,'Bottom Zone'),(22193,'Rigth Zone'),(22194,'Bottom-Left Zone'),(22195,'Bottom-Right Zone'),(22196,'Bottom Zone'),(22202,'Rigth Zone'),(22203,'Bottom-Left Zone'),(22204,'Bottom-Right Zone'),(22205,'Bottom Zone'),(22211,'Rigth Zone'),(22212,'Bottom-Left Zone'),(22213,'Bottom-Right Zone'),(22214,'Bottom Zone'),(22220,'Rigth Zone'),(22221,'Bottom-Left Zone'),(22222,'Bottom-Right Zone'),(22223,'Bottom Zone'),(22229,'Rigth Zone'),(22230,'Bottom-Left Zone'),(22231,'Bottom-Right Zone'),(22232,'Bottom Zone'),(22238,'Rigth Zone'),(22239,'Bottom-Left Zone'),(22240,'Bottom-Right Zone'),(22241,'Bottom Zone'),(22247,'Rigth Zone'),(22248,'Bottom-Left Zone'),(22249,'Bottom-Right Zone'),(22250,'Bottom Zone'),(22256,'Rigth Zone'),(22257,'Bottom-Left Zone'),(22258,'Bottom-Right Zone'),(22259,'Bottom Zone'),(22265,'Rigth Zone'),(22266,'Bottom-Left Zone'),(22267,'Bottom-Right Zone'),(22268,'Bottom Zone'),(22274,'Rigth Zone'),(22275,'Bottom-Left Zone'),(22276,'Bottom-Right Zone'),(22277,'Bottom Zone'),(22283,'Rigth Zone'),(22284,'Bottom-Left Zone'),(22285,'Bottom-Right Zone'),(22286,'Bottom Zone'),(22292,'Rigth Zone'),(22293,'Bottom-Left Zone'),(22294,'Bottom-Right Zone'),(22295,'Bottom Zone'),(22301,'Rigth Zone'),(22302,'Bottom-Left Zone'),(22303,'Bottom-Right Zone'),(22304,'Bottom Zone'),(22310,'Rigth Zone'),(22311,'Bottom-Left Zone'),(22312,'Bottom-Right Zone'),(22313,'Bottom Zone'),(22319,'Rigth Zone'),(22320,'Bottom-Left Zone'),(22321,'Bottom-Right Zone'),(22322,'Bottom Zone'),(22328,'Rigth Zone'),(22329,'Bottom-Left Zone'),(22330,'Bottom-Right Zone'),(22331,'Bottom Zone'),(22337,'Rigth Zone'),(22338,'Bottom-Left Zone'),(22339,'Bottom-Right Zone'),(22340,'Bottom Zone'),(22346,'Rigth Zone'),(22347,'Bottom-Left Zone'),(22348,'Bottom-Right Zone'),(22349,'Bottom Zone'),(22355,'Rigth Zone'),(22356,'Bottom-Left Zone'),(22357,'Bottom-Right Zone'),(22358,'Bottom Zone'),(22364,'Rigth Zone'),(22365,'Bottom-Left Zone'),(22366,'Bottom-Right Zone'),(22367,'Bottom Zone'),(22373,'Rigth Zone'),(22374,'Bottom-Left Zone'),(22375,'Bottom-Right Zone'),(22376,'Bottom Zone'),(22382,'Rigth Zone'),(22383,'Bottom-Left Zone'),(22384,'Bottom-Right Zone'),(22385,'Bottom Zone'),(22391,'Rigth Zone'),(22392,'Bottom-Left Zone'),(22393,'Bottom-Right Zone'),(22394,'Bottom Zone'),(22400,'Rigth Zone'),(22401,'Bottom-Left Zone'),(22402,'Bottom-Right Zone'),(22403,'Bottom Zone'),(22409,'Rigth Zone'),(22410,'Bottom-Left Zone'),(22411,'Bottom-Right Zone'),(22412,'Bottom Zone'),(22418,'Rigth Zone'),(22419,'Bottom-Left Zone'),(22420,'Bottom-Right Zone'),(22421,'Bottom Zone'),(22427,'Rigth Zone'),(22428,'Bottom-Left Zone'),(22429,'Bottom-Right Zone'),(22430,'Bottom Zone'),(22436,'Rigth Zone'),(22437,'Bottom-Left Zone'),(22438,'Bottom-Right Zone'),(22439,'Bottom Zone'),(22445,'Rigth Zone'),(22446,'Bottom-Left Zone'),(22447,'Bottom-Right Zone'),(22448,'Bottom Zone'),(22454,'Rigth Zone'),(22455,'Bottom-Left Zone'),(22456,'Bottom-Right Zone'),(22457,'Bottom Zone'),(22463,'Rigth Zone'),(22464,'Bottom-Left Zone'),(22465,'Bottom-Right Zone'),(22466,'Bottom Zone'),(22472,'Rigth Zone'),(22473,'Bottom-Left Zone'),(22474,'Bottom-Right Zone'),(22475,'Bottom Zone'),(22481,'Rigth Zone'),(22482,'Bottom-Left Zone'),(22483,'Bottom-Right Zone'),(22484,'Bottom Zone'),(22490,'Rigth Zone'),(22491,'Bottom-Left Zone'),(22492,'Bottom-Right Zone'),(22493,'Bottom Zone'),(22499,'Rigth Zone'),(22500,'Bottom-Left Zone'),(22501,'Bottom-Right Zone'),(22502,'Bottom Zone'),(22508,'Rigth Zone'),(22509,'Bottom-Left Zone'),(22510,'Bottom-Right Zone'),(22511,'Bottom Zone'),(22517,'Rigth Zone'),(22518,'Bottom-Left Zone'),(22519,'Bottom-Right Zone'),(22520,'Bottom Zone'),(22526,'Rigth Zone'),(22527,'Bottom-Left Zone'),(22528,'Bottom-Right Zone'),(22529,'Bottom Zone'),(22535,'Rigth Zone'),(22536,'Bottom-Left Zone'),(22537,'Bottom-Right Zone'),(22538,'Bottom Zone'),(22544,'Rigth Zone'),(22545,'Bottom-Left Zone'),(22546,'Bottom-Right Zone'),(22547,'Bottom Zone'),(22553,'Rigth Zone'),(22554,'Bottom-Left Zone'),(22555,'Bottom-Right Zone'),(22556,'Bottom Zone'),(22562,'Rigth Zone'),(22563,'Bottom-Left Zone'),(22564,'Bottom-Right Zone'),(22565,'Bottom Zone'),(22571,'Rigth Zone'),(22572,'Bottom-Left Zone'),(22573,'Bottom-Right Zone'),(22574,'Bottom Zone'),(22580,'Rigth Zone'),(22581,'Bottom-Left Zone'),(22582,'Bottom-Right Zone'),(22583,'Bottom Zone'),(22589,'Rigth Zone'),(22590,'Bottom-Left Zone'),(22591,'Bottom-Right Zone'),(22592,'Bottom Zone'),(22598,'Rigth Zone'),(22599,'Bottom-Left Zone'),(22600,'Bottom-Right Zone'),(22601,'Bottom Zone'),(22607,'Rigth Zone'),(22608,'Bottom-Left Zone'),(22609,'Bottom-Right Zone'),(22610,'Bottom Zone'),(22616,'Rigth Zone'),(22617,'Bottom-Left Zone'),(22618,'Bottom-Right Zone'),(22619,'Bottom Zone'),(22625,'Rigth Zone'),(22626,'Bottom-Left Zone'),(22627,'Bottom-Right Zone'),(22628,'Bottom Zone'),(22634,'Rigth Zone'),(22635,'Bottom-Left Zone'),(22636,'Bottom-Right Zone'),(22637,'Bottom Zone'),(22643,'Rigth Zone'),(22644,'Bottom-Left Zone'),(22645,'Bottom-Right Zone'),(22646,'Bottom Zone'),(22652,'Rigth Zone'),(22653,'Bottom-Left Zone'),(22654,'Bottom-Right Zone'),(22655,'Bottom Zone'),(22661,'Rigth Zone'),(22662,'Bottom-Left Zone'),(22663,'Bottom-Right Zone'),(22664,'Bottom Zone'),(22670,'Rigth Zone'),(22671,'Bottom-Left Zone'),(22672,'Bottom-Right Zone'),(22673,'Bottom Zone'),(22679,'Rigth Zone'),(22680,'Bottom-Left Zone'),(22681,'Bottom-Right Zone'),(22682,'Bottom Zone'),(22688,'Rigth Zone'),(22689,'Bottom-Left Zone'),(22690,'Bottom-Right Zone'),(22691,'Bottom Zone'),(22697,'Rigth Zone'),(22698,'Bottom-Left Zone'),(22699,'Bottom-Right Zone'),(22700,'Bottom Zone'),(22706,'Rigth Zone'),(22707,'Bottom-Left Zone'),(22708,'Bottom-Right Zone'),(22709,'Bottom Zone'),(22715,'Rigth Zone'),(22716,'Bottom-Left Zone'),(22717,'Bottom-Right Zone'),(22718,'Bottom Zone'),(22724,'Rigth Zone'),(22725,'Bottom-Left Zone'),(22726,'Bottom-Right Zone'),(22727,'Bottom Zone'),(22733,'Rigth Zone'),(22734,'Bottom-Left Zone'),(22735,'Bottom-Right Zone'),(22736,'Bottom Zone'),(22742,'Rigth Zone'),(22743,'Bottom-Left Zone'),(22744,'Bottom-Right Zone'),(22745,'Bottom Zone'),(22751,'Rigth Zone'),(22752,'Bottom-Left Zone'),(22753,'Bottom-Right Zone'),(22754,'Bottom Zone'),(22760,'Rigth Zone'),(22761,'Bottom-Left Zone'),(22762,'Bottom-Right Zone'),(22763,'Bottom Zone'),(22769,'Rigth Zone'),(22770,'Bottom-Left Zone'),(22771,'Bottom-Right Zone'),(22772,'Bottom Zone'),(22778,'Rigth Zone'),(22779,'Bottom-Left Zone'),(22780,'Bottom-Right Zone'),(22781,'Bottom Zone'),(22787,'Rigth Zone'),(22788,'Bottom-Left Zone'),(22789,'Bottom-Right Zone'),(22790,'Bottom Zone'),(22796,'Rigth Zone'),(22797,'Bottom-Left Zone'),(22798,'Bottom-Right Zone'),(22799,'Bottom Zone'),(22805,'Rigth Zone'),(22806,'Bottom-Left Zone'),(22807,'Bottom-Right Zone'),(22808,'Bottom Zone'),(22814,'Rigth Zone'),(22815,'Bottom-Left Zone'),(22816,'Bottom-Right Zone'),(22817,'Bottom Zone'),(22823,'Rigth Zone'),(22824,'Bottom-Left Zone'),(22825,'Bottom-Right Zone'),(22826,'Bottom Zone'),(22832,'Rigth Zone'),(22833,'Bottom-Left Zone'),(22834,'Bottom-Right Zone'),(22835,'Bottom Zone'),(22841,'Rigth Zone'),(22842,'Bottom-Left Zone'),(22843,'Bottom-Right Zone'),(22844,'Bottom Zone'),(22850,'Rigth Zone'),(22851,'Bottom-Left Zone'),(22852,'Bottom-Right Zone'),(22853,'Bottom Zone'),(22859,'Rigth Zone'),(22860,'Bottom-Left Zone'),(22861,'Bottom-Right Zone'),(22862,'Bottom Zone'),(22868,'Rigth Zone'),(22869,'Bottom-Left Zone'),(22870,'Bottom-Right Zone'),(22871,'Bottom Zone'),(22877,'Rigth Zone'),(22878,'Bottom-Left Zone'),(22879,'Bottom-Right Zone'),(22880,'Bottom Zone'),(22886,'Rigth Zone'),(22887,'Bottom-Left Zone'),(22888,'Bottom-Right Zone'),(22889,'Bottom Zone'),(22895,'Rigth Zone'),(22896,'Bottom-Left Zone'),(22897,'Bottom-Right Zone'),(22898,'Bottom Zone'),(22904,'Rigth Zone'),(22905,'Bottom-Left Zone'),(22906,'Bottom-Right Zone'),(22907,'Bottom Zone'),(22913,'Rigth Zone'),(22914,'Bottom-Left Zone'),(22915,'Bottom-Right Zone'),(22916,'Bottom Zone'),(22922,'Rigth Zone'),(22923,'Bottom-Left Zone'),(22924,'Bottom-Right Zone'),(22925,'Bottom Zone'),(22931,'Rigth Zone'),(22932,'Bottom-Left Zone'),(22933,'Bottom-Right Zone'),(22934,'Bottom Zone'),(22940,'Rigth Zone'),(22941,'Bottom-Left Zone'),(22942,'Bottom-Right Zone'),(22943,'Bottom Zone'),(22949,'Rigth Zone'),(22950,'Bottom-Left Zone'),(22951,'Bottom-Right Zone'),(22952,'Bottom Zone'),(22958,'Rigth Zone'),(22959,'Bottom-Left Zone'),(22960,'Bottom-Right Zone'),(22961,'Bottom Zone'),(22967,'Rigth Zone'),(22968,'Bottom-Left Zone'),(22969,'Bottom-Right Zone'),(22970,'Bottom Zone'),(22976,'Rigth Zone'),(22977,'Bottom-Left Zone'),(22978,'Bottom-Right Zone'),(22979,'Bottom Zone'),(22985,'Rigth Zone'),(22986,'Bottom-Left Zone'),(22987,'Bottom-Right Zone'),(22988,'Bottom Zone'),(22994,'Rigth Zone'),(22995,'Bottom-Left Zone'),(22996,'Bottom-Right Zone'),(22997,'Bottom Zone'),(23003,'Rigth Zone'),(23004,'Bottom-Left Zone'),(23005,'Bottom-Right Zone'),(23006,'Bottom Zone'),(23012,'Rigth Zone'),(23013,'Bottom-Left Zone'),(23014,'Bottom-Right Zone'),(23015,'Bottom Zone'),(23021,'Rigth Zone'),(23022,'Bottom-Left Zone'),(23023,'Bottom-Right Zone'),(23024,'Bottom Zone'),(23030,'Rigth Zone'),(23031,'Bottom-Left Zone'),(23032,'Bottom-Right Zone'),(23033,'Bottom Zone'),(23039,'Rigth Zone'),(23040,'Bottom-Left Zone'),(23041,'Bottom-Right Zone'),(23042,'Bottom Zone'),(23048,'Rigth Zone'),(23049,'Bottom-Left Zone'),(23050,'Bottom-Right Zone'),(23051,'Bottom Zone'),(23057,'Rigth Zone'),(23058,'Bottom-Left Zone'),(23059,'Bottom-Right Zone'),(23060,'Bottom Zone'),(23066,'Rigth Zone'),(23067,'Bottom-Left Zone'),(23068,'Bottom-Right Zone'),(23069,'Bottom Zone'),(23075,'Rigth Zone'),(23076,'Bottom-Left Zone'),(23077,'Bottom-Right Zone'),(23078,'Bottom Zone'),(23084,'Rigth Zone'),(23085,'Bottom-Left Zone'),(23086,'Bottom-Right Zone'),(23087,'Bottom Zone'),(23093,'Rigth Zone'),(23094,'Bottom-Left Zone'),(23095,'Bottom-Right Zone'),(23096,'Bottom Zone'),(23102,'Rigth Zone'),(23103,'Bottom-Left Zone'),(23104,'Bottom-Right Zone'),(23105,'Bottom Zone'),(23111,'Rigth Zone'),(23112,'Bottom-Left Zone'),(23113,'Bottom-Right Zone'),(23114,'Bottom Zone'),(23120,'Rigth Zone'),(23121,'Bottom-Left Zone'),(23122,'Bottom-Right Zone'),(23123,'Bottom Zone'),(23129,'Rigth Zone'),(23130,'Bottom-Left Zone'),(23131,'Bottom-Right Zone'),(23132,'Bottom Zone'),(23138,'Rigth Zone'),(23139,'Bottom-Left Zone'),(23140,'Bottom-Right Zone'),(23141,'Bottom Zone'),(23147,'Rigth Zone'),(23148,'Bottom-Left Zone'),(23149,'Bottom-Right Zone'),(23150,'Bottom Zone'),(23156,'Rigth Zone'),(23157,'Bottom-Left Zone'),(23158,'Bottom-Right Zone'),(23159,'Bottom Zone'),(23165,'Rigth Zone'),(23166,'Bottom-Left Zone'),(23167,'Bottom-Right Zone'),(23168,'Bottom Zone'),(23174,'Rigth Zone'),(23175,'Bottom-Left Zone'),(23176,'Bottom-Right Zone'),(23177,'Bottom Zone'),(23183,'Rigth Zone'),(23184,'Bottom-Left Zone'),(23185,'Bottom-Right Zone'),(23186,'Bottom Zone'),(23192,'Rigth Zone'),(23193,'Bottom-Left Zone'),(23194,'Bottom-Right Zone'),(23195,'Bottom Zone'),(23201,'Rigth Zone'),(23202,'Bottom-Left Zone'),(23203,'Bottom-Right Zone'),(23204,'Bottom Zone'),(23210,'Rigth Zone'),(23211,'Bottom-Left Zone'),(23212,'Bottom-Right Zone'),(23213,'Bottom Zone'),(23219,'Rigth Zone'),(23220,'Bottom-Left Zone'),(23221,'Bottom-Right Zone'),(23222,'Bottom Zone'),(23228,'Rigth Zone'),(23229,'Bottom-Left Zone'),(23230,'Bottom-Right Zone'),(23231,'Bottom Zone'),(23237,'Rigth Zone'),(23238,'Bottom-Left Zone'),(23239,'Bottom-Right Zone'),(23240,'Bottom Zone'),(23246,'Rigth Zone'),(23247,'Bottom-Left Zone'),(23248,'Bottom-Right Zone'),(23249,'Bottom Zone'),(23255,'Rigth Zone'),(23256,'Bottom-Left Zone'),(23257,'Bottom-Right Zone'),(23258,'Bottom Zone'),(23264,'Rigth Zone'),(23265,'Bottom-Left Zone'),(23266,'Bottom-Right Zone'),(23267,'Bottom Zone'),(23273,'Rigth Zone'),(23274,'Bottom-Left Zone'),(23275,'Bottom-Right Zone'),(23276,'Bottom Zone'),(23282,'Rigth Zone'),(23283,'Bottom-Left Zone'),(23284,'Bottom-Right Zone'),(23285,'Bottom Zone'),(23291,'Rigth Zone'),(23292,'Bottom-Left Zone'),(23293,'Bottom-Right Zone'),(23294,'Bottom Zone'),(23300,'Rigth Zone'),(23301,'Bottom-Left Zone'),(23302,'Bottom-Right Zone'),(23303,'Bottom Zone'),(23309,'Rigth Zone'),(23310,'Bottom-Left Zone'),(23311,'Bottom-Right Zone'),(23312,'Bottom Zone'),(23318,'Rigth Zone'),(23319,'Bottom-Left Zone'),(23320,'Bottom-Right Zone'),(23321,'Bottom Zone'),(23327,'Rigth Zone'),(23328,'Bottom-Left Zone'),(23329,'Bottom-Right Zone'),(23330,'Bottom Zone'),(23336,'Rigth Zone'),(23337,'Bottom-Left Zone'),(23338,'Bottom-Right Zone'),(23339,'Bottom Zone'),(23345,'Rigth Zone'),(23346,'Bottom-Left Zone'),(23347,'Bottom-Right Zone'),(23348,'Bottom Zone'),(23354,'Rigth Zone'),(23355,'Bottom-Left Zone'),(23356,'Bottom-Right Zone'),(23357,'Bottom Zone'),(23363,'Rigth Zone'),(23364,'Bottom-Left Zone'),(23365,'Bottom-Right Zone'),(23366,'Bottom Zone'),(23372,'Rigth Zone'),(23373,'Bottom-Left Zone'),(23374,'Bottom-Right Zone'),(23375,'Bottom Zone'),(23381,'Rigth Zone'),(23382,'Bottom-Left Zone'),(23383,'Bottom-Right Zone'),(23384,'Bottom Zone'),(23390,'Rigth Zone'),(23391,'Bottom-Left Zone'),(23392,'Bottom-Right Zone'),(23393,'Bottom Zone'),(23399,'Rigth Zone'),(23400,'Bottom-Left Zone'),(23401,'Bottom-Right Zone'),(23402,'Bottom Zone'),(23408,'Rigth Zone'),(23409,'Bottom-Left Zone'),(23410,'Bottom-Right Zone'),(23411,'Bottom Zone'),(23417,'Rigth Zone'),(23418,'Bottom-Left Zone'),(23419,'Bottom-Right Zone'),(23420,'Bottom Zone'),(23426,'Rigth Zone'),(23427,'Bottom-Left Zone'),(23428,'Bottom-Right Zone'),(23429,'Bottom Zone'),(23435,'Rigth Zone'),(23436,'Bottom-Left Zone'),(23437,'Bottom-Right Zone'),(23438,'Bottom Zone'),(23444,'Rigth Zone'),(23445,'Bottom-Left Zone'),(23446,'Bottom-Right Zone'),(23447,'Bottom Zone'),(23453,'Rigth Zone'),(23454,'Bottom-Left Zone'),(23455,'Bottom-Right Zone'),(23456,'Bottom Zone'),(23462,'Rigth Zone'),(23463,'Bottom-Left Zone'),(23464,'Bottom-Right Zone'),(23465,'Bottom Zone'),(23471,'Rigth Zone'),(23472,'Bottom-Left Zone'),(23473,'Bottom-Right Zone'),(23474,'Bottom Zone'),(23480,'Rigth Zone'),(23481,'Bottom-Left Zone'),(23482,'Bottom-Right Zone'),(23483,'Bottom Zone'),(23489,'Rigth Zone'),(23490,'Bottom-Left Zone'),(23491,'Bottom-Right Zone'),(23492,'Bottom Zone'),(23498,'Rigth Zone'),(23499,'Bottom-Left Zone'),(23500,'Bottom-Right Zone'),(23501,'Bottom Zone'),(23507,'Rigth Zone'),(23508,'Bottom-Left Zone'),(23509,'Bottom-Right Zone'),(23510,'Bottom Zone'),(23516,'Rigth Zone'),(23517,'Bottom-Left Zone'),(23518,'Bottom-Right Zone'),(23519,'Bottom Zone'),(23525,'Rigth Zone'),(23526,'Bottom-Left Zone'),(23527,'Bottom-Right Zone'),(23528,'Bottom Zone'),(23534,'Rigth Zone'),(23535,'Bottom-Left Zone'),(23536,'Bottom-Right Zone'),(23537,'Bottom Zone'),(23543,'Rigth Zone'),(23544,'Bottom-Left Zone'),(23545,'Bottom-Right Zone'),(23546,'Bottom Zone'),(23552,'Rigth Zone'),(23553,'Bottom-Left Zone'),(23554,'Bottom-Right Zone'),(23555,'Bottom Zone'),(23561,'Rigth Zone'),(23562,'Bottom-Left Zone'),(23563,'Bottom-Right Zone'),(23564,'Bottom Zone'),(23570,'Rigth Zone'),(23571,'Bottom-Left Zone'),(23572,'Bottom-Right Zone'),(23573,'Bottom Zone'),(23579,'Rigth Zone'),(23580,'Bottom-Left Zone'),(23581,'Bottom-Right Zone'),(23582,'Bottom Zone'),(23588,'Rigth Zone'),(23589,'Bottom-Left Zone'),(23590,'Bottom-Right Zone'),(23591,'Bottom Zone'),(23597,'Rigth Zone'),(23598,'Bottom-Left Zone'),(23599,'Bottom-Right Zone'),(23600,'Bottom Zone'),(23606,'Rigth Zone'),(23607,'Bottom-Left Zone'),(23608,'Bottom-Right Zone'),(23609,'Bottom Zone'),(23615,'Rigth Zone'),(23616,'Bottom-Left Zone'),(23617,'Bottom-Right Zone'),(23618,'Bottom Zone'),(23624,'Rigth Zone'),(23625,'Bottom-Left Zone'),(23626,'Bottom-Right Zone'),(23627,'Bottom Zone'),(23633,'Rigth Zone'),(23634,'Bottom-Left Zone'),(23635,'Bottom-Right Zone'),(23636,'Bottom Zone'),(23642,'Rigth Zone'),(23643,'Bottom-Left Zone'),(23644,'Bottom-Right Zone'),(23645,'Bottom Zone'),(23651,'Rigth Zone'),(23652,'Bottom-Left Zone'),(23653,'Bottom-Right Zone'),(23654,'Bottom Zone'),(23660,'Rigth Zone'),(23661,'Bottom-Left Zone'),(23662,'Bottom-Right Zone'),(23663,'Bottom Zone'),(23669,'Rigth Zone'),(23670,'Bottom-Left Zone'),(23671,'Bottom-Right Zone'),(23672,'Bottom Zone'),(23678,'Rigth Zone'),(23679,'Bottom-Left Zone'),(23680,'Bottom-Right Zone'),(23681,'Bottom Zone'),(23687,'Rigth Zone'),(23688,'Bottom-Left Zone'),(23689,'Bottom-Right Zone'),(23690,'Bottom Zone'),(23696,'Rigth Zone'),(23697,'Bottom-Left Zone'),(23698,'Bottom-Right Zone'),(23699,'Bottom Zone'),(23705,'Rigth Zone'),(23706,'Bottom-Left Zone'),(23707,'Bottom-Right Zone'),(23708,'Bottom Zone'),(23714,'Rigth Zone'),(23715,'Bottom-Left Zone'),(23716,'Bottom-Right Zone'),(23717,'Bottom Zone'),(23723,'Rigth Zone'),(23724,'Bottom-Left Zone'),(23725,'Bottom-Right Zone'),(23726,'Bottom Zone'),(23732,'Rigth Zone'),(23733,'Bottom-Left Zone'),(23734,'Bottom-Right Zone'),(23735,'Bottom Zone'),(23741,'Rigth Zone'),(23742,'Bottom-Left Zone'),(23743,'Bottom-Right Zone'),(23744,'Bottom Zone'),(23750,'Rigth Zone'),(23751,'Bottom-Left Zone'),(23752,'Bottom-Right Zone'),(23753,'Bottom Zone'),(23759,'Rigth Zone'),(23760,'Bottom-Left Zone'),(23761,'Bottom-Right Zone'),(23762,'Bottom Zone'),(23768,'Rigth Zone'),(23769,'Bottom-Left Zone'),(23770,'Bottom-Right Zone'),(23771,'Bottom Zone'),(23777,'Rigth Zone'),(23778,'Bottom-Left Zone'),(23779,'Bottom-Right Zone'),(23780,'Bottom Zone'),(23786,'Rigth Zone'),(23787,'Bottom-Left Zone'),(23788,'Bottom-Right Zone'),(23789,'Bottom Zone'),(23795,'Rigth Zone'),(23796,'Bottom-Left Zone'),(23797,'Bottom-Right Zone'),(23798,'Bottom Zone'),(23804,'Rigth Zone'),(23805,'Bottom-Left Zone'),(23806,'Bottom-Right Zone'),(23807,'Bottom Zone'),(23813,'Rigth Zone'),(23814,'Bottom-Left Zone'),(23815,'Bottom-Right Zone'),(23816,'Bottom Zone'),(23822,'Rigth Zone'),(23823,'Bottom-Left Zone'),(23824,'Bottom-Right Zone'),(23825,'Bottom Zone'),(23831,'Rigth Zone'),(23832,'Bottom-Left Zone'),(23833,'Bottom-Right Zone'),(23834,'Bottom Zone'),(23840,'Rigth Zone'),(23841,'Bottom-Left Zone'),(23842,'Bottom-Right Zone'),(23843,'Bottom Zone'),(23849,'Rigth Zone'),(23850,'Bottom-Left Zone'),(23851,'Bottom-Right Zone'),(23852,'Bottom Zone'),(23858,'Rigth Zone'),(23859,'Bottom-Left Zone'),(23860,'Bottom-Right Zone'),(23861,'Bottom Zone'),(23867,'Rigth Zone'),(23868,'Bottom-Left Zone'),(23869,'Bottom-Right Zone'),(23870,'Bottom Zone'),(23876,'Rigth Zone'),(23877,'Bottom-Left Zone'),(23878,'Bottom-Right Zone'),(23879,'Bottom Zone'),(23885,'Rigth Zone'),(23886,'Bottom-Left Zone'),(23887,'Bottom-Right Zone'),(23888,'Bottom Zone'),(23894,'Rigth Zone'),(23895,'Bottom-Left Zone'),(23896,'Bottom-Right Zone'),(23897,'Bottom Zone'),(23903,'Rigth Zone'),(23904,'Bottom-Left Zone'),(23905,'Bottom-Right Zone'),(23906,'Bottom Zone'),(23912,'Rigth Zone'),(23913,'Bottom-Left Zone'),(23914,'Bottom-Right Zone'),(23915,'Bottom Zone'),(23921,'Rigth Zone'),(23922,'Bottom-Left Zone'),(23923,'Bottom-Right Zone'),(23924,'Bottom Zone'),(23930,'Rigth Zone'),(23931,'Bottom-Left Zone'),(23932,'Bottom-Right Zone'),(23933,'Bottom Zone'),(23939,'Rigth Zone'),(23940,'Bottom-Left Zone'),(23941,'Bottom-Right Zone'),(23942,'Bottom Zone'),(23948,'Rigth Zone'),(23949,'Bottom-Left Zone'),(23950,'Bottom-Right Zone'),(23951,'Bottom Zone'),(23957,'Rigth Zone'),(23958,'Bottom-Left Zone'),(23959,'Bottom-Right Zone'),(23960,'Bottom Zone'),(23966,'Rigth Zone'),(23967,'Bottom-Left Zone'),(23968,'Bottom-Right Zone'),(23969,'Bottom Zone'),(23975,'Rigth Zone'),(23976,'Bottom-Left Zone'),(23977,'Bottom-Right Zone'),(23978,'Bottom Zone'),(23984,'Rigth Zone'),(23985,'Bottom-Left Zone'),(23986,'Bottom-Right Zone'),(23987,'Bottom Zone'),(23993,'Rigth Zone'),(23994,'Bottom-Left Zone'),(23995,'Bottom-Right Zone'),(23996,'Bottom Zone'),(24002,'Rigth Zone'),(24003,'Bottom-Left Zone'),(24004,'Bottom-Right Zone'),(24005,'Bottom Zone'),(24011,'Rigth Zone'),(24012,'Bottom-Left Zone'),(24013,'Bottom-Right Zone'),(24014,'Bottom Zone'),(24020,'Rigth Zone'),(24021,'Bottom-Left Zone'),(24022,'Bottom-Right Zone'),(24023,'Bottom Zone'),(24029,'Rigth Zone'),(24030,'Bottom-Left Zone'),(24031,'Bottom-Right Zone'),(24032,'Bottom Zone'),(24038,'Rigth Zone'),(24039,'Bottom-Left Zone'),(24040,'Bottom-Right Zone'),(24041,'Bottom Zone'),(24047,'Rigth Zone'),(24048,'Bottom-Left Zone'),(24049,'Bottom-Right Zone'),(24050,'Bottom Zone'),(24056,'Rigth Zone'),(24057,'Bottom-Left Zone'),(24058,'Bottom-Right Zone'),(24059,'Bottom Zone'),(24065,'Rigth Zone'),(24066,'Bottom-Left Zone'),(24067,'Bottom-Right Zone'),(24068,'Bottom Zone'),(24074,'Rigth Zone'),(24075,'Bottom-Left Zone'),(24076,'Bottom-Right Zone'),(24077,'Bottom Zone'),(24083,'Rigth Zone'),(24084,'Bottom-Left Zone'),(24085,'Bottom-Right Zone'),(24086,'Bottom Zone'),(24092,'Rigth Zone'),(24093,'Bottom-Left Zone'),(24094,'Bottom-Right Zone'),(24095,'Bottom Zone'),(24101,'Rigth Zone'),(24102,'Bottom-Left Zone'),(24103,'Bottom-Right Zone'),(24104,'Bottom Zone'),(24110,'Rigth Zone'),(24111,'Bottom-Left Zone'),(24112,'Bottom-Right Zone'),(24113,'Bottom Zone'),(24119,'Rigth Zone'),(24120,'Bottom-Left Zone'),(24121,'Bottom-Right Zone'),(24122,'Bottom Zone'),(24128,'Rigth Zone'),(24129,'Bottom-Left Zone'),(24130,'Bottom-Right Zone'),(24131,'Bottom Zone'),(24137,'Rigth Zone'),(24138,'Bottom-Left Zone'),(24139,'Bottom-Right Zone'),(24140,'Bottom Zone'),(24146,'Rigth Zone'),(24147,'Bottom-Left Zone'),(24148,'Bottom-Right Zone'),(24149,'Bottom Zone'),(24155,'Rigth Zone'),(24156,'Bottom-Left Zone'),(24157,'Bottom-Right Zone'),(24158,'Bottom Zone'),(24164,'Rigth Zone'),(24165,'Bottom-Left Zone'),(24166,'Bottom-Right Zone'),(24167,'Bottom Zone'),(24173,'Rigth Zone'),(24174,'Bottom-Left Zone'),(24175,'Bottom-Right Zone'),(24176,'Bottom Zone'),(24182,'Rigth Zone'),(24183,'Bottom-Left Zone'),(24184,'Bottom-Right Zone'),(24185,'Bottom Zone'),(24191,'Rigth Zone'),(24192,'Bottom-Left Zone'),(24193,'Bottom-Right Zone'),(24194,'Bottom Zone'),(24200,'Rigth Zone'),(24201,'Bottom-Left Zone'),(24202,'Bottom-Right Zone'),(24203,'Bottom Zone'),(24209,'Rigth Zone'),(24210,'Bottom-Left Zone'),(24211,'Bottom-Right Zone'),(24212,'Bottom Zone'),(24218,'Rigth Zone'),(24219,'Bottom-Left Zone'),(24220,'Bottom-Right Zone'),(24221,'Bottom Zone'),(24227,'Rigth Zone'),(24228,'Bottom-Left Zone'),(24229,'Bottom-Right Zone'),(24230,'Bottom Zone'),(24236,'Rigth Zone'),(24237,'Bottom-Left Zone'),(24238,'Bottom-Right Zone'),(24239,'Bottom Zone'),(24245,'Rigth Zone'),(24246,'Bottom-Left Zone'),(24247,'Bottom-Right Zone'),(24248,'Bottom Zone'),(24254,'Rigth Zone'),(24255,'Bottom-Left Zone'),(24256,'Bottom-Right Zone'),(24257,'Bottom Zone'),(24263,'Rigth Zone'),(24264,'Bottom-Left Zone'),(24265,'Bottom-Right Zone'),(24266,'Bottom Zone'),(24272,'Rigth Zone'),(24273,'Bottom-Left Zone'),(24274,'Bottom-Right Zone'),(24275,'Bottom Zone'),(24281,'Rigth Zone'),(24282,'Bottom-Left Zone'),(24283,'Bottom-Right Zone'),(24284,'Bottom Zone'),(24290,'Rigth Zone'),(24291,'Bottom-Left Zone'),(24292,'Bottom-Right Zone'),(24293,'Bottom Zone'),(24299,'Rigth Zone'),(24300,'Bottom-Left Zone'),(24301,'Bottom-Right Zone'),(24302,'Bottom Zone'),(24308,'Rigth Zone'),(24309,'Bottom-Left Zone'),(24310,'Bottom-Right Zone'),(24311,'Bottom Zone'),(24317,'Rigth Zone'),(24318,'Bottom-Left Zone'),(24319,'Bottom-Right Zone'),(24320,'Bottom Zone'),(24326,'Rigth Zone'),(24327,'Bottom-Left Zone'),(24328,'Bottom-Right Zone'),(24329,'Bottom Zone'),(24335,'Rigth Zone'),(24336,'Bottom-Left Zone'),(24337,'Bottom-Right Zone'),(24338,'Bottom Zone'),(24344,'Rigth Zone'),(24345,'Bottom-Left Zone'),(24346,'Bottom-Right Zone'),(24347,'Bottom Zone'),(24353,'Rigth Zone'),(24354,'Bottom-Left Zone'),(24355,'Bottom-Right Zone'),(24356,'Bottom Zone'),(24362,'Rigth Zone'),(24363,'Bottom-Left Zone'),(24364,'Bottom-Right Zone'),(24365,'Bottom Zone'),(24371,'Rigth Zone'),(24372,'Bottom-Left Zone'),(24373,'Bottom-Right Zone'),(24374,'Bottom Zone'),(24380,'Rigth Zone'),(24381,'Bottom-Left Zone'),(24382,'Bottom-Right Zone'),(24383,'Bottom Zone'),(24389,'Rigth Zone'),(24390,'Bottom-Left Zone'),(24391,'Bottom-Right Zone'),(24392,'Bottom Zone'),(24398,'Rigth Zone'),(24399,'Bottom-Left Zone'),(24400,'Bottom-Right Zone'),(24401,'Bottom Zone'),(24407,'Rigth Zone'),(24408,'Bottom-Left Zone'),(24409,'Bottom-Right Zone'),(24410,'Bottom Zone'),(24416,'Rigth Zone'),(24417,'Bottom-Left Zone'),(24418,'Bottom-Right Zone'),(24419,'Bottom Zone'),(24425,'Rigth Zone'),(24426,'Bottom-Left Zone'),(24427,'Bottom-Right Zone'),(24428,'Bottom Zone'),(24434,'Rigth Zone'),(24435,'Bottom-Left Zone'),(24436,'Bottom-Right Zone'),(24437,'Bottom Zone'),(24443,'Rigth Zone'),(24444,'Bottom-Left Zone'),(24445,'Bottom-Right Zone'),(24446,'Bottom Zone'),(24452,'Rigth Zone'),(24453,'Bottom-Left Zone'),(24454,'Bottom-Right Zone'),(24455,'Bottom Zone'),(24461,'Rigth Zone'),(24462,'Bottom-Left Zone'),(24463,'Bottom-Right Zone'),(24464,'Bottom Zone'),(24470,'Rigth Zone'),(24471,'Bottom-Left Zone'),(24472,'Bottom-Right Zone'),(24473,'Bottom Zone'),(24479,'Rigth Zone'),(24480,'Bottom-Left Zone'),(24481,'Bottom-Right Zone'),(24482,'Bottom Zone'),(24488,'Rigth Zone'),(24489,'Bottom-Left Zone'),(24490,'Bottom-Right Zone'),(24491,'Bottom Zone'),(24497,'Rigth Zone'),(24498,'Bottom-Left Zone'),(24499,'Bottom-Right Zone'),(24500,'Bottom Zone'),(24506,'Rigth Zone'),(24507,'Bottom-Left Zone'),(24508,'Bottom-Right Zone'),(24509,'Bottom Zone'),(24515,'Rigth Zone'),(24516,'Bottom-Left Zone'),(24517,'Bottom-Right Zone'),(24518,'Bottom Zone'),(24524,'Rigth Zone'),(24525,'Bottom-Left Zone'),(24526,'Bottom-Right Zone'),(24527,'Bottom Zone'),(24533,'Rigth Zone'),(24534,'Bottom-Left Zone'),(24535,'Bottom-Right Zone'),(24536,'Bottom Zone'),(24542,'Rigth Zone'),(24543,'Bottom-Left Zone'),(24544,'Bottom-Right Zone'),(24545,'Bottom Zone'),(24551,'Rigth Zone'),(24552,'Bottom-Left Zone'),(24553,'Bottom-Right Zone'),(24554,'Bottom Zone'),(24560,'Rigth Zone'),(24561,'Bottom-Left Zone'),(24562,'Bottom-Right Zone'),(24563,'Bottom Zone'),(24569,'Rigth Zone'),(24570,'Bottom-Left Zone'),(24571,'Bottom-Right Zone'),(24572,'Bottom Zone'),(24578,'Rigth Zone'),(24579,'Bottom-Left Zone'),(24580,'Bottom-Right Zone'),(24581,'Bottom Zone'),(24587,'Rigth Zone'),(24588,'Bottom-Left Zone'),(24589,'Bottom-Right Zone'),(24590,'Bottom Zone'),(24596,'Rigth Zone'),(24597,'Bottom-Left Zone'),(24598,'Bottom-Right Zone'),(24599,'Bottom Zone'),(24605,'Rigth Zone'),(24606,'Bottom-Left Zone'),(24607,'Bottom-Right Zone'),(24608,'Bottom Zone'),(24614,'Rigth Zone'),(24615,'Bottom-Left Zone'),(24616,'Bottom-Right Zone'),(24617,'Bottom Zone'),(24623,'Rigth Zone'),(24624,'Bottom-Left Zone'),(24625,'Bottom-Right Zone'),(24626,'Bottom Zone'),(24632,'Rigth Zone'),(24633,'Bottom-Left Zone'),(24634,'Bottom-Right Zone'),(24635,'Bottom Zone'),(24641,'Rigth Zone'),(24642,'Bottom-Left Zone'),(24643,'Bottom-Right Zone'),(24644,'Bottom Zone'),(24650,'Rigth Zone'),(24651,'Bottom-Left Zone'),(24652,'Bottom-Right Zone'),(24653,'Bottom Zone'),(24659,'Rigth Zone'),(24660,'Bottom-Left Zone'),(24661,'Bottom-Right Zone'),(24662,'Bottom Zone'),(24668,'Rigth Zone'),(24669,'Bottom-Left Zone'),(24670,'Bottom-Right Zone'),(24671,'Bottom Zone'),(24677,'Rigth Zone'),(24678,'Bottom-Left Zone'),(24679,'Bottom-Right Zone'),(24680,'Bottom Zone'),(24686,'Rigth Zone'),(24687,'Bottom-Left Zone'),(24688,'Bottom-Right Zone'),(24689,'Bottom Zone'),(24695,'Rigth Zone'),(24696,'Bottom-Left Zone'),(24697,'Bottom-Right Zone'),(24698,'Bottom Zone'),(24704,'Rigth Zone'),(24705,'Bottom-Left Zone'),(24706,'Bottom-Right Zone'),(24707,'Bottom Zone'),(24713,'Rigth Zone'),(24714,'Bottom-Left Zone'),(24715,'Bottom-Right Zone'),(24716,'Bottom Zone'),(24722,'Rigth Zone'),(24723,'Bottom-Left Zone'),(24724,'Bottom-Right Zone'),(24725,'Bottom Zone'),(24731,'Rigth Zone'),(24732,'Bottom-Left Zone'),(24733,'Bottom-Right Zone'),(24734,'Bottom Zone'),(24740,'Rigth Zone'),(24741,'Bottom-Left Zone'),(24742,'Bottom-Right Zone'),(24743,'Bottom Zone'),(24749,'Rigth Zone'),(24750,'Bottom-Left Zone'),(24751,'Bottom-Right Zone'),(24752,'Bottom Zone'),(24758,'Rigth Zone'),(24759,'Bottom-Left Zone'),(24760,'Bottom-Right Zone'),(24761,'Bottom Zone'),(24767,'Rigth Zone'),(24768,'Bottom-Left Zone'),(24769,'Bottom-Right Zone'),(24770,'Bottom Zone'),(24776,'Rigth Zone'),(24777,'Bottom-Left Zone'),(24778,'Bottom-Right Zone'),(24779,'Bottom Zone'),(24785,'Rigth Zone'),(24786,'Bottom-Left Zone'),(24787,'Bottom-Right Zone'),(24788,'Bottom Zone'),(24794,'Rigth Zone'),(24795,'Bottom-Left Zone'),(24796,'Bottom-Right Zone'),(24797,'Bottom Zone'),(24803,'Rigth Zone'),(24804,'Bottom-Left Zone'),(24805,'Bottom-Right Zone'),(24806,'Bottom Zone'),(24812,'Rigth Zone'),(24813,'Bottom-Left Zone'),(24814,'Bottom-Right Zone'),(24815,'Bottom Zone'),(24821,'Rigth Zone'),(24822,'Bottom-Left Zone'),(24823,'Bottom-Right Zone'),(24824,'Bottom Zone'),(24830,'Rigth Zone'),(24831,'Bottom-Left Zone'),(24832,'Bottom-Right Zone'),(24833,'Bottom Zone'),(24839,'Rigth Zone'),(24840,'Bottom-Left Zone'),(24841,'Bottom-Right Zone'),(24842,'Bottom Zone'),(24848,'Rigth Zone'),(24849,'Bottom-Left Zone'),(24850,'Bottom-Right Zone'),(24851,'Bottom Zone'),(24857,'Rigth Zone'),(24858,'Bottom-Left Zone'),(24859,'Bottom-Right Zone'),(24860,'Bottom Zone'),(24866,'Rigth Zone'),(24867,'Bottom-Left Zone'),(24868,'Bottom-Right Zone'),(24869,'Bottom Zone'),(24875,'Rigth Zone'),(24876,'Bottom-Left Zone'),(24877,'Bottom-Right Zone'),(24878,'Bottom Zone'),(24884,'Rigth Zone'),(24885,'Bottom-Left Zone'),(24886,'Bottom-Right Zone'),(24887,'Bottom Zone'),(24893,'Rigth Zone'),(24894,'Bottom-Left Zone'),(24895,'Bottom-Right Zone'),(24896,'Bottom Zone'),(24902,'Rigth Zone'),(24903,'Bottom-Left Zone'),(24904,'Bottom-Right Zone'),(24905,'Bottom Zone'),(24911,'Rigth Zone'),(24912,'Bottom-Left Zone'),(24913,'Bottom-Right Zone'),(24914,'Bottom Zone'),(24920,'Rigth Zone'),(24921,'Bottom-Left Zone'),(24922,'Bottom-Right Zone'),(24923,'Bottom Zone'),(24929,'Rigth Zone'),(24930,'Bottom-Left Zone'),(24931,'Bottom-Right Zone'),(24932,'Bottom Zone'),(24938,'Rigth Zone'),(24939,'Bottom-Left Zone'),(24940,'Bottom-Right Zone'),(24941,'Bottom Zone'),(24947,'Rigth Zone'),(24948,'Bottom-Left Zone'),(24949,'Bottom-Right Zone'),(24950,'Bottom Zone'),(24956,'Rigth Zone'),(24957,'Bottom-Left Zone'),(24958,'Bottom-Right Zone'),(24959,'Bottom Zone'),(24965,'Rigth Zone'),(24966,'Bottom-Left Zone'),(24967,'Bottom-Right Zone'),(24968,'Bottom Zone'),(24974,'Rigth Zone'),(24975,'Bottom-Left Zone'),(24976,'Bottom-Right Zone'),(24977,'Bottom Zone'),(24983,'Rigth Zone'),(24984,'Bottom-Left Zone'),(24985,'Bottom-Right Zone'),(24986,'Bottom Zone'),(24992,'Rigth Zone'),(24993,'Bottom-Left Zone'),(24994,'Bottom-Right Zone'),(24995,'Bottom Zone'),(25001,'Rigth Zone'),(25002,'Bottom-Left Zone'),(25003,'Bottom-Right Zone'),(25004,'Bottom Zone'),(25010,'Rigth Zone'),(25011,'Bottom-Left Zone'),(25012,'Bottom-Right Zone'),(25013,'Bottom Zone'),(25019,'Rigth Zone'),(25020,'Bottom-Left Zone'),(25021,'Bottom-Right Zone'),(25022,'Bottom Zone'),(25028,'Rigth Zone'),(25029,'Bottom-Left Zone'),(25030,'Bottom-Right Zone'),(25031,'Bottom Zone'),(25037,'Rigth Zone'),(25038,'Bottom-Left Zone'),(25039,'Bottom-Right Zone'),(25040,'Bottom Zone'),(25046,'Rigth Zone'),(25047,'Bottom-Left Zone'),(25048,'Bottom-Right Zone'),(25049,'Bottom Zone'),(25055,'Rigth Zone'),(25056,'Bottom-Left Zone'),(25057,'Bottom-Right Zone'),(25058,'Bottom Zone'),(25064,'Rigth Zone'),(25065,'Bottom-Left Zone'),(25066,'Bottom-Right Zone'),(25067,'Bottom Zone'),(25073,'Rigth Zone'),(25074,'Bottom-Left Zone'),(25075,'Bottom-Right Zone'),(25076,'Bottom Zone'),(25082,'Rigth Zone'),(25083,'Bottom-Left Zone'),(25084,'Bottom-Right Zone'),(25085,'Bottom Zone'),(25091,'Rigth Zone'),(25092,'Bottom-Left Zone'),(25093,'Bottom-Right Zone'),(25094,'Bottom Zone'),(25100,'Rigth Zone'),(25101,'Bottom-Left Zone'),(25102,'Bottom-Right Zone'),(25103,'Bottom Zone'),(25109,'Rigth Zone'),(25110,'Bottom-Left Zone'),(25111,'Bottom-Right Zone'),(25112,'Bottom Zone'),(25118,'Rigth Zone'),(25119,'Bottom-Left Zone'),(25120,'Bottom-Right Zone'),(25121,'Bottom Zone'),(25127,'Rigth Zone'),(25128,'Bottom-Left Zone'),(25129,'Bottom-Right Zone'),(25130,'Bottom Zone'),(25136,'Rigth Zone'),(25137,'Bottom-Left Zone'),(25138,'Bottom-Right Zone'),(25139,'Bottom Zone'),(25145,'Rigth Zone'),(25146,'Bottom-Left Zone'),(25147,'Bottom-Right Zone'),(25148,'Bottom Zone'),(25154,'Rigth Zone'),(25155,'Bottom-Left Zone'),(25156,'Bottom-Right Zone'),(25157,'Bottom Zone'),(25163,'Rigth Zone'),(25164,'Bottom-Left Zone'),(25165,'Bottom-Right Zone'),(25166,'Bottom Zone'),(25172,'Rigth Zone'),(25173,'Bottom-Left Zone'),(25174,'Bottom-Right Zone'),(25175,'Bottom Zone'),(25181,'Rigth Zone'),(25182,'Bottom-Left Zone'),(25183,'Bottom-Right Zone'),(25184,'Bottom Zone'),(25190,'Rigth Zone'),(25191,'Bottom-Left Zone'),(25192,'Bottom-Right Zone'),(25193,'Bottom Zone'),(25199,'Rigth Zone'),(25200,'Bottom-Left Zone'),(25201,'Bottom-Right Zone'),(25202,'Bottom Zone'),(25208,'Rigth Zone'),(25209,'Bottom-Left Zone'),(25210,'Bottom-Right Zone'),(25211,'Bottom Zone'),(25217,'Rigth Zone'),(25218,'Bottom-Left Zone'),(25219,'Bottom-Right Zone'),(25220,'Bottom Zone'),(25226,'Rigth Zone'),(25227,'Bottom-Left Zone'),(25228,'Bottom-Right Zone'),(25229,'Bottom Zone'),(25235,'Rigth Zone'),(25236,'Bottom-Left Zone'),(25237,'Bottom-Right Zone'),(25238,'Bottom Zone'),(25244,'Rigth Zone'),(25245,'Bottom-Left Zone'),(25246,'Bottom-Right Zone'),(25247,'Bottom Zone'),(25253,'Rigth Zone'),(25254,'Bottom-Left Zone'),(25255,'Bottom-Right Zone'),(25256,'Bottom Zone'),(25262,'Rigth Zone'),(25263,'Bottom-Left Zone'),(25264,'Bottom-Right Zone'),(25265,'Bottom Zone'),(25271,'Rigth Zone'),(25272,'Bottom-Left Zone'),(25273,'Bottom-Right Zone'),(25274,'Bottom Zone'),(25280,'Rigth Zone'),(25281,'Bottom-Left Zone'),(25282,'Bottom-Right Zone'),(25283,'Bottom Zone'),(25289,'Rigth Zone'),(25290,'Bottom-Left Zone'),(25291,'Bottom-Right Zone'),(25292,'Bottom Zone'),(25298,'Rigth Zone'),(25299,'Bottom-Left Zone'),(25300,'Bottom-Right Zone'),(25301,'Bottom Zone'),(25307,'Rigth Zone'),(25308,'Bottom-Left Zone'),(25309,'Bottom-Right Zone'),(25310,'Bottom Zone'),(25316,'Rigth Zone'),(25317,'Bottom-Left Zone'),(25318,'Bottom-Right Zone'),(25319,'Bottom Zone'),(25325,'Rigth Zone'),(25326,'Bottom-Left Zone'),(25327,'Bottom-Right Zone'),(25328,'Bottom Zone'),(25334,'Rigth Zone'),(25335,'Bottom-Left Zone'),(25336,'Bottom-Right Zone'),(25337,'Bottom Zone'),(25343,'Rigth Zone'),(25344,'Bottom-Left Zone'),(25345,'Bottom-Right Zone'),(25346,'Bottom Zone'),(25352,'Rigth Zone'),(25353,'Bottom-Left Zone'),(25354,'Bottom-Right Zone'),(25355,'Bottom Zone'),(25361,'Rigth Zone'),(25362,'Bottom-Left Zone'),(25363,'Bottom-Right Zone'),(25364,'Bottom Zone'),(25370,'Rigth Zone'),(25371,'Bottom-Left Zone'),(25372,'Bottom-Right Zone'),(25373,'Bottom Zone'),(25379,'Rigth Zone'),(25380,'Bottom-Left Zone'),(25381,'Bottom-Right Zone'),(25382,'Bottom Zone'),(25388,'Rigth Zone'),(25389,'Bottom-Left Zone'),(25390,'Bottom-Right Zone'),(25391,'Bottom Zone'),(25397,'Rigth Zone'),(25398,'Bottom-Left Zone'),(25399,'Bottom-Right Zone'),(25400,'Bottom Zone'),(25406,'Rigth Zone'),(25407,'Bottom-Left Zone'),(25408,'Bottom-Right Zone'),(25409,'Bottom Zone'),(25415,'Rigth Zone'),(25416,'Bottom-Left Zone'),(25417,'Bottom-Right Zone'),(25418,'Bottom Zone'),(25424,'Rigth Zone'),(25425,'Bottom-Left Zone'),(25426,'Bottom-Right Zone'),(25427,'Bottom Zone'),(25433,'Rigth Zone'),(25434,'Bottom-Left Zone'),(25435,'Bottom-Right Zone'),(25436,'Bottom Zone'),(25442,'Rigth Zone'),(25443,'Bottom-Left Zone'),(25444,'Bottom-Right Zone'),(25445,'Bottom Zone'),(25451,'Rigth Zone'),(25452,'Bottom-Left Zone'),(25453,'Bottom-Right Zone'),(25454,'Bottom Zone'),(25460,'Rigth Zone'),(25461,'Bottom-Left Zone'),(25462,'Bottom-Right Zone'),(25463,'Bottom Zone'),(25469,'Rigth Zone'),(25470,'Bottom-Left Zone'),(25471,'Bottom-Right Zone'),(25472,'Bottom Zone'),(25478,'Rigth Zone'),(25479,'Bottom-Left Zone'),(25480,'Bottom-Right Zone'),(25481,'Bottom Zone'),(25487,'Rigth Zone'),(25488,'Bottom-Left Zone'),(25489,'Bottom-Right Zone'),(25490,'Bottom Zone'),(25496,'Rigth Zone'),(25497,'Bottom-Left Zone'),(25498,'Bottom-Right Zone'),(25499,'Bottom Zone'),(25505,'Rigth Zone'),(25506,'Bottom-Left Zone'),(25507,'Bottom-Right Zone'),(25508,'Bottom Zone'),(25514,'Rigth Zone'),(25515,'Bottom-Left Zone'),(25516,'Bottom-Right Zone'),(25517,'Bottom Zone'),(25523,'Rigth Zone'),(25524,'Bottom-Left Zone'),(25525,'Bottom-Right Zone'),(25526,'Bottom Zone'),(25532,'Rigth Zone'),(25533,'Bottom-Left Zone'),(25534,'Bottom-Right Zone'),(25535,'Bottom Zone'),(25541,'Rigth Zone'),(25542,'Bottom-Left Zone'),(25543,'Bottom-Right Zone'),(25544,'Bottom Zone'),(25550,'Rigth Zone'),(25551,'Bottom-Left Zone'),(25552,'Bottom-Right Zone'),(25553,'Bottom Zone'),(25559,'Rigth Zone'),(25560,'Bottom-Left Zone'),(25561,'Bottom-Right Zone'),(25562,'Bottom Zone'),(25568,'Rigth Zone'),(25569,'Bottom-Left Zone'),(25570,'Bottom-Right Zone'),(25571,'Bottom Zone'),(25577,'Rigth Zone'),(25578,'Bottom-Left Zone'),(25579,'Bottom-Right Zone'),(25580,'Bottom Zone'),(25586,'Rigth Zone'),(25587,'Bottom-Left Zone'),(25588,'Bottom-Right Zone'),(25589,'Bottom Zone'),(25595,'Rigth Zone'),(25596,'Bottom-Left Zone'),(25597,'Bottom-Right Zone'),(25598,'Bottom Zone'),(25604,'Rigth Zone'),(25605,'Bottom-Left Zone'),(25606,'Bottom-Right Zone'),(25607,'Bottom Zone'),(25613,'Rigth Zone'),(25614,'Bottom-Left Zone'),(25615,'Bottom-Right Zone'),(25616,'Bottom Zone'),(25622,'Rigth Zone'),(25623,'Bottom-Left Zone'),(25624,'Bottom-Right Zone'),(25625,'Bottom Zone'),(25631,'Rigth Zone'),(25632,'Bottom-Left Zone'),(25633,'Bottom-Right Zone'),(25634,'Bottom Zone'),(25640,'Rigth Zone'),(25641,'Bottom-Left Zone'),(25642,'Bottom-Right Zone'),(25643,'Bottom Zone'),(25649,'Rigth Zone'),(25650,'Bottom-Left Zone'),(25651,'Bottom-Right Zone'),(25652,'Bottom Zone'),(25658,'Rigth Zone'),(25659,'Bottom-Left Zone'),(25660,'Bottom-Right Zone'),(25661,'Bottom Zone'),(25667,'Rigth Zone'),(25668,'Bottom-Left Zone'),(25669,'Bottom-Right Zone'),(25670,'Bottom Zone'),(25676,'Rigth Zone'),(25677,'Bottom-Left Zone'),(25678,'Bottom-Right Zone'),(25679,'Bottom Zone'),(25685,'Rigth Zone'),(25686,'Bottom-Left Zone'),(25687,'Bottom-Right Zone'),(25688,'Bottom Zone'),(25694,'Rigth Zone'),(25695,'Bottom-Left Zone'),(25696,'Bottom-Right Zone'),(25697,'Bottom Zone'),(25703,'Rigth Zone'),(25704,'Bottom-Left Zone'),(25705,'Bottom-Right Zone'),(25706,'Bottom Zone'),(25712,'Rigth Zone'),(25713,'Bottom-Left Zone'),(25714,'Bottom-Right Zone'),(25715,'Bottom Zone'),(25721,'Rigth Zone'),(25722,'Bottom-Left Zone'),(25723,'Bottom-Right Zone'),(25724,'Bottom Zone'),(25730,'Rigth Zone'),(25731,'Bottom-Left Zone'),(25732,'Bottom-Right Zone'),(25733,'Bottom Zone'),(25739,'Rigth Zone'),(25740,'Bottom-Left Zone'),(25741,'Bottom-Right Zone'),(25742,'Bottom Zone'),(25748,'Rigth Zone'),(25749,'Bottom-Left Zone'),(25750,'Bottom-Right Zone'),(25751,'Bottom Zone'),(25757,'Rigth Zone'),(25758,'Bottom-Left Zone'),(25759,'Bottom-Right Zone'),(25760,'Bottom Zone'),(25766,'Rigth Zone'),(25767,'Bottom-Left Zone'),(25768,'Bottom-Right Zone'),(25769,'Bottom Zone'),(25775,'Rigth Zone'),(25776,'Bottom-Left Zone'),(25777,'Bottom-Right Zone'),(25778,'Bottom Zone'),(25784,'Rigth Zone'),(25785,'Bottom-Left Zone'),(25786,'Bottom-Right Zone'),(25787,'Bottom Zone'),(25793,'Rigth Zone'),(25794,'Bottom-Left Zone'),(25795,'Bottom-Right Zone'),(25796,'Bottom Zone'),(25802,'Rigth Zone'),(25803,'Bottom-Left Zone'),(25804,'Bottom-Right Zone'),(25805,'Bottom Zone'),(25811,'Rigth Zone'),(25812,'Bottom-Left Zone'),(25813,'Bottom-Right Zone'),(25814,'Bottom Zone'),(25820,'Rigth Zone'),(25821,'Bottom-Left Zone'),(25822,'Bottom-Right Zone'),(25823,'Bottom Zone'),(25829,'Rigth Zone'),(25830,'Bottom-Left Zone'),(25831,'Bottom-Right Zone'),(25832,'Bottom Zone'),(25838,'Rigth Zone'),(25839,'Bottom-Left Zone'),(25840,'Bottom-Right Zone'),(25841,'Bottom Zone'),(25847,'Rigth Zone'),(25848,'Bottom-Left Zone'),(25849,'Bottom-Right Zone'),(25850,'Bottom Zone'),(25856,'Rigth Zone'),(25857,'Bottom-Left Zone'),(25858,'Bottom-Right Zone'),(25859,'Bottom Zone'),(25865,'Rigth Zone'),(25866,'Bottom-Left Zone'),(25867,'Bottom-Right Zone'),(25868,'Bottom Zone'),(25874,'Rigth Zone'),(25875,'Bottom-Left Zone'),(25876,'Bottom-Right Zone'),(25877,'Bottom Zone'),(25883,'Rigth Zone'),(25884,'Bottom-Left Zone'),(25885,'Bottom-Right Zone'),(25886,'Bottom Zone'),(25892,'Rigth Zone'),(25893,'Bottom-Left Zone'),(25894,'Bottom-Right Zone'),(25895,'Bottom Zone'),(25901,'Rigth Zone'),(25902,'Bottom-Left Zone'),(25903,'Bottom-Right Zone'),(25904,'Bottom Zone'),(25910,'Rigth Zone'),(25911,'Bottom-Left Zone'),(25912,'Bottom-Right Zone'),(25913,'Bottom Zone'),(25919,'Rigth Zone'),(25920,'Bottom-Left Zone'),(25921,'Bottom-Right Zone'),(25922,'Bottom Zone'),(25928,'Rigth Zone'),(25929,'Bottom-Left Zone'),(25930,'Bottom-Right Zone'),(25931,'Bottom Zone'),(25937,'Rigth Zone'),(25938,'Bottom-Left Zone'),(25939,'Bottom-Right Zone'),(25940,'Bottom Zone'),(25946,'Rigth Zone'),(25947,'Bottom-Left Zone'),(25948,'Bottom-Right Zone'),(25949,'Bottom Zone'),(25955,'Rigth Zone'),(25956,'Bottom-Left Zone'),(25957,'Bottom-Right Zone'),(25958,'Bottom Zone'),(25964,'Rigth Zone'),(25965,'Bottom-Left Zone'),(25966,'Bottom-Right Zone'),(25967,'Bottom Zone'),(25973,'Rigth Zone'),(25974,'Bottom-Left Zone'),(25975,'Bottom-Right Zone'),(25976,'Bottom Zone'),(25982,'Rigth Zone'),(25983,'Bottom-Left Zone'),(25984,'Bottom-Right Zone'),(25985,'Bottom Zone'),(25991,'Rigth Zone'),(25992,'Bottom-Left Zone'),(25993,'Bottom-Right Zone'),(25994,'Bottom Zone'),(26000,'Rigth Zone'),(26001,'Bottom-Left Zone'),(26002,'Bottom-Right Zone'),(26003,'Bottom Zone'),(26009,'Rigth Zone'),(26010,'Bottom-Left Zone'),(26011,'Bottom-Right Zone'),(26012,'Bottom Zone'),(26018,'Rigth Zone'),(26019,'Bottom-Left Zone'),(26020,'Bottom-Right Zone'),(26021,'Bottom Zone'),(26027,'Rigth Zone'),(26028,'Bottom-Left Zone'),(26029,'Bottom-Right Zone'),(26030,'Bottom Zone'),(26036,'Rigth Zone'),(26037,'Bottom-Left Zone'),(26038,'Bottom-Right Zone'),(26039,'Bottom Zone'),(26045,'Rigth Zone'),(26046,'Bottom-Left Zone'),(26047,'Bottom-Right Zone'),(26048,'Bottom Zone'),(26054,'Rigth Zone'),(26055,'Bottom-Left Zone'),(26056,'Bottom-Right Zone'),(26057,'Bottom Zone'),(26063,'Rigth Zone'),(26064,'Bottom-Left Zone'),(26065,'Bottom-Right Zone'),(26066,'Bottom Zone'),(26072,'Rigth Zone'),(26073,'Bottom-Left Zone'),(26074,'Bottom-Right Zone'),(26075,'Bottom Zone'),(26081,'Rigth Zone'),(26082,'Bottom-Left Zone'),(26083,'Bottom-Right Zone'),(26084,'Bottom Zone'),(26090,'Rigth Zone'),(26091,'Bottom-Left Zone'),(26092,'Bottom-Right Zone'),(26093,'Bottom Zone'),(26099,'Rigth Zone'),(26100,'Bottom-Left Zone'),(26101,'Bottom-Right Zone'),(26102,'Bottom Zone'),(26108,'Rigth Zone'),(26109,'Bottom-Left Zone'),(26110,'Bottom-Right Zone'),(26111,'Bottom Zone'),(26117,'Rigth Zone'),(26118,'Bottom-Left Zone'),(26119,'Bottom-Right Zone'),(26120,'Bottom Zone'),(26126,'Rigth Zone'),(26127,'Bottom-Left Zone'),(26128,'Bottom-Right Zone'),(26129,'Bottom Zone'),(26135,'Rigth Zone'),(26136,'Bottom-Left Zone'),(26137,'Bottom-Right Zone'),(26138,'Bottom Zone'),(26144,'Rigth Zone'),(26145,'Bottom-Left Zone'),(26146,'Bottom-Right Zone'),(26147,'Bottom Zone'),(26153,'Rigth Zone'),(26154,'Bottom-Left Zone'),(26155,'Bottom-Right Zone'),(26156,'Bottom Zone'),(26162,'Rigth Zone'),(26163,'Bottom-Left Zone'),(26164,'Bottom-Right Zone'),(26165,'Bottom Zone'),(26171,'Rigth Zone'),(26172,'Bottom-Left Zone'),(26173,'Bottom-Right Zone'),(26174,'Bottom Zone'),(26180,'Rigth Zone'),(26181,'Bottom-Left Zone'),(26182,'Bottom-Right Zone'),(26183,'Bottom Zone'),(26189,'Rigth Zone'),(26190,'Bottom-Left Zone'),(26191,'Bottom-Right Zone'),(26192,'Bottom Zone'),(26198,'Rigth Zone'),(26199,'Bottom-Left Zone'),(26200,'Bottom-Right Zone'),(26201,'Bottom Zone'),(26207,'Rigth Zone'),(26208,'Bottom-Left Zone'),(26209,'Bottom-Right Zone'),(26210,'Bottom Zone'),(26216,'Rigth Zone'),(26217,'Bottom-Left Zone'),(26218,'Bottom-Right Zone'),(26219,'Bottom Zone'),(26225,'Rigth Zone'),(26226,'Bottom-Left Zone'),(26227,'Bottom-Right Zone'),(26228,'Bottom Zone'),(26234,'Rigth Zone'),(26235,'Bottom-Left Zone'),(26236,'Bottom-Right Zone'),(26237,'Bottom Zone'),(26243,'Rigth Zone'),(26244,'Bottom-Left Zone'),(26245,'Bottom-Right Zone'),(26246,'Bottom Zone'),(26252,'Rigth Zone'),(26253,'Bottom-Left Zone'),(26254,'Bottom-Right Zone'),(26255,'Bottom Zone'),(26261,'Rigth Zone'),(26262,'Bottom-Left Zone'),(26263,'Bottom-Right Zone'),(26264,'Bottom Zone'),(26270,'Rigth Zone'),(26271,'Bottom-Left Zone'),(26272,'Bottom-Right Zone'),(26273,'Bottom Zone'),(26279,'Rigth Zone'),(26280,'Bottom-Left Zone'),(26281,'Bottom-Right Zone'),(26282,'Bottom Zone'),(26288,'Rigth Zone'),(26289,'Bottom-Left Zone'),(26290,'Bottom-Right Zone'),(26291,'Bottom Zone'),(26297,'Rigth Zone'),(26298,'Bottom-Left Zone'),(26299,'Bottom-Right Zone'),(26300,'Bottom Zone'),(26306,'Rigth Zone'),(26307,'Bottom-Left Zone'),(26308,'Bottom-Right Zone'),(26309,'Bottom Zone'),(26315,'Rigth Zone'),(26316,'Bottom-Left Zone'),(26317,'Bottom-Right Zone'),(26318,'Bottom Zone'),(26324,'Rigth Zone'),(26325,'Bottom-Left Zone'),(26326,'Bottom-Right Zone'),(26327,'Bottom Zone'),(26333,'Rigth Zone'),(26334,'Bottom-Left Zone'),(26335,'Bottom-Right Zone'),(26336,'Bottom Zone'),(26342,'Rigth Zone'),(26343,'Bottom-Left Zone'),(26344,'Bottom-Right Zone'),(26345,'Bottom Zone'),(26351,'Rigth Zone'),(26352,'Bottom-Left Zone'),(26353,'Bottom-Right Zone'),(26354,'Bottom Zone'),(26360,'Rigth Zone'),(26361,'Bottom-Left Zone'),(26362,'Bottom-Right Zone'),(26363,'Bottom Zone'),(26369,'Rigth Zone'),(26370,'Bottom-Left Zone'),(26371,'Bottom-Right Zone'),(26372,'Bottom Zone'),(26378,'Rigth Zone'),(26379,'Bottom-Left Zone'),(26380,'Bottom-Right Zone'),(26381,'Bottom Zone'),(26387,'Rigth Zone'),(26388,'Bottom-Left Zone'),(26389,'Bottom-Right Zone'),(26390,'Bottom Zone'),(26396,'Rigth Zone'),(26397,'Bottom-Left Zone'),(26398,'Bottom-Right Zone'),(26399,'Bottom Zone'),(26405,'Rigth Zone'),(26406,'Bottom-Left Zone'),(26407,'Bottom-Right Zone'),(26408,'Bottom Zone'),(26414,'Rigth Zone'),(26415,'Bottom-Left Zone'),(26416,'Bottom-Right Zone'),(26417,'Bottom Zone'),(26423,'Rigth Zone'),(26424,'Bottom-Left Zone'),(26425,'Bottom-Right Zone'),(26426,'Bottom Zone'),(26432,'Rigth Zone'),(26433,'Bottom-Left Zone'),(26434,'Bottom-Right Zone'),(26435,'Bottom Zone'),(26441,'Rigth Zone'),(26442,'Bottom-Left Zone'),(26443,'Bottom-Right Zone'),(26444,'Bottom Zone'),(26450,'Rigth Zone'),(26451,'Bottom-Left Zone'),(26452,'Bottom-Right Zone'),(26453,'Bottom Zone'),(26459,'Rigth Zone'),(26460,'Bottom-Left Zone'),(26461,'Bottom-Right Zone'),(26462,'Bottom Zone'),(26468,'Rigth Zone'),(26469,'Bottom-Left Zone'),(26470,'Bottom-Right Zone'),(26471,'Bottom Zone'),(26477,'Rigth Zone'),(26478,'Bottom-Left Zone'),(26479,'Bottom-Right Zone'),(26480,'Bottom Zone'),(26486,'Rigth Zone'),(26487,'Bottom-Left Zone'),(26488,'Bottom-Right Zone'),(26489,'Bottom Zone'),(26495,'Rigth Zone'),(26496,'Bottom-Left Zone'),(26497,'Bottom-Right Zone'),(26498,'Bottom Zone'),(26504,'Rigth Zone'),(26505,'Bottom-Left Zone'),(26506,'Bottom-Right Zone'),(26507,'Bottom Zone'),(26513,'Rigth Zone'),(26514,'Bottom-Left Zone'),(26515,'Bottom-Right Zone'),(26516,'Bottom Zone'),(26522,'Rigth Zone'),(26523,'Bottom-Left Zone'),(26524,'Bottom-Right Zone'),(26525,'Bottom Zone'),(26531,'Rigth Zone'),(26532,'Bottom-Left Zone'),(26533,'Bottom-Right Zone'),(26534,'Bottom Zone'),(26540,'Rigth Zone'),(26541,'Bottom-Left Zone'),(26542,'Bottom-Right Zone'),(26543,'Bottom Zone'),(26549,'Rigth Zone'),(26550,'Bottom-Left Zone'),(26551,'Bottom-Right Zone'),(26552,'Bottom Zone'),(26558,'Rigth Zone'),(26559,'Bottom-Left Zone'),(26560,'Bottom-Right Zone'),(26561,'Bottom Zone'),(26567,'Rigth Zone'),(26568,'Bottom-Left Zone'),(26569,'Bottom-Right Zone'),(26570,'Bottom Zone'),(26576,'Rigth Zone'),(26577,'Bottom-Left Zone'),(26578,'Bottom-Right Zone'),(26579,'Bottom Zone'),(26585,'Rigth Zone'),(26586,'Bottom-Left Zone'),(26587,'Bottom-Right Zone'),(26588,'Bottom Zone'),(26594,'Rigth Zone'),(26595,'Bottom-Left Zone'),(26596,'Bottom-Right Zone'),(26597,'Bottom Zone'),(26603,'Rigth Zone'),(26604,'Bottom-Left Zone'),(26605,'Bottom-Right Zone'),(26606,'Bottom Zone'),(26612,'Rigth Zone'),(26613,'Bottom-Left Zone'),(26614,'Bottom-Right Zone'),(26615,'Bottom Zone'),(26621,'Rigth Zone'),(26622,'Bottom-Left Zone'),(26623,'Bottom-Right Zone'),(26624,'Bottom Zone'),(26630,'Rigth Zone'),(26631,'Bottom-Left Zone'),(26632,'Bottom-Right Zone'),(26633,'Bottom Zone'),(26639,'Rigth Zone'),(26640,'Bottom-Left Zone'),(26641,'Bottom-Right Zone'),(26642,'Bottom Zone'),(26648,'Rigth Zone'),(26649,'Bottom-Left Zone'),(26650,'Bottom-Right Zone'),(26651,'Bottom Zone'),(26657,'Rigth Zone'),(26658,'Bottom-Left Zone'),(26659,'Bottom-Right Zone'),(26660,'Bottom Zone'),(26666,'Rigth Zone'),(26667,'Bottom-Left Zone'),(26668,'Bottom-Right Zone'),(26669,'Bottom Zone'),(26675,'Rigth Zone'),(26676,'Bottom-Left Zone'),(26677,'Bottom-Right Zone'),(26678,'Bottom Zone'),(26684,'Rigth Zone'),(26685,'Bottom-Left Zone'),(26686,'Bottom-Right Zone'),(26687,'Bottom Zone'),(26693,'Rigth Zone'),(26694,'Bottom-Left Zone'),(26695,'Bottom-Right Zone'),(26696,'Bottom Zone'),(26702,'Rigth Zone'),(26703,'Bottom-Left Zone'),(26704,'Bottom-Right Zone'),(26705,'Bottom Zone'),(26711,'Rigth Zone'),(26712,'Bottom-Left Zone'),(26713,'Bottom-Right Zone'),(26714,'Bottom Zone'),(26720,'Rigth Zone'),(26721,'Bottom-Left Zone'),(26722,'Bottom-Right Zone'),(26723,'Bottom Zone'),(26729,'Rigth Zone'),(26730,'Bottom-Left Zone'),(26731,'Bottom-Right Zone'),(26732,'Bottom Zone'),(26738,'Rigth Zone'),(26739,'Bottom-Left Zone'),(26740,'Bottom-Right Zone'),(26741,'Bottom Zone'),(26747,'Rigth Zone'),(26748,'Bottom-Left Zone'),(26749,'Bottom-Right Zone'),(26750,'Bottom Zone'),(26756,'Rigth Zone'),(26757,'Bottom-Left Zone'),(26758,'Bottom-Right Zone'),(26759,'Bottom Zone'),(26765,'Rigth Zone'),(26766,'Bottom-Left Zone'),(26767,'Bottom-Right Zone'),(26768,'Bottom Zone'),(26774,'Rigth Zone'),(26775,'Bottom-Left Zone'),(26776,'Bottom-Right Zone'),(26777,'Bottom Zone'),(26783,'Rigth Zone'),(26784,'Bottom-Left Zone'),(26785,'Bottom-Right Zone'),(26786,'Bottom Zone'),(26792,'Rigth Zone'),(26793,'Bottom-Left Zone'),(26794,'Bottom-Right Zone'),(26795,'Bottom Zone'),(26801,'Rigth Zone'),(26802,'Bottom-Left Zone'),(26803,'Bottom-Right Zone'),(26804,'Bottom Zone'),(26810,'Rigth Zone'),(26811,'Bottom-Left Zone'),(26812,'Bottom-Right Zone'),(26813,'Bottom Zone'),(26819,'Rigth Zone'),(26820,'Bottom-Left Zone'),(26821,'Bottom-Right Zone'),(26822,'Bottom Zone'),(26828,'Rigth Zone'),(26829,'Bottom-Left Zone'),(26830,'Bottom-Right Zone'),(26831,'Bottom Zone'),(26837,'Rigth Zone'),(26838,'Bottom-Left Zone'),(26839,'Bottom-Right Zone'),(26840,'Bottom Zone'),(26846,'Rigth Zone'),(26847,'Bottom-Left Zone'),(26848,'Bottom-Right Zone'),(26849,'Bottom Zone'),(26855,'Rigth Zone'),(26856,'Bottom-Left Zone'),(26857,'Bottom-Right Zone'),(26858,'Bottom Zone'),(26864,'Rigth Zone'),(26865,'Bottom-Left Zone'),(26866,'Bottom-Right Zone'),(26867,'Bottom Zone'),(26873,'Rigth Zone'),(26874,'Bottom-Left Zone'),(26875,'Bottom-Right Zone'),(26876,'Bottom Zone'),(26882,'Rigth Zone'),(26883,'Bottom-Left Zone'),(26884,'Bottom-Right Zone'),(26885,'Bottom Zone'),(26891,'Rigth Zone'),(26892,'Bottom-Left Zone'),(26893,'Bottom-Right Zone'),(26894,'Bottom Zone'),(26900,'Rigth Zone'),(26901,'Bottom-Left Zone'),(26902,'Bottom-Right Zone'),(26903,'Bottom Zone'),(26909,'Rigth Zone'),(26910,'Bottom-Left Zone'),(26911,'Bottom-Right Zone'),(26912,'Bottom Zone'),(26918,'Rigth Zone'),(26919,'Bottom-Left Zone'),(26920,'Bottom-Right Zone'),(26921,'Bottom Zone'),(26927,'Rigth Zone'),(26928,'Bottom-Left Zone'),(26929,'Bottom-Right Zone'),(26930,'Bottom Zone'),(26936,'Rigth Zone'),(26937,'Bottom-Left Zone'),(26938,'Bottom-Right Zone'),(26939,'Bottom Zone'),(26945,'Rigth Zone'),(26946,'Bottom-Left Zone'),(26947,'Bottom-Right Zone'),(26948,'Bottom Zone'),(26954,'Rigth Zone'),(26955,'Bottom-Left Zone'),(26956,'Bottom-Right Zone'),(26957,'Bottom Zone'),(26963,'Rigth Zone'),(26964,'Bottom-Left Zone'),(26965,'Bottom-Right Zone'),(26966,'Bottom Zone'),(26972,'Rigth Zone'),(26973,'Bottom-Left Zone'),(26974,'Bottom-Right Zone'),(26975,'Bottom Zone'),(26981,'Rigth Zone'),(26982,'Bottom-Left Zone'),(26983,'Bottom-Right Zone'),(26984,'Bottom Zone'),(26990,'Rigth Zone'),(26991,'Bottom-Left Zone'),(26992,'Bottom-Right Zone'),(26993,'Bottom Zone'),(26999,'Rigth Zone'),(27000,'Bottom-Left Zone'),(27001,'Bottom-Right Zone'),(27002,'Bottom Zone'),(27008,'Rigth Zone'),(27009,'Bottom-Left Zone'),(27010,'Bottom-Right Zone'),(27011,'Bottom Zone'),(27017,'Rigth Zone'),(27018,'Bottom-Left Zone'),(27019,'Bottom-Right Zone'),(27020,'Bottom Zone'),(27026,'Rigth Zone'),(27027,'Bottom-Left Zone'),(27028,'Bottom-Right Zone'),(27029,'Bottom Zone'),(27035,'Rigth Zone'),(27036,'Bottom-Left Zone'),(27037,'Bottom-Right Zone'),(27038,'Bottom Zone'),(27044,'Rigth Zone'),(27045,'Bottom-Left Zone'),(27046,'Bottom-Right Zone'),(27047,'Bottom Zone'),(27053,'Rigth Zone'),(27054,'Bottom-Left Zone'),(27055,'Bottom-Right Zone'),(27056,'Bottom Zone'),(27062,'Rigth Zone'),(27063,'Bottom-Left Zone'),(27064,'Bottom-Right Zone'),(27065,'Bottom Zone'),(27071,'Rigth Zone'),(27072,'Bottom-Left Zone'),(27073,'Bottom-Right Zone'),(27074,'Bottom Zone'),(27080,'Rigth Zone'),(27081,'Bottom-Left Zone'),(27082,'Bottom-Right Zone'),(27083,'Bottom Zone'),(27089,'Rigth Zone'),(27090,'Bottom-Left Zone'),(27091,'Bottom-Right Zone'),(27092,'Bottom Zone'),(27098,'Rigth Zone'),(27099,'Bottom-Left Zone'),(27100,'Bottom-Right Zone'),(27101,'Bottom Zone'),(27107,'Rigth Zone'),(27108,'Bottom-Left Zone'),(27109,'Bottom-Right Zone'),(27110,'Bottom Zone'),(27116,'Rigth Zone'),(27117,'Bottom-Left Zone'),(27118,'Bottom-Right Zone'),(27119,'Bottom Zone'),(27125,'Rigth Zone'),(27126,'Bottom-Left Zone'),(27127,'Bottom-Right Zone'),(27128,'Bottom Zone'),(27134,'Rigth Zone'),(27135,'Bottom-Left Zone'),(27136,'Bottom-Right Zone'),(27137,'Bottom Zone'),(27143,'Rigth Zone'),(27144,'Bottom-Left Zone'),(27145,'Bottom-Right Zone'),(27146,'Bottom Zone'),(27152,'Rigth Zone'),(27153,'Bottom-Left Zone'),(27154,'Bottom-Right Zone'),(27155,'Bottom Zone'),(27161,'Rigth Zone'),(27162,'Bottom-Left Zone'),(27163,'Bottom-Right Zone'),(27164,'Bottom Zone'),(27170,'Rigth Zone'),(27171,'Bottom-Left Zone'),(27172,'Bottom-Right Zone'),(27173,'Bottom Zone'),(27179,'Rigth Zone'),(27180,'Bottom-Left Zone'),(27181,'Bottom-Right Zone'),(27182,'Bottom Zone'),(27188,'Rigth Zone'),(27189,'Bottom-Left Zone'),(27190,'Bottom-Right Zone'),(27191,'Bottom Zone'),(27197,'Rigth Zone'),(27198,'Bottom-Left Zone'),(27199,'Bottom-Right Zone'),(27200,'Bottom Zone'),(27206,'Rigth Zone'),(27207,'Bottom-Left Zone'),(27208,'Bottom-Right Zone'),(27209,'Bottom Zone'),(27215,'Rigth Zone'),(27216,'Bottom-Left Zone'),(27217,'Bottom-Right Zone'),(27218,'Bottom Zone'),(27224,'Rigth Zone'),(27225,'Bottom-Left Zone'),(27226,'Bottom-Right Zone'),(27227,'Bottom Zone'),(27233,'Rigth Zone'),(27234,'Bottom-Left Zone'),(27235,'Bottom-Right Zone'),(27236,'Bottom Zone'),(27242,'Rigth Zone'),(27243,'Bottom-Left Zone'),(27244,'Bottom-Right Zone'),(27245,'Bottom Zone'),(27251,'Rigth Zone'),(27252,'Bottom-Left Zone'),(27253,'Bottom-Right Zone'),(27254,'Bottom Zone'),(27260,'Rigth Zone'),(27261,'Bottom-Left Zone'),(27262,'Bottom-Right Zone'),(27263,'Bottom Zone'),(27269,'Rigth Zone'),(27270,'Bottom-Left Zone'),(27271,'Bottom-Right Zone'),(27272,'Bottom Zone'),(27278,'Rigth Zone'),(27279,'Bottom-Left Zone'),(27280,'Bottom-Right Zone'),(27281,'Bottom Zone'),(27287,'Rigth Zone'),(27288,'Bottom-Left Zone'),(27289,'Bottom-Right Zone'),(27290,'Bottom Zone'),(27296,'Rigth Zone'),(27297,'Bottom-Left Zone'),(27298,'Bottom-Right Zone'),(27299,'Bottom Zone'),(27305,'Rigth Zone'),(27306,'Bottom-Left Zone'),(27307,'Bottom-Right Zone'),(27308,'Bottom Zone'),(27314,'Rigth Zone'),(27315,'Bottom-Left Zone'),(27316,'Bottom-Right Zone'),(27317,'Bottom Zone'),(27323,'Rigth Zone'),(27324,'Bottom-Left Zone'),(27325,'Bottom-Right Zone'),(27326,'Bottom Zone'),(27332,'Rigth Zone'),(27333,'Bottom-Left Zone'),(27334,'Bottom-Right Zone'),(27335,'Bottom Zone'),(27341,'Rigth Zone'),(27342,'Bottom-Left Zone'),(27343,'Bottom-Right Zone'),(27344,'Bottom Zone'),(27350,'Rigth Zone'),(27351,'Bottom-Left Zone'),(27352,'Bottom-Right Zone'),(27353,'Bottom Zone'),(27359,'Rigth Zone'),(27360,'Bottom-Left Zone'),(27361,'Bottom-Right Zone'),(27362,'Bottom Zone'),(27368,'Rigth Zone'),(27369,'Bottom-Left Zone'),(27370,'Bottom-Right Zone'),(27371,'Bottom Zone'),(27377,'Rigth Zone'),(27378,'Bottom-Left Zone'),(27379,'Bottom-Right Zone'),(27380,'Bottom Zone'),(27386,'Rigth Zone'),(27387,'Bottom-Left Zone'),(27388,'Bottom-Right Zone'),(27389,'Bottom Zone'),(27395,'Rigth Zone'),(27396,'Bottom-Left Zone'),(27397,'Bottom-Right Zone'),(27398,'Bottom Zone'),(27404,'Rigth Zone'),(27405,'Bottom-Left Zone'),(27406,'Bottom-Right Zone'),(27407,'Bottom Zone'),(27413,'Rigth Zone'),(27414,'Bottom-Left Zone'),(27415,'Bottom-Right Zone'),(27416,'Bottom Zone'),(27422,'Rigth Zone'),(27423,'Bottom-Left Zone'),(27424,'Bottom-Right Zone'),(27425,'Bottom Zone'),(27431,'Rigth Zone'),(27432,'Bottom-Left Zone'),(27433,'Bottom-Right Zone'),(27434,'Bottom Zone'),(27440,'Rigth Zone'),(27441,'Bottom-Left Zone'),(27442,'Bottom-Right Zone'),(27443,'Bottom Zone'),(27449,'Rigth Zone'),(27450,'Bottom-Left Zone'),(27451,'Bottom-Right Zone'),(27452,'Bottom Zone'),(27458,'Rigth Zone'),(27459,'Bottom-Left Zone'),(27460,'Bottom-Right Zone'),(27461,'Bottom Zone'),(27467,'Rigth Zone'),(27468,'Bottom-Left Zone'),(27469,'Bottom-Right Zone'),(27470,'Bottom Zone'),(27476,'Rigth Zone'),(27477,'Bottom-Left Zone'),(27478,'Bottom-Right Zone'),(27479,'Bottom Zone'),(27485,'Rigth Zone'),(27486,'Bottom-Left Zone'),(27487,'Bottom-Right Zone'),(27488,'Bottom Zone'),(27494,'Rigth Zone'),(27495,'Bottom-Left Zone'),(27496,'Bottom-Right Zone'),(27497,'Bottom Zone'),(27503,'Rigth Zone'),(27504,'Bottom-Left Zone'),(27505,'Bottom-Right Zone'),(27506,'Bottom Zone'),(27512,'Rigth Zone'),(27513,'Bottom-Left Zone'),(27514,'Bottom-Right Zone'),(27515,'Bottom Zone'),(27521,'Rigth Zone'),(27522,'Bottom-Left Zone'),(27523,'Bottom-Right Zone'),(27524,'Bottom Zone'),(27530,'Rigth Zone'),(27531,'Bottom-Left Zone'),(27532,'Bottom-Right Zone'),(27533,'Bottom Zone'),(27539,'Rigth Zone'),(27540,'Bottom-Left Zone'),(27541,'Bottom-Right Zone'),(27542,'Bottom Zone'),(27548,'Rigth Zone'),(27549,'Bottom-Left Zone'),(27550,'Bottom-Right Zone'),(27551,'Bottom Zone'),(27557,'Rigth Zone'),(27558,'Bottom-Left Zone'),(27559,'Bottom-Right Zone'),(27560,'Bottom Zone'),(27566,'Rigth Zone'),(27567,'Bottom-Left Zone'),(27568,'Bottom-Right Zone'),(27569,'Bottom Zone'),(27575,'Rigth Zone'),(27576,'Bottom-Left Zone'),(27577,'Bottom-Right Zone'),(27578,'Bottom Zone'),(27584,'Rigth Zone'),(27585,'Bottom-Left Zone'),(27586,'Bottom-Right Zone'),(27587,'Bottom Zone'),(27593,'Rigth Zone'),(27594,'Bottom-Left Zone'),(27595,'Bottom-Right Zone'),(27596,'Bottom Zone'),(27602,'Rigth Zone'),(27603,'Bottom-Left Zone'),(27604,'Bottom-Right Zone'),(27605,'Bottom Zone'),(27611,'Rigth Zone'),(27612,'Bottom-Left Zone'),(27613,'Bottom-Right Zone'),(27614,'Bottom Zone'),(27620,'Rigth Zone'),(27621,'Bottom-Left Zone'),(27622,'Bottom-Right Zone'),(27623,'Bottom Zone'),(27628,'Center Zone'),(27629,'Rigth Zone'),(27630,'Bottom-Left Zone'),(27631,'Bottom-Right Zone'),(27632,'Bottom Zone'),(27637,'Center Zone'),(27638,'Rigth Zone'),(27639,'Bottom-Left Zone'),(27640,'Bottom-Right Zone'),(27641,'Bottom Zone'),(27642,'Top Zone'),(27643,'Top-Left Zone'),(27644,'Top-Right Zone'),(27645,'Left Zone'),(27646,'Center Zone'),(27647,'Rigth Zone'),(27648,'Bottom-Left Zone'),(27649,'Bottom-Right Zone'),(27650,'Bottom Zone'),(27655,'Center Zone'),(27656,'Rigth Zone'),(27657,'Bottom-Left Zone'),(27658,'Bottom-Right Zone'),(27659,'Bottom Zone'),(27660,'Top Zone'),(27661,'Top-Left Zone'),(27662,'Top-Right Zone'),(27663,'Left Zone'),(27664,'Center Zone'),(27665,'Rigth Zone'),(27666,'Bottom-Left Zone'),(27667,'Bottom-Right Zone'),(27668,'Bottom Zone'),(27673,'Center Zone'),(27674,'Rigth Zone'),(27675,'Bottom-Left Zone'),(27676,'Bottom-Right Zone'),(27677,'Bottom Zone'),(27682,'Center Zone'),(27683,'Rigth Zone'),(27684,'Bottom-Left Zone'),(27685,'Bottom-Right Zone'),(27686,'Bottom Zone'),(27687,'Top Zone'),(27688,'Top-Left Zone'),(27689,'Top-Right Zone'),(27690,'Left Zone'),(27691,'Center Zone'),(27692,'Rigth Zone'),(27693,'Bottom-Left Zone'),(27694,'Bottom-Right Zone'),(27695,'Bottom Zone'),(27700,'Center Zone'),(27701,'Rigth Zone'),(27702,'Bottom-Left Zone'),(27703,'Bottom-Right Zone'),(27704,'Bottom Zone'),(27709,'Center Zone'),(27710,'Rigth Zone'),(27711,'Bottom-Left Zone'),(27712,'Bottom-Right Zone'),(27713,'Bottom Zone'),(27718,'Center Zone'),(27719,'Rigth Zone'),(27720,'Bottom-Left Zone'),(27721,'Bottom-Right Zone'),(27722,'Bottom Zone'),(27727,'Center Zone'),(27728,'Rigth Zone'),(27729,'Bottom-Left Zone'),(27730,'Bottom-Right Zone'),(27731,'Bottom Zone'),(27736,'Center Zone'),(27737,'Rigth Zone'),(27738,'Bottom-Left Zone'),(27739,'Bottom-Right Zone'),(27740,'Bottom Zone'),(27745,'Center Zone'),(27746,'Rigth Zone'),(27747,'Bottom-Left Zone'),(27748,'Bottom-Right Zone'),(27749,'Bottom Zone'),(27754,'Center Zone'),(27755,'Rigth Zone'),(27756,'Bottom-Left Zone'),(27757,'Bottom-Right Zone'),(27758,'Bottom Zone'),(27763,'Center Zone'),(27764,'Rigth Zone'),(27765,'Bottom-Left Zone'),(27766,'Bottom-Right Zone'),(27767,'Bottom Zone'),(27772,'Center Zone'),(27773,'Rigth Zone'),(27774,'Bottom-Left Zone'),(27775,'Bottom-Right Zone'),(27776,'Bottom Zone'),(27781,'Center Zone'),(27782,'Rigth Zone'),(27783,'Bottom-Left Zone'),(27784,'Bottom-Right Zone'),(27785,'Bottom Zone'),(27790,'Center Zone'),(27791,'Rigth Zone'),(27792,'Bottom-Left Zone'),(27793,'Bottom-Right Zone'),(27794,'Bottom Zone'),(27799,'Center Zone'),(27800,'Rigth Zone'),(27801,'Bottom-Left Zone'),(27802,'Bottom-Right Zone'),(27803,'Bottom Zone'),(27808,'Center Zone'),(27809,'Rigth Zone'),(27810,'Bottom-Left Zone'),(27811,'Bottom-Right Zone'),(27812,'Bottom Zone'),(27817,'Center Zone'),(27818,'Rigth Zone'),(27819,'Bottom-Left Zone'),(27820,'Bottom-Right Zone'),(27821,'Bottom Zone'),(27826,'Center Zone'),(27827,'Rigth Zone'),(27828,'Bottom-Left Zone'),(27829,'Bottom-Right Zone'),(27830,'Bottom Zone'),(27835,'Center Zone'),(27836,'Rigth Zone'),(27837,'Bottom-Left Zone'),(27838,'Bottom-Right Zone'),(27839,'Bottom Zone'),(27844,'Center Zone'),(27845,'Rigth Zone'),(27846,'Bottom-Left Zone'),(27847,'Bottom-Right Zone'),(27848,'Bottom Zone'),(27853,'Center Zone'),(27854,'Rigth Zone'),(27855,'Bottom-Left Zone'),(27856,'Bottom-Right Zone'),(27857,'Bottom Zone'),(27862,'Center Zone'),(27863,'Rigth Zone'),(27864,'Bottom-Left Zone'),(27865,'Bottom-Right Zone'),(27866,'Bottom Zone'),(27867,'Top Zone'),(27868,'Top-Left Zone'),(27869,'Top-Right Zone'),(27870,'Left Zone'),(27871,'Center Zone'),(27872,'Rigth Zone'),(27873,'Bottom-Left Zone'),(27874,'Bottom-Right Zone'),(27875,'Bottom Zone'),(27891,'Center Zone'),(27892,'Rigth Zone'),(27893,'Bottom-Left Zone'),(27894,'Bottom-Right Zone'),(27895,'Bottom Zone'),(27900,'Center Zone'),(27901,'Rigth Zone'),(27902,'Bottom-Left Zone'),(27903,'Bottom-Right Zone'),(27904,'Bottom Zone'),(27909,'Center Zone'),(27910,'Rigth Zone'),(27911,'Bottom-Left Zone'),(27912,'Bottom-Right Zone'),(27913,'Bottom Zone'),(27918,'Center Zone'),(27919,'Rigth Zone'),(27920,'Bottom-Left Zone'),(27921,'Bottom-Right Zone'),(27922,'Bottom Zone'),(27927,'Center Zone'),(27928,'Rigth Zone'),(27929,'Bottom-Left Zone'),(27930,'Bottom-Right Zone'),(27931,'Bottom Zone'),(27936,'Center Zone'),(27937,'Rigth Zone'),(27938,'Bottom-Left Zone'),(27939,'Bottom-Right Zone'),(27940,'Bottom Zone'),(27945,'Center Zone'),(27946,'Rigth Zone'),(27947,'Bottom-Left Zone'),(27948,'Bottom-Right Zone'),(27949,'Bottom Zone'),(27954,'Center Zone'),(27955,'Rigth Zone'),(27956,'Bottom-Left Zone'),(27957,'Bottom-Right Zone'),(27958,'Bottom Zone'),(27963,'Center Zone'),(27964,'Rigth Zone'),(27965,'Bottom-Left Zone'),(27966,'Bottom-Right Zone'),(27967,'Bottom Zone'),(27972,'Center Zone'),(27973,'Rigth Zone'),(27974,'Bottom-Left Zone'),(27975,'Bottom-Right Zone'),(27976,'Bottom Zone'),(27981,'Center Zone'),(27982,'Rigth Zone'),(27983,'Bottom-Left Zone'),(27984,'Bottom-Right Zone'),(27985,'Bottom Zone');
/*!40000 ALTER TABLE `ezpage_zones` ENABLE KEYS */;
UNLOCK TABLES;

--
-- Table structure for table `ezpolicy`
--

DROP TABLE IF EXISTS `ezpolicy`;
/*!40101 SET @saved_cs_client     = @@character_set_client */;
/*!40101 SET character_set_client = utf8 */;
CREATE TABLE `ezpolicy` (
  `id` int(11) NOT NULL AUTO_INCREMENT,
  `function_name` varchar(255) COLLATE utf8mb4_unicode_520_ci DEFAULT NULL,
  `module_name` varchar(255) COLLATE utf8mb4_unicode_520_ci DEFAULT NULL,
  `original_id` int(11) NOT NULL DEFAULT 0,
  `role_id` int(11) DEFAULT NULL,
  PRIMARY KEY (`id`),
  KEY `ezpolicy_role_id` (`role_id`),
  KEY `ezpolicy_original_id` (`original_id`)
) ENGINE=InnoDB AUTO_INCREMENT=344 DEFAULT CHARSET=utf8mb4 COLLATE=utf8mb4_unicode_520_ci;
/*!40101 SET character_set_client = @saved_cs_client */;

--
-- Dumping data for table `ezpolicy`
--

LOCK TABLES `ezpolicy` WRITE;
/*!40000 ALTER TABLE `ezpolicy` DISABLE KEYS */;
INSERT INTO `ezpolicy` VALUES (317,'*','content',0,3),(319,'login','user',0,3),(332,'*','*',0,2),(333,'read','content',0,4),(340,'*','url',0,3),(341,'read','content',0,1),(342,'login','user',0,1),(343,'view_embed','content',0,1);
/*!40000 ALTER TABLE `ezpolicy` ENABLE KEYS */;
UNLOCK TABLES;

--
-- Table structure for table `ezpolicy_limitation`
--

DROP TABLE IF EXISTS `ezpolicy_limitation`;
/*!40101 SET @saved_cs_client     = @@character_set_client */;
/*!40101 SET character_set_client = utf8 */;
CREATE TABLE `ezpolicy_limitation` (
  `id` int(11) NOT NULL AUTO_INCREMENT,
  `identifier` varchar(255) COLLATE utf8mb4_unicode_520_ci NOT NULL DEFAULT '',
  `policy_id` int(11) DEFAULT NULL,
  PRIMARY KEY (`id`),
  KEY `policy_id` (`policy_id`)
) ENGINE=InnoDB AUTO_INCREMENT=261 DEFAULT CHARSET=utf8mb4 COLLATE=utf8mb4_unicode_520_ci;
/*!40101 SET character_set_client = @saved_cs_client */;

--
-- Dumping data for table `ezpolicy_limitation`
--

LOCK TABLES `ezpolicy_limitation` WRITE;
/*!40000 ALTER TABLE `ezpolicy_limitation` DISABLE KEYS */;
INSERT INTO `ezpolicy_limitation` VALUES (252,'Section',329),(254,'Class',333),(255,'Owner',333),(257,'Section',341),(259,'Class',343),(260,'SiteAccess',342);
/*!40000 ALTER TABLE `ezpolicy_limitation` ENABLE KEYS */;
UNLOCK TABLES;

--
-- Table structure for table `ezpolicy_limitation_value`
--

DROP TABLE IF EXISTS `ezpolicy_limitation_value`;
/*!40101 SET @saved_cs_client     = @@character_set_client */;
/*!40101 SET character_set_client = utf8 */;
CREATE TABLE `ezpolicy_limitation_value` (
  `id` int(11) NOT NULL AUTO_INCREMENT,
  `limitation_id` int(11) DEFAULT NULL,
  `value` varchar(255) COLLATE utf8mb4_unicode_520_ci DEFAULT NULL,
  PRIMARY KEY (`id`),
  KEY `ezpolicy_limit_value_limit_id` (`limitation_id`),
  KEY `ezpolicy_limitation_value_val` (`value`(191))
) ENGINE=InnoDB AUTO_INCREMENT=493 DEFAULT CHARSET=utf8mb4 COLLATE=utf8mb4_unicode_520_ci;
/*!40101 SET character_set_client = @saved_cs_client */;

--
-- Dumping data for table `ezpolicy_limitation_value`
--

LOCK TABLES `ezpolicy_limitation_value` WRITE;
/*!40000 ALTER TABLE `ezpolicy_limitation_value` DISABLE KEYS */;
INSERT INTO `ezpolicy_limitation_value` VALUES (478,252,'1'),(480,254,'4'),(481,255,'1'),(486,257,'1'),(487,257,'3'),(488,257,'6'),(490,259,'5'),(491,259,'12'),(492,260,'28834503');
/*!40000 ALTER TABLE `ezpolicy_limitation_value` ENABLE KEYS */;
UNLOCK TABLES;

--
-- Table structure for table `ezpreferences`
--

DROP TABLE IF EXISTS `ezpreferences`;
/*!40101 SET @saved_cs_client     = @@character_set_client */;
/*!40101 SET character_set_client = utf8 */;
CREATE TABLE `ezpreferences` (
  `id` int(11) NOT NULL AUTO_INCREMENT,
  `name` varchar(100) COLLATE utf8mb4_unicode_520_ci DEFAULT NULL,
  `user_id` int(11) NOT NULL DEFAULT 0,
  `value` longtext COLLATE utf8mb4_unicode_520_ci DEFAULT NULL,
  PRIMARY KEY (`id`),
  KEY `ezpreferences_user_id_idx` (`user_id`,`name`),
  KEY `ezpreferences_name` (`name`)
) ENGINE=InnoDB DEFAULT CHARSET=utf8mb4 COLLATE=utf8mb4_unicode_520_ci;
/*!40101 SET character_set_client = @saved_cs_client */;

--
-- Dumping data for table `ezpreferences`
--

LOCK TABLES `ezpreferences` WRITE;
/*!40000 ALTER TABLE `ezpreferences` DISABLE KEYS */;
/*!40000 ALTER TABLE `ezpreferences` ENABLE KEYS */;
UNLOCK TABLES;

--
-- Table structure for table `ezrole`
--

DROP TABLE IF EXISTS `ezrole`;
/*!40101 SET @saved_cs_client     = @@character_set_client */;
/*!40101 SET character_set_client = utf8 */;
CREATE TABLE `ezrole` (
  `id` int(11) NOT NULL AUTO_INCREMENT,
  `is_new` int(11) NOT NULL DEFAULT 0,
  `name` varchar(255) COLLATE utf8mb4_unicode_520_ci NOT NULL DEFAULT '',
  `value` char(1) COLLATE utf8mb4_unicode_520_ci DEFAULT NULL,
  `version` int(11) DEFAULT 0,
  PRIMARY KEY (`id`)
) ENGINE=InnoDB AUTO_INCREMENT=6 DEFAULT CHARSET=utf8mb4 COLLATE=utf8mb4_unicode_520_ci;
/*!40101 SET character_set_client = @saved_cs_client */;

--
-- Dumping data for table `ezrole`
--

LOCK TABLES `ezrole` WRITE;
/*!40000 ALTER TABLE `ezrole` DISABLE KEYS */;
INSERT INTO `ezrole` VALUES (1,0,'Anonymous','0',0),(2,0,'Administrator','0',0),(3,0,'Editor','',0),(4,0,'Member','',0);
/*!40000 ALTER TABLE `ezrole` ENABLE KEYS */;
UNLOCK TABLES;

--
-- Table structure for table `ezsearch_object_word_link`
--

DROP TABLE IF EXISTS `ezsearch_object_word_link`;
/*!40101 SET @saved_cs_client     = @@character_set_client */;
/*!40101 SET character_set_client = utf8 */;
CREATE TABLE `ezsearch_object_word_link` (
  `id` int(11) NOT NULL AUTO_INCREMENT,
  `contentclass_attribute_id` int(11) NOT NULL DEFAULT 0,
  `contentclass_id` int(11) NOT NULL DEFAULT 0,
  `contentobject_id` int(11) NOT NULL DEFAULT 0,
  `frequency` double NOT NULL DEFAULT 0,
  `identifier` varchar(255) COLLATE utf8mb4_unicode_520_ci NOT NULL DEFAULT '',
  `integer_value` int(11) NOT NULL DEFAULT 0,
  `next_word_id` int(11) NOT NULL DEFAULT 0,
  `placement` int(11) NOT NULL DEFAULT 0,
  `prev_word_id` int(11) NOT NULL DEFAULT 0,
  `published` int(11) NOT NULL DEFAULT 0,
  `section_id` int(11) NOT NULL DEFAULT 0,
  `word_id` int(11) NOT NULL DEFAULT 0,
  `language_mask` bigint(20) NOT NULL DEFAULT 0,
  PRIMARY KEY (`id`),
  KEY `ezsearch_object_word_link_object` (`contentobject_id`),
  KEY `ezsearch_object_word_link_identifier` (`identifier`(191)),
  KEY `ezsearch_object_word_link_integer_value` (`integer_value`),
  KEY `ezsearch_object_word_link_word` (`word_id`),
  KEY `ezsearch_object_word_link_frequency` (`frequency`)
) ENGINE=InnoDB AUTO_INCREMENT=1512 DEFAULT CHARSET=utf8mb4 COLLATE=utf8mb4_unicode_520_ci;
/*!40101 SET character_set_client = @saved_cs_client */;

--
-- Dumping data for table `ezsearch_object_word_link`
--

LOCK TABLES `ezsearch_object_word_link` WRITE;
/*!40000 ALTER TABLE `ezsearch_object_word_link` DISABLE KEYS */;
INSERT INTO `ezsearch_object_word_link` VALUES (46,7,3,4,0,'description',0,35,0,0,1033917596,2,34,3),(47,7,3,4,0,'description',0,36,1,34,1033917596,2,35,3),(48,6,3,4,0,'name',0,0,2,35,1033917596,2,36,3),(49,8,4,10,0,'first_name',0,38,0,0,1033920665,2,37,3),(50,9,4,10,0,'last_name',0,0,1,37,1033920665,2,38,3),(51,6,3,11,0,'name',0,40,0,0,1033920746,2,39,3),(52,6,3,11,0,'name',0,0,1,39,1033920746,2,40,3),(53,6,3,12,0,'name',0,36,0,0,1033920775,2,41,3),(54,6,3,12,0,'name',0,0,1,41,1033920775,2,36,3),(55,6,3,13,0,'name',0,0,0,0,1033920794,2,42,3),(56,8,4,14,0,'first_name',0,38,0,0,1033920830,2,41,3),(57,9,4,14,0,'last_name',0,0,1,41,1033920830,2,38,3),(58,4,1,41,0,'name',0,0,0,0,1060695457,3,43,3),(59,6,3,42,0,'name',0,36,0,0,1072180330,2,37,3),(60,6,3,42,0,'name',0,38,1,37,1072180330,2,36,3),(61,7,3,42,0,'description',0,35,2,36,1072180330,2,38,3),(62,7,3,42,0,'description',0,44,3,38,1072180330,2,35,3),(63,7,3,42,0,'description',0,13,4,35,1072180330,2,44,3),(64,7,3,42,0,'description',0,37,5,44,1072180330,2,13,3),(65,7,3,42,0,'description',0,38,6,13,1072180330,2,37,3),(66,7,3,42,0,'description',0,0,7,37,1072180330,2,38,3),(67,4,1,49,0,'name',0,0,0,0,1080220197,3,45,3),(68,4,1,50,0,'name',0,0,0,0,1080220220,3,46,3),(69,4,1,51,0,'name',0,0,0,0,1080220233,3,47,3),(70,185,42,52,0,'name',0,48,0,0,1442481743,1,1,3),(71,185,42,52,0,'name',0,49,1,1,1442481743,1,48,3),(72,185,42,52,0,'name',0,2,2,48,1442481743,1,49,3),(73,185,42,52,0,'name',0,3,3,49,1442481743,1,2,3),(74,186,42,52,0,'description',0,4,4,2,1442481743,1,3,3),(75,186,42,52,0,'description',0,5,5,3,1442481743,1,4,3),(76,186,42,52,0,'description',0,6,6,4,1442481743,1,5,3),(77,186,42,52,0,'description',0,7,7,5,1442481743,1,6,3),(78,186,42,52,0,'description',0,8,8,6,1442481743,1,7,3),(79,186,42,52,0,'description',0,9,9,7,1442481743,1,8,3),(80,186,42,52,0,'description',0,10,10,8,1442481743,1,9,3),(81,186,42,52,0,'description',0,0,11,9,1442481743,1,10,3),(82,4,1,53,0,'name',0,51,0,0,1486473151,3,50,3),(83,4,1,53,0,'name',0,50,1,50,1486473151,3,51,3),(84,155,1,53,0,'short_name',0,51,2,51,1486473151,3,50,3),(85,155,1,53,0,'short_name',0,52,3,50,1486473151,3,51,3),(86,119,1,53,0,'short_description',0,44,4,51,1486473151,3,52,3),(87,119,1,53,0,'short_description',0,53,5,52,1486473151,3,44,3),(88,119,1,53,0,'short_description',0,51,6,44,1486473151,3,53,3),(89,119,1,53,0,'short_description',0,0,7,53,1486473151,3,51,3),(90,4,1,54,0,'name',0,0,0,0,1537166893,6,54,2),(91,4,1,55,0,'name',0,56,0,0,1586855342,7,55,3),(92,4,1,55,0,'name',0,0,1,55,1586855342,7,56,3),(123,116,5,60,0,'name',0,0,0,0,1623796085,3,87,3),(128,116,5,64,0,'name',0,93,0,0,1624034225,3,92,3),(129,116,5,64,0,'name',0,0,1,92,1624034225,3,93,3),(141,4,1,65,0,'name',0,104,0,0,1624244274,3,103,3),(142,4,1,65,0,'name',0,0,1,103,1624244274,3,104,3),(143,4,1,66,0,'name',0,45,0,0,1624244309,3,105,3),(144,4,1,66,0,'name',0,0,1,105,1624244309,3,45,3),(191,116,5,70,0,'name',0,93,0,0,1624245926,3,92,3),(192,116,5,70,0,'name',0,0,1,92,1624245926,3,93,3),(193,116,5,72,0,'name',0,145,0,0,1624248872,3,144,3),(194,116,5,72,0,'name',0,146,1,144,1624248872,3,145,3),(195,116,5,72,0,'name',0,145,2,145,1624248872,3,146,3),(196,116,5,72,0,'name',0,147,3,146,1624248872,3,145,3),(197,116,5,72,0,'name',0,148,4,145,1624248872,3,147,3),(198,116,5,72,0,'name',0,149,5,147,1624248872,3,148,3),(199,116,5,72,0,'name',0,150,6,148,1624248872,3,149,3),(200,116,5,72,0,'name',0,151,7,149,1624248872,3,150,3),(201,116,5,72,0,'name',0,152,8,150,1624248872,3,151,3),(202,116,5,72,0,'name',0,93,9,151,1624248872,3,152,3),(203,116,5,72,0,'name',0,0,10,152,1624248872,3,93,3),(226,116,5,74,0,'name',0,93,0,0,1624249203,3,92,3),(227,116,5,74,0,'name',0,0,1,92,1624249203,3,93,3),(257,116,5,75,0,'name',0,0,0,0,1624311259,3,194,3),(282,116,5,59,0,'name',0,96,0,0,1622948256,3,95,3),(283,116,5,59,0,'name',0,195,1,95,1622948256,3,96,3),(284,116,5,59,0,'name',0,95,2,96,1622948256,3,195,3),(285,117,5,59,0,'caption',0,96,3,195,1622948256,3,95,3),(286,117,5,59,0,'caption',0,195,4,95,1622948256,3,96,3),(287,117,5,59,0,'caption',0,0,5,96,1622948256,3,195,3),(288,4,1,76,0,'name',0,211,0,0,1625982954,3,192,3),(289,4,1,76,0,'name',0,0,1,192,1625982954,3,211,3),(294,4,1,79,0,'name',0,215,0,0,1626057079,3,214,3),(295,4,1,79,0,'name',0,0,1,214,1626057079,3,215,3),(306,4,1,80,0,'name',0,0,0,0,1626139045,3,219,3),(307,207,47,81,0,'title',0,174,0,0,1626139101,3,173,3),(308,207,47,81,0,'title',0,175,1,173,1626139101,3,174,3),(309,207,47,81,0,'title',0,202,2,174,1626139101,3,175,3),(310,209,47,81,0,'description',0,207,3,175,1626139101,3,202,3),(311,209,47,81,0,'description',0,87,4,202,1626139101,3,207,3),(312,209,47,81,0,'description',0,220,5,207,1626139101,3,87,3),(313,209,47,81,0,'description',0,205,6,87,1626139101,3,220,3),(314,209,47,81,0,'description',0,221,7,220,1626139101,3,205,3),(315,209,47,81,0,'description',0,222,8,205,1626139101,3,221,3),(316,209,47,81,0,'description',0,202,9,221,1626139101,3,222,3),(317,209,47,81,0,'description',0,223,10,222,1626139101,3,202,3),(318,209,47,81,0,'description',0,224,11,202,1626139101,3,223,3),(319,209,47,81,0,'description',0,184,12,223,1626139101,3,224,3),(320,209,47,81,0,'description',0,202,13,224,1626139101,3,184,3),(321,209,47,81,0,'description',0,223,14,184,1626139101,3,202,3),(322,209,47,81,0,'description',0,224,15,202,1626139101,3,223,3),(323,209,47,81,0,'description',0,184,16,223,1626139101,3,224,3),(324,209,47,81,0,'description',0,225,17,224,1626139101,3,184,3),(325,209,47,81,0,'description',0,226,18,184,1626139101,3,225,3),(326,209,47,81,0,'description',0,227,19,225,1626139101,3,226,3),(327,209,47,81,0,'description',0,228,20,226,1626139101,3,227,3),(328,209,47,81,0,'description',0,229,21,227,1626139101,3,228,3),(329,209,47,81,0,'description',0,230,22,228,1626139101,3,229,3),(330,209,47,81,0,'description',0,94,23,229,1626139101,3,230,3),(331,209,47,81,0,'description',0,231,24,230,1626139101,3,94,3),(332,209,47,81,0,'description',0,203,25,94,1626139101,3,231,3),(333,209,47,81,0,'description',0,232,26,231,1626139101,3,203,3),(334,209,47,81,0,'description',0,233,27,203,1626139101,3,232,3),(335,209,47,81,0,'description',0,234,28,232,1626139101,3,233,3),(336,209,47,81,0,'description',0,235,29,233,1626139101,3,234,3),(337,209,47,81,0,'description',0,208,30,234,1626139101,3,235,3),(338,209,47,81,0,'description',0,236,31,235,1626139101,3,208,3),(339,209,47,81,0,'description',0,226,32,208,1626139101,3,236,3),(340,209,47,81,0,'description',0,196,33,236,1626139101,3,226,3),(341,209,47,81,0,'description',0,162,34,226,1626139101,3,196,3),(342,209,47,81,0,'description',0,237,35,196,1626139101,3,162,3),(343,209,47,81,0,'description',0,238,36,162,1626139101,3,237,3),(344,209,47,81,0,'description',0,239,37,237,1626139101,3,238,3),(345,209,47,81,0,'description',0,202,38,238,1626139101,3,239,3),(346,209,47,81,0,'description',0,207,39,239,1626139101,3,202,3),(347,209,47,81,0,'description',0,87,40,202,1626139101,3,207,3),(348,209,47,81,0,'description',0,220,41,207,1626139101,3,87,3),(349,209,47,81,0,'description',0,205,42,87,1626139101,3,220,3),(350,209,47,81,0,'description',0,221,43,220,1626139101,3,205,3),(351,209,47,81,0,'description',0,222,44,205,1626139101,3,221,3),(352,209,47,81,0,'description',0,234,45,221,1626139101,3,222,3),(353,209,47,81,0,'description',0,240,46,222,1626139101,3,234,3),(354,209,47,81,0,'description',0,227,47,234,1626139101,3,240,3),(355,209,47,81,0,'description',0,226,48,240,1626139101,3,227,3),(356,209,47,81,0,'description',0,187,49,227,1626139101,3,226,3),(357,209,47,81,0,'description',0,223,50,226,1626139101,3,187,3),(358,209,47,81,0,'description',0,241,51,187,1626139101,3,223,3),(359,209,47,81,0,'description',0,87,52,223,1626139101,3,241,3),(360,209,47,81,0,'description',0,94,53,241,1626139101,3,87,3),(361,209,47,81,0,'description',0,195,54,87,1626139101,3,94,3),(362,209,47,81,0,'description',0,95,55,94,1626139101,3,195,3),(363,209,47,81,0,'description',0,96,56,195,1626139101,3,95,3),(364,209,47,81,0,'description',0,196,57,95,1626139101,3,96,3),(365,209,47,81,0,'description',0,197,58,96,1626139101,3,196,3),(366,209,47,81,0,'description',0,198,59,196,1626139101,3,197,3),(367,209,47,81,0,'description',0,162,60,197,1626139101,3,198,3),(368,209,47,81,0,'description',0,223,61,198,1626139101,3,162,3),(369,209,47,81,0,'description',0,182,62,162,1626139101,3,223,3),(370,209,47,81,0,'description',0,179,63,223,1626139101,3,182,3),(371,209,47,81,0,'description',0,242,64,182,1626139101,3,179,3),(372,210,47,81,0,'cta_label',0,0,65,179,1626139101,3,242,3),(373,213,49,78,0,'title',0,243,0,0,1625983007,3,192,3),(374,213,49,78,0,'title',0,0,1,192,1625983007,3,243,3),(375,211,48,77,0,'title',0,244,0,0,1625982986,3,192,3),(376,211,48,77,0,'title',0,0,1,192,1625982986,3,244,3),(488,195,45,82,0,'title',0,223,0,0,1626214974,1,202,3),(489,195,45,82,0,'title',0,224,1,202,1626214974,1,223,3),(490,195,45,82,0,'title',0,184,2,223,1626214974,1,224,3),(491,195,45,82,0,'title',0,202,3,224,1626214974,1,184,3),(492,197,45,82,0,'promo_title',0,223,4,184,1626214974,1,202,3),(493,197,45,82,0,'promo_title',0,224,5,202,1626214974,1,223,3),(494,197,45,82,0,'promo_title',0,184,6,223,1626214974,1,224,3),(495,197,45,82,0,'promo_title',0,277,7,224,1626214974,1,184,3),(496,199,45,82,0,'promo_description',0,204,8,184,1626214974,1,277,3),(497,199,45,82,0,'promo_description',0,278,9,277,1626214974,1,204,3),(498,199,45,82,0,'promo_description',0,95,10,204,1626214974,1,278,3),(499,199,45,82,0,'promo_description',0,96,11,278,1626214974,1,95,3),(500,199,45,82,0,'promo_description',0,279,12,95,1626214974,1,96,3),(501,199,45,82,0,'promo_description',0,280,13,96,1626214974,1,279,3),(502,199,45,82,0,'promo_description',0,281,14,279,1626214974,1,280,3),(503,199,45,82,0,'promo_description',0,162,15,280,1626214974,1,281,3),(504,199,45,82,0,'promo_description',0,95,16,281,1626214974,1,162,3),(505,199,45,82,0,'promo_description',0,96,17,162,1626214974,1,95,3),(506,199,45,82,0,'promo_description',0,282,18,95,1626214974,1,96,3),(507,199,45,82,0,'promo_description',0,277,19,96,1626214974,1,282,3),(508,199,45,82,0,'promo_description',0,283,20,282,1626214974,1,277,3),(509,199,45,82,0,'promo_description',0,94,21,277,1626214974,1,283,3),(510,199,45,82,0,'promo_description',0,284,22,283,1626214974,1,94,3),(511,199,45,82,0,'promo_description',0,230,23,94,1626214974,1,284,3),(512,199,45,82,0,'promo_description',0,200,24,284,1626214974,1,230,3),(513,199,45,82,0,'promo_description',0,203,25,230,1626214974,1,200,3),(514,199,45,82,0,'promo_description',0,285,26,200,1626214974,1,203,3),(515,199,45,82,0,'promo_description',0,286,27,203,1626214974,1,285,3),(516,199,45,82,0,'promo_description',0,287,28,285,1626214974,1,286,3),(517,199,45,82,0,'promo_description',0,288,29,286,1626214974,1,287,3),(518,199,45,82,0,'promo_description',0,289,30,287,1626214974,1,288,3),(519,199,45,82,0,'promo_description',0,290,31,288,1626214974,1,289,3),(520,199,45,82,0,'promo_description',0,291,32,289,1626214974,1,290,3),(521,199,45,82,0,'promo_description',0,292,33,290,1626214974,1,291,3),(522,199,45,82,0,'promo_description',0,293,34,291,1626214974,1,292,3),(523,199,45,82,0,'promo_description',0,180,35,292,1626214974,1,293,3),(524,199,45,82,0,'promo_description',0,95,36,293,1626214974,1,180,3),(525,199,45,82,0,'promo_description',0,96,37,180,1626214974,1,95,3),(526,199,45,82,0,'promo_description',0,157,38,95,1626214974,1,96,3),(527,199,45,82,0,'promo_description',0,169,39,96,1626214974,1,157,3),(528,199,45,82,0,'promo_description',0,294,40,157,1626214974,1,169,3),(529,199,45,82,0,'promo_description',0,95,41,169,1626214974,1,294,3),(530,199,45,82,0,'promo_description',0,96,42,294,1626214974,1,95,3),(531,199,45,82,0,'promo_description',0,295,43,95,1626214974,1,96,3),(532,199,45,82,0,'promo_description',0,234,44,96,1626214974,1,295,3),(533,199,45,82,0,'promo_description',0,240,45,295,1626214974,1,234,3),(534,199,45,82,0,'promo_description',0,227,46,234,1626214974,1,240,3),(535,199,45,82,0,'promo_description',0,226,47,240,1626214974,1,227,3),(536,199,45,82,0,'promo_description',0,187,48,227,1626214974,1,226,3),(537,199,45,82,0,'promo_description',0,223,49,226,1626214974,1,187,3),(538,199,45,82,0,'promo_description',0,241,50,187,1626214974,1,223,3),(539,199,45,82,0,'promo_description',0,296,51,223,1626214974,1,241,3),(540,199,45,82,0,'promo_description',0,297,52,241,1626214974,1,296,3),(541,199,45,82,0,'promo_description',0,202,53,296,1626214974,1,297,3),(542,199,45,82,0,'promo_description',0,95,54,297,1626214974,1,202,3),(543,199,45,82,0,'promo_description',0,96,55,202,1626214974,1,95,3),(544,199,45,82,0,'promo_description',0,298,56,95,1626214974,1,96,3),(545,199,45,82,0,'promo_description',0,299,57,96,1626214974,1,298,3),(546,199,45,82,0,'promo_description',0,237,58,298,1626214974,1,299,3),(547,199,45,82,0,'promo_description',0,207,59,299,1626214974,1,237,3),(548,199,45,82,0,'promo_description',0,204,60,237,1626214974,1,207,3),(549,199,45,82,0,'promo_description',0,182,61,207,1626214974,1,204,3),(550,199,45,82,0,'promo_description',0,229,62,204,1626214974,1,182,3),(551,199,45,82,0,'promo_description',0,230,63,182,1626214974,1,229,3),(552,199,45,82,0,'promo_description',0,94,64,229,1626214974,1,230,3),(553,199,45,82,0,'promo_description',0,231,65,230,1626214974,1,94,3),(554,199,45,82,0,'promo_description',0,203,66,94,1626214974,1,231,3),(555,199,45,82,0,'promo_description',0,232,67,231,1626214974,1,203,3),(556,199,45,82,0,'promo_description',0,233,68,203,1626214974,1,232,3),(557,199,45,82,0,'promo_description',0,183,69,232,1626214974,1,233,3),(558,199,45,82,0,'promo_description',0,300,70,233,1626214974,1,183,3),(559,199,45,82,0,'promo_description',0,301,71,183,1626214974,1,300,3),(560,199,45,82,0,'promo_description',0,198,72,300,1626214974,1,301,3),(561,199,45,82,0,'promo_description',0,226,73,301,1626214974,1,198,3),(562,199,45,82,0,'promo_description',0,184,74,198,1626214974,1,226,3),(563,199,45,82,0,'promo_description',0,179,75,226,1626214974,1,184,3),(564,199,45,82,0,'promo_description',0,199,76,184,1626214974,1,179,3),(565,199,45,82,0,'promo_description',0,181,77,179,1626214974,1,199,3),(566,199,45,82,0,'promo_description',0,87,78,199,1626214974,1,181,3),(567,199,45,82,0,'promo_description',0,94,79,181,1626214974,1,87,3),(568,199,45,82,0,'promo_description',0,195,80,87,1626214974,1,94,3),(569,199,45,82,0,'promo_description',0,95,81,94,1626214974,1,195,3),(570,199,45,82,0,'promo_description',0,96,82,195,1626214974,1,95,3),(571,199,45,82,0,'promo_description',0,196,83,95,1626214974,1,96,3),(572,199,45,82,0,'promo_description',0,197,84,96,1626214974,1,196,3),(573,199,45,82,0,'promo_description',0,198,85,196,1626214974,1,197,3),(574,199,45,82,0,'promo_description',0,296,86,197,1626214974,1,198,3),(575,199,45,82,0,'promo_description',0,301,87,198,1626214974,1,296,3),(576,199,45,82,0,'promo_description',0,279,88,296,1626214974,1,301,3),(577,199,45,82,0,'promo_description',0,231,89,301,1626214974,1,279,3),(578,199,45,82,0,'promo_description',0,282,90,279,1626214974,1,231,3),(579,199,45,82,0,'promo_description',0,288,91,231,1626214974,1,282,3),(580,199,45,82,0,'promo_description',0,300,92,282,1626214974,1,288,3),(581,199,45,82,0,'promo_description',0,302,93,288,1626214974,1,300,3),(582,199,45,82,0,'promo_description',0,292,94,300,1626214974,1,302,3),(583,199,45,82,0,'promo_description',0,303,95,302,1626214974,1,292,3),(584,199,45,82,0,'promo_description',0,304,96,292,1626214974,1,303,3),(585,199,45,82,0,'promo_description',0,220,97,303,1626214974,1,304,3),(586,199,45,82,0,'promo_description',0,236,98,304,1626214974,1,220,3),(587,199,45,82,0,'promo_description',0,230,99,220,1626214974,1,236,3),(588,199,45,82,0,'promo_description',0,281,100,236,1626214974,1,230,3),(589,199,45,82,0,'promo_description',0,231,101,230,1626214974,1,281,3),(590,199,45,82,0,'promo_description',0,305,102,281,1626214974,1,231,3),(591,199,45,82,0,'promo_description',0,306,103,231,1626214974,1,305,3),(592,199,45,82,0,'promo_description',0,307,104,305,1626214974,1,306,3),(593,199,45,82,0,'promo_description',0,295,105,306,1626214974,1,307,3),(594,199,45,82,0,'promo_description',0,162,106,307,1626214974,1,295,3),(595,199,45,82,0,'promo_description',0,235,107,295,1626214974,1,162,3),(596,199,45,82,0,'promo_description',0,308,108,162,1626214974,1,235,3),(597,199,45,82,0,'promo_description',0,232,109,235,1626214974,1,308,3),(598,199,45,82,0,'promo_description',0,0,110,308,1626214974,1,232,3),(706,195,45,84,0,'title',0,226,0,0,1626475928,1,225,3),(707,195,45,84,0,'title',0,227,1,225,1626475928,1,226,3),(708,195,45,84,0,'title',0,228,2,226,1626475928,1,227,3),(709,195,45,84,0,'title',0,225,3,227,1626475928,1,228,3),(710,197,45,84,0,'promo_title',0,226,4,228,1626475928,1,225,3),(711,197,45,84,0,'promo_title',0,227,5,225,1626475928,1,226,3),(712,197,45,84,0,'promo_title',0,228,6,226,1626475928,1,227,3),(713,197,45,84,0,'promo_title',0,296,7,227,1626475928,1,228,3),(714,199,45,84,0,'promo_description',0,301,8,228,1626475928,1,296,3),(715,199,45,84,0,'promo_description',0,279,9,296,1626475928,1,301,3),(716,199,45,84,0,'promo_description',0,231,10,301,1626475928,1,279,3),(717,199,45,84,0,'promo_description',0,282,11,279,1626475928,1,231,3),(718,199,45,84,0,'promo_description',0,288,12,231,1626475928,1,282,3),(719,199,45,84,0,'promo_description',0,300,13,282,1626475928,1,288,3),(720,199,45,84,0,'promo_description',0,202,14,288,1626475928,1,300,3),(721,199,45,84,0,'promo_description',0,207,15,300,1626475928,1,202,3),(722,199,45,84,0,'promo_description',0,87,16,202,1626475928,1,207,3),(723,199,45,84,0,'promo_description',0,220,17,207,1626475928,1,87,3),(724,199,45,84,0,'promo_description',0,205,18,87,1626475928,1,220,3),(725,199,45,84,0,'promo_description',0,221,19,220,1626475928,1,205,3),(726,199,45,84,0,'promo_description',0,222,20,205,1626475928,1,221,3),(727,199,45,84,0,'promo_description',0,234,21,221,1626475928,1,222,3),(728,199,45,84,0,'promo_description',0,240,22,222,1626475928,1,234,3),(729,199,45,84,0,'promo_description',0,227,23,234,1626475928,1,240,3),(730,199,45,84,0,'promo_description',0,226,24,240,1626475928,1,227,3),(731,199,45,84,0,'promo_description',0,187,25,227,1626475928,1,226,3),(732,199,45,84,0,'promo_description',0,223,26,226,1626475928,1,187,3),(733,199,45,84,0,'promo_description',0,241,27,187,1626475928,1,223,3),(734,199,45,84,0,'promo_description',0,306,28,223,1626475928,1,241,3),(735,199,45,84,0,'promo_description',0,307,29,241,1626475928,1,306,3),(736,199,45,84,0,'promo_description',0,295,30,306,1626475928,1,307,3),(737,199,45,84,0,'promo_description',0,162,31,307,1626475928,1,295,3),(738,199,45,84,0,'promo_description',0,235,32,295,1626475928,1,162,3),(739,199,45,84,0,'promo_description',0,308,33,162,1626475928,1,235,3),(740,199,45,84,0,'promo_description',0,232,34,235,1626475928,1,308,3),(741,199,45,84,0,'promo_description',0,225,35,308,1626475928,1,232,3),(742,199,45,84,0,'promo_description',0,226,36,232,1626475928,1,225,3),(743,199,45,84,0,'promo_description',0,227,37,225,1626475928,1,226,3),(744,199,45,84,0,'promo_description',0,228,38,226,1626475928,1,227,3),(745,199,45,84,0,'promo_description',0,306,39,227,1626475928,1,228,3),(746,199,45,84,0,'promo_description',0,307,40,228,1626475928,1,306,3),(747,199,45,84,0,'promo_description',0,295,41,306,1626475928,1,307,3),(748,199,45,84,0,'promo_description',0,162,42,307,1626475928,1,295,3),(749,199,45,84,0,'promo_description',0,235,43,295,1626475928,1,162,3),(750,199,45,84,0,'promo_description',0,308,44,162,1626475928,1,235,3),(751,199,45,84,0,'promo_description',0,232,45,235,1626475928,1,308,3),(752,199,45,84,0,'promo_description',0,183,46,308,1626475928,1,232,3),(753,199,45,84,0,'promo_description',0,300,47,232,1626475928,1,183,3),(754,199,45,84,0,'promo_description',0,301,48,183,1626475928,1,300,3),(755,199,45,84,0,'promo_description',0,198,49,300,1626475928,1,301,3),(756,199,45,84,0,'promo_description',0,226,50,301,1626475928,1,198,3),(757,199,45,84,0,'promo_description',0,184,51,198,1626475928,1,226,3),(758,199,45,84,0,'promo_description',0,179,52,226,1626475928,1,184,3),(759,199,45,84,0,'promo_description',0,199,53,184,1626475928,1,179,3),(760,199,45,84,0,'promo_description',0,181,54,179,1626475928,1,199,3),(761,199,45,84,0,'promo_description',0,296,55,199,1626475928,1,181,3),(762,199,45,84,0,'promo_description',0,301,56,181,1626475928,1,296,3),(763,199,45,84,0,'promo_description',0,279,57,296,1626475928,1,301,3),(764,199,45,84,0,'promo_description',0,231,58,301,1626475928,1,279,3),(765,199,45,84,0,'promo_description',0,282,59,279,1626475928,1,231,3),(766,199,45,84,0,'promo_description',0,288,60,231,1626475928,1,282,3),(767,199,45,84,0,'promo_description',0,300,61,282,1626475928,1,288,3),(768,199,45,84,0,'promo_description',0,225,62,288,1626475928,1,300,3),(769,199,45,84,0,'promo_description',0,226,63,300,1626475928,1,225,3),(770,199,45,84,0,'promo_description',0,227,64,225,1626475928,1,226,3),(771,199,45,84,0,'promo_description',0,228,65,226,1626475928,1,227,3),(772,199,45,84,0,'promo_description',0,296,66,227,1626475928,1,228,3),(773,199,45,84,0,'promo_description',0,315,67,228,1626475928,1,296,3),(774,199,45,84,0,'promo_description',0,316,68,296,1626475928,1,315,3),(775,199,45,84,0,'promo_description',0,224,69,315,1626475928,1,316,3),(776,199,45,84,0,'promo_description',0,231,70,316,1626475928,1,224,3),(777,199,45,84,0,'promo_description',0,317,71,224,1626475928,1,231,3),(778,199,45,84,0,'promo_description',0,286,72,231,1626475928,1,317,3),(779,199,45,84,0,'promo_description',0,223,73,317,1626475928,1,286,3),(780,199,45,84,0,'promo_description',0,238,74,286,1626475928,1,223,3),(781,199,45,84,0,'promo_description',0,318,75,223,1626475928,1,238,3),(782,199,45,84,0,'promo_description',0,0,76,238,1626475928,1,318,3),(783,195,45,85,0,'title',0,315,0,0,1626476557,1,296,3),(784,195,45,85,0,'title',0,316,1,296,1626476557,1,315,3),(785,195,45,85,0,'title',0,296,2,315,1626476557,1,316,3),(786,197,45,85,0,'promo_title',0,315,3,316,1626476557,1,296,3),(787,197,45,85,0,'promo_title',0,316,4,296,1626476557,1,315,3),(788,197,45,85,0,'promo_title',0,296,5,315,1626476557,1,316,3),(789,199,45,85,0,'promo_description',0,315,6,316,1626476557,1,296,3),(790,199,45,85,0,'promo_description',0,316,7,296,1626476557,1,315,3),(791,199,45,85,0,'promo_description',0,224,8,315,1626476557,1,316,3),(792,199,45,85,0,'promo_description',0,231,9,316,1626476557,1,224,3),(793,199,45,85,0,'promo_description',0,317,10,224,1626476557,1,231,3),(794,199,45,85,0,'promo_description',0,286,11,231,1626476557,1,317,3),(795,199,45,85,0,'promo_description',0,223,12,317,1626476557,1,286,3),(796,199,45,85,0,'promo_description',0,238,13,286,1626476557,1,223,3),(797,199,45,85,0,'promo_description',0,318,14,223,1626476557,1,238,3),(798,199,45,85,0,'promo_description',0,87,15,238,1626476557,1,318,3),(799,199,45,85,0,'promo_description',0,94,16,318,1626476557,1,87,3),(800,199,45,85,0,'promo_description',0,195,17,87,1626476557,1,94,3),(801,199,45,85,0,'promo_description',0,95,18,94,1626476557,1,195,3),(802,199,45,85,0,'promo_description',0,96,19,195,1626476557,1,95,3),(803,199,45,85,0,'promo_description',0,196,20,95,1626476557,1,96,3),(804,199,45,85,0,'promo_description',0,197,21,96,1626476557,1,196,3),(805,199,45,85,0,'promo_description',0,198,22,196,1626476557,1,197,3),(806,199,45,85,0,'promo_description',0,87,23,197,1626476557,1,198,3),(807,199,45,85,0,'promo_description',0,94,24,198,1626476557,1,87,3),(808,199,45,85,0,'promo_description',0,195,25,87,1626476557,1,94,3),(809,199,45,85,0,'promo_description',0,95,26,94,1626476557,1,195,3),(810,199,45,85,0,'promo_description',0,96,27,195,1626476557,1,95,3),(811,199,45,85,0,'promo_description',0,196,28,95,1626476557,1,96,3),(812,199,45,85,0,'promo_description',0,197,29,96,1626476557,1,196,3),(813,199,45,85,0,'promo_description',0,198,30,196,1626476557,1,197,3),(814,199,45,85,0,'promo_description',0,291,31,197,1626476557,1,198,3),(815,199,45,85,0,'promo_description',0,319,32,198,1626476557,1,291,3),(816,199,45,85,0,'promo_description',0,320,33,291,1626476557,1,319,3),(817,199,45,85,0,'promo_description',0,321,34,319,1626476557,1,320,3),(818,199,45,85,0,'promo_description',0,226,35,320,1626476557,1,321,3),(819,199,45,85,0,'promo_description',0,221,36,321,1626476557,1,226,3),(820,199,45,85,0,'promo_description',0,296,37,226,1626476557,1,221,3),(821,199,45,85,0,'promo_description',0,315,38,221,1626476557,1,296,3),(822,199,45,85,0,'promo_description',0,316,39,296,1626476557,1,315,3),(823,199,45,85,0,'promo_description',0,224,40,315,1626476557,1,316,3),(824,199,45,85,0,'promo_description',0,231,41,316,1626476557,1,224,3),(825,199,45,85,0,'promo_description',0,317,42,224,1626476557,1,231,3),(826,199,45,85,0,'promo_description',0,286,43,231,1626476557,1,317,3),(827,199,45,85,0,'promo_description',0,223,44,317,1626476557,1,286,3),(828,199,45,85,0,'promo_description',0,238,45,286,1626476557,1,223,3),(829,199,45,85,0,'promo_description',0,318,46,223,1626476557,1,238,3),(830,199,45,85,0,'promo_description',0,296,47,238,1626476557,1,318,3),(831,199,45,85,0,'promo_description',0,297,48,318,1626476557,1,296,3),(832,199,45,85,0,'promo_description',0,202,49,296,1626476557,1,297,3),(833,199,45,85,0,'promo_description',0,95,50,297,1626476557,1,202,3),(834,199,45,85,0,'promo_description',0,96,51,202,1626476557,1,95,3),(835,199,45,85,0,'promo_description',0,298,52,95,1626476557,1,96,3),(836,199,45,85,0,'promo_description',0,299,53,96,1626476557,1,298,3),(837,199,45,85,0,'promo_description',0,237,54,298,1626476557,1,299,3),(838,199,45,85,0,'promo_description',0,207,55,299,1626476557,1,237,3),(839,199,45,85,0,'promo_description',0,204,56,237,1626476557,1,207,3),(840,199,45,85,0,'promo_description',0,182,57,207,1626476557,1,204,3),(841,199,45,85,0,'promo_description',0,183,58,204,1626476557,1,182,3),(842,199,45,85,0,'promo_description',0,300,59,182,1626476557,1,183,3),(843,199,45,85,0,'promo_description',0,301,60,183,1626476557,1,300,3),(844,199,45,85,0,'promo_description',0,198,61,300,1626476557,1,301,3),(845,199,45,85,0,'promo_description',0,226,62,301,1626476557,1,198,3),(846,199,45,85,0,'promo_description',0,184,63,198,1626476557,1,226,3),(847,199,45,85,0,'promo_description',0,179,64,226,1626476557,1,184,3),(848,199,45,85,0,'promo_description',0,199,65,184,1626476557,1,179,3),(849,199,45,85,0,'promo_description',0,181,66,179,1626476557,1,199,3),(850,199,45,85,0,'promo_description',0,234,67,199,1626476557,1,181,3),(851,199,45,85,0,'promo_description',0,240,68,181,1626476557,1,234,3),(852,199,45,85,0,'promo_description',0,227,69,234,1626476557,1,240,3),(853,199,45,85,0,'promo_description',0,226,70,240,1626476557,1,227,3),(854,199,45,85,0,'promo_description',0,187,71,227,1626476557,1,226,3),(855,199,45,85,0,'promo_description',0,223,72,226,1626476557,1,187,3),(856,199,45,85,0,'promo_description',0,241,73,187,1626476557,1,223,3),(857,199,45,85,0,'promo_description',0,322,74,223,1626476557,1,241,3),(858,199,45,85,0,'promo_description',0,323,75,241,1626476557,1,322,3),(859,199,45,85,0,'promo_description',0,177,76,322,1626476557,1,323,3),(860,199,45,85,0,'promo_description',0,237,77,323,1626476557,1,177,3),(861,199,45,85,0,'promo_description',0,181,78,177,1626476557,1,237,3),(862,199,45,85,0,'promo_description',0,229,79,237,1626476557,1,181,3),(863,199,45,85,0,'promo_description',0,324,80,181,1626476557,1,229,3),(864,199,45,85,0,'promo_description',0,325,81,229,1626476557,1,324,3),(865,199,45,85,0,'promo_description',0,297,82,324,1626476557,1,325,3),(866,199,45,85,0,'promo_description',0,303,83,325,1626476557,1,297,3),(867,199,45,85,0,'promo_description',0,162,84,297,1626476557,1,303,3),(868,199,45,85,0,'promo_description',0,223,85,303,1626476557,1,162,3),(869,199,45,85,0,'promo_description',0,182,86,162,1626476557,1,223,3),(870,199,45,85,0,'promo_description',0,179,87,223,1626476557,1,182,3),(871,199,45,85,0,'promo_description',0,0,88,182,1626476557,1,179,3),(971,190,44,83,0,'title',0,223,0,0,1626475828,1,162,3),(972,190,44,83,0,'title',0,182,1,162,1626475828,1,223,3),(973,190,44,83,0,'title',0,179,2,223,1626475828,1,182,3),(974,190,44,83,0,'title',0,162,3,182,1626475828,1,179,3),(975,192,44,83,0,'promo_title',0,223,4,179,1626475828,1,162,3),(976,192,44,83,0,'promo_title',0,182,5,162,1626475828,1,223,3),(977,192,44,83,0,'promo_title',0,179,6,223,1626475828,1,182,3),(978,192,44,83,0,'promo_title',0,162,7,182,1626475828,1,179,3),(979,194,44,83,0,'promo_description',0,223,8,179,1626475828,1,162,3),(980,194,44,83,0,'promo_description',0,182,9,162,1626475828,1,223,3),(981,194,44,83,0,'promo_description',0,179,10,223,1626475828,1,182,3),(982,194,44,83,0,'promo_description',0,225,11,182,1626475828,1,179,3),(983,194,44,83,0,'promo_description',0,226,12,179,1626475828,1,225,3),(984,194,44,83,0,'promo_description',0,227,13,225,1626475828,1,226,3),(985,194,44,83,0,'promo_description',0,228,14,226,1626475828,1,227,3),(986,194,44,83,0,'promo_description',0,291,15,227,1626475828,1,228,3),(987,194,44,83,0,'promo_description',0,201,16,228,1626475828,1,291,3),(988,194,44,83,0,'promo_description',0,328,17,291,1626475828,1,201,3),(989,194,44,83,0,'promo_description',0,221,18,201,1626475828,1,328,3),(990,194,44,83,0,'promo_description',0,277,19,328,1626475828,1,221,3),(991,194,44,83,0,'promo_description',0,204,20,221,1626475828,1,277,3),(992,194,44,83,0,'promo_description',0,278,21,277,1626475828,1,204,3),(993,194,44,83,0,'promo_description',0,95,22,204,1626475828,1,278,3),(994,194,44,83,0,'promo_description',0,96,23,278,1626475828,1,95,3),(995,194,44,83,0,'promo_description',0,279,24,95,1626475828,1,96,3),(996,194,44,83,0,'promo_description',0,280,25,96,1626475828,1,279,3),(997,194,44,83,0,'promo_description',0,281,26,279,1626475828,1,280,3),(998,194,44,83,0,'promo_description',0,162,27,280,1626475828,1,281,3),(999,194,44,83,0,'promo_description',0,95,28,281,1626475828,1,162,3),(1000,194,44,83,0,'promo_description',0,96,29,162,1626475828,1,95,3),(1001,194,44,83,0,'promo_description',0,282,30,95,1626475828,1,96,3),(1002,194,44,83,0,'promo_description',0,296,31,96,1626475828,1,282,3),(1003,194,44,83,0,'promo_description',0,301,32,282,1626475828,1,296,3),(1004,194,44,83,0,'promo_description',0,279,33,296,1626475828,1,301,3),(1005,194,44,83,0,'promo_description',0,231,34,301,1626475828,1,279,3),(1006,194,44,83,0,'promo_description',0,282,35,279,1626475828,1,231,3),(1007,194,44,83,0,'promo_description',0,288,36,231,1626475828,1,282,3),(1008,194,44,83,0,'promo_description',0,300,37,282,1626475828,1,288,3),(1009,194,44,83,0,'promo_description',0,302,38,288,1626475828,1,300,3),(1010,194,44,83,0,'promo_description',0,292,39,300,1626475828,1,302,3),(1011,194,44,83,0,'promo_description',0,303,40,302,1626475828,1,292,3),(1012,194,44,83,0,'promo_description',0,304,41,292,1626475828,1,303,3),(1013,194,44,83,0,'promo_description',0,220,42,303,1626475828,1,304,3),(1014,194,44,83,0,'promo_description',0,236,43,304,1626475828,1,220,3),(1015,194,44,83,0,'promo_description',0,230,44,220,1626475828,1,236,3),(1016,194,44,83,0,'promo_description',0,281,45,236,1626475828,1,230,3),(1017,194,44,83,0,'promo_description',0,231,46,230,1626475828,1,281,3),(1018,194,44,83,0,'promo_description',0,305,47,281,1626475828,1,231,3),(1019,194,44,83,0,'promo_description',0,296,48,231,1626475828,1,305,3),(1020,194,44,83,0,'promo_description',0,297,49,305,1626475828,1,296,3),(1021,194,44,83,0,'promo_description',0,202,50,296,1626475828,1,297,3),(1022,194,44,83,0,'promo_description',0,95,51,297,1626475828,1,202,3),(1023,194,44,83,0,'promo_description',0,96,52,202,1626475828,1,95,3),(1024,194,44,83,0,'promo_description',0,298,53,95,1626475828,1,96,3),(1025,194,44,83,0,'promo_description',0,299,54,96,1626475828,1,298,3),(1026,194,44,83,0,'promo_description',0,237,55,298,1626475828,1,299,3),(1027,194,44,83,0,'promo_description',0,207,56,299,1626475828,1,237,3),(1028,194,44,83,0,'promo_description',0,204,57,237,1626475828,1,207,3),(1029,194,44,83,0,'promo_description',0,182,58,207,1626475828,1,204,3),(1030,194,44,83,0,'promo_description',0,277,59,204,1626475828,1,182,3),(1031,194,44,83,0,'promo_description',0,283,60,182,1626475828,1,277,3),(1032,194,44,83,0,'promo_description',0,94,61,277,1626475828,1,283,3),(1033,194,44,83,0,'promo_description',0,284,62,283,1626475828,1,94,3),(1034,194,44,83,0,'promo_description',0,230,63,94,1626475828,1,284,3),(1035,194,44,83,0,'promo_description',0,200,64,284,1626475828,1,230,3),(1036,194,44,83,0,'promo_description',0,203,65,230,1626475828,1,200,3),(1037,194,44,83,0,'promo_description',0,285,66,200,1626475828,1,203,3),(1038,194,44,83,0,'promo_description',0,286,67,203,1626475828,1,285,3),(1039,194,44,83,0,'promo_description',0,287,68,285,1626475828,1,286,3),(1040,194,44,83,0,'promo_description',0,288,69,286,1626475828,1,287,3),(1041,194,44,83,0,'promo_description',0,289,70,287,1626475828,1,288,3),(1042,194,44,83,0,'promo_description',0,290,71,288,1626475828,1,289,3),(1043,194,44,83,0,'promo_description',0,291,72,289,1626475828,1,290,3),(1044,194,44,83,0,'promo_description',0,292,73,290,1626475828,1,291,3),(1045,194,44,83,0,'promo_description',0,293,74,291,1626475828,1,292,3),(1046,194,44,83,0,'promo_description',0,180,75,292,1626475828,1,293,3),(1047,194,44,83,0,'promo_description',0,95,76,293,1626475828,1,180,3),(1048,194,44,83,0,'promo_description',0,96,77,180,1626475828,1,95,3),(1049,194,44,83,0,'promo_description',0,157,78,95,1626475828,1,96,3),(1050,194,44,83,0,'promo_description',0,169,79,96,1626475828,1,157,3),(1051,194,44,83,0,'promo_description',0,294,80,157,1626475828,1,169,3),(1052,194,44,83,0,'promo_description',0,95,81,169,1626475828,1,294,3),(1053,194,44,83,0,'promo_description',0,96,82,294,1626475828,1,95,3),(1054,194,44,83,0,'promo_description',0,295,83,95,1626475828,1,96,3),(1055,194,44,83,0,'promo_description',0,162,84,96,1626475828,1,295,3),(1056,194,44,83,0,'promo_description',0,223,85,295,1626475828,1,162,3),(1057,194,44,83,0,'promo_description',0,182,86,162,1626475828,1,223,3),(1058,194,44,83,0,'promo_description',0,179,87,223,1626475828,1,182,3),(1059,194,44,83,0,'promo_description',0,87,88,182,1626475828,1,179,3),(1060,194,44,83,0,'promo_description',0,94,89,179,1626475828,1,87,3),(1061,194,44,83,0,'promo_description',0,195,90,87,1626475828,1,94,3),(1062,194,44,83,0,'promo_description',0,95,91,94,1626475828,1,195,3),(1063,194,44,83,0,'promo_description',0,96,92,195,1626475828,1,95,3),(1064,194,44,83,0,'promo_description',0,196,93,95,1626475828,1,96,3),(1065,194,44,83,0,'promo_description',0,197,94,96,1626475828,1,196,3),(1066,194,44,83,0,'promo_description',0,198,95,196,1626475828,1,197,3),(1067,194,44,83,0,'promo_description',0,0,96,197,1626475828,1,198,3),(1097,195,45,63,0,'title',0,94,0,0,1624034263,1,87,3),(1098,195,45,63,0,'title',0,95,1,87,1624034263,1,94,3),(1099,195,45,63,0,'title',0,96,2,94,1624034263,1,95,3),(1100,195,45,63,0,'title',0,183,3,95,1624034263,1,96,3),(1101,197,45,63,0,'promo_title',0,300,4,96,1624034263,1,183,3),(1102,197,45,63,0,'promo_title',0,301,5,183,1624034263,1,300,3),(1103,197,45,63,0,'promo_title',0,198,6,300,1624034263,1,301,3),(1104,197,45,63,0,'promo_title',0,183,7,301,1624034263,1,198,3),(1105,199,45,63,0,'promo_description',0,300,8,198,1624034263,1,183,3),(1106,199,45,63,0,'promo_description',0,301,9,183,1624034263,1,300,3),(1107,199,45,63,0,'promo_description',0,198,10,300,1624034263,1,301,3),(1108,199,45,63,0,'promo_description',0,226,11,301,1624034263,1,198,3),(1109,199,45,63,0,'promo_description',0,184,12,198,1624034263,1,226,3),(1110,199,45,63,0,'promo_description',0,179,13,226,1624034263,1,184,3),(1111,199,45,63,0,'promo_description',0,199,14,184,1624034263,1,179,3),(1112,199,45,63,0,'promo_description',0,181,15,179,1624034263,1,199,3),(1113,199,45,63,0,'promo_description',0,225,16,199,1624034263,1,181,3),(1114,199,45,63,0,'promo_description',0,226,17,181,1624034263,1,225,3),(1115,199,45,63,0,'promo_description',0,227,18,225,1624034263,1,226,3),(1116,199,45,63,0,'promo_description',0,228,19,226,1624034263,1,227,3),(1117,199,45,63,0,'promo_description',0,322,20,227,1624034263,1,228,3),(1118,199,45,63,0,'promo_description',0,323,21,228,1624034263,1,322,3),(1119,199,45,63,0,'promo_description',0,177,22,322,1624034263,1,323,3),(1120,199,45,63,0,'promo_description',0,237,23,323,1624034263,1,177,3),(1121,199,45,63,0,'promo_description',0,181,24,177,1624034263,1,237,3),(1122,199,45,63,0,'promo_description',0,229,25,237,1624034263,1,181,3),(1123,199,45,63,0,'promo_description',0,324,26,181,1624034263,1,229,3),(1124,199,45,63,0,'promo_description',0,325,27,229,1624034263,1,324,3),(1125,199,45,63,0,'promo_description',0,297,28,324,1624034263,1,325,3),(1126,199,45,63,0,'promo_description',0,303,29,325,1624034263,1,297,3),(1127,199,45,63,0,'promo_description',0,322,30,297,1624034263,1,303,3),(1128,199,45,63,0,'promo_description',0,323,31,303,1624034263,1,322,3),(1129,199,45,63,0,'promo_description',0,177,32,322,1624034263,1,323,3),(1130,199,45,63,0,'promo_description',0,237,33,323,1624034263,1,177,3),(1131,199,45,63,0,'promo_description',0,181,34,177,1624034263,1,237,3),(1132,199,45,63,0,'promo_description',0,229,35,237,1624034263,1,181,3),(1133,199,45,63,0,'promo_description',0,324,36,181,1624034263,1,229,3),(1134,199,45,63,0,'promo_description',0,325,37,229,1624034263,1,324,3),(1135,199,45,63,0,'promo_description',0,297,38,324,1624034263,1,325,3),(1136,199,45,63,0,'promo_description',0,303,39,325,1624034263,1,297,3),(1137,199,45,63,0,'promo_description',0,322,40,297,1624034263,1,303,3),(1138,199,45,63,0,'promo_description',0,323,41,303,1624034263,1,322,3),(1139,199,45,63,0,'promo_description',0,177,42,322,1624034263,1,323,3),(1140,199,45,63,0,'promo_description',0,237,43,323,1624034263,1,177,3),(1141,199,45,63,0,'promo_description',0,181,44,177,1624034263,1,237,3),(1142,199,45,63,0,'promo_description',0,229,45,237,1624034263,1,181,3),(1143,199,45,63,0,'promo_description',0,324,46,181,1624034263,1,229,3),(1144,199,45,63,0,'promo_description',0,325,47,229,1624034263,1,324,3),(1145,199,45,63,0,'promo_description',0,297,48,324,1624034263,1,325,3),(1146,199,45,63,0,'promo_description',0,303,49,325,1624034263,1,297,3),(1147,199,45,63,0,'promo_description',0,277,50,297,1624034263,1,303,3),(1148,199,45,63,0,'promo_description',0,204,51,303,1624034263,1,277,3),(1149,199,45,63,0,'promo_description',0,278,52,277,1624034263,1,204,3),(1150,199,45,63,0,'promo_description',0,95,53,204,1624034263,1,278,3),(1151,199,45,63,0,'promo_description',0,96,54,278,1624034263,1,95,3),(1152,199,45,63,0,'promo_description',0,279,55,95,1624034263,1,96,3),(1153,199,45,63,0,'promo_description',0,280,56,96,1624034263,1,279,3),(1154,199,45,63,0,'promo_description',0,281,57,279,1624034263,1,280,3),(1155,199,45,63,0,'promo_description',0,162,58,280,1624034263,1,281,3),(1156,199,45,63,0,'promo_description',0,95,59,281,1624034263,1,162,3),(1157,199,45,63,0,'promo_description',0,96,60,162,1624034263,1,95,3),(1158,199,45,63,0,'promo_description',0,282,61,95,1624034263,1,96,3),(1159,199,45,63,0,'promo_description',0,322,62,96,1624034263,1,282,3),(1160,199,45,63,0,'promo_description',0,323,63,282,1624034263,1,322,3),(1161,199,45,63,0,'promo_description',0,177,64,322,1624034263,1,323,3),(1162,199,45,63,0,'promo_description',0,237,65,323,1624034263,1,177,3),(1163,199,45,63,0,'promo_description',0,181,66,177,1624034263,1,237,3),(1164,199,45,63,0,'promo_description',0,229,67,237,1624034263,1,181,3),(1165,199,45,63,0,'promo_description',0,324,68,181,1624034263,1,229,3),(1166,199,45,63,0,'promo_description',0,325,69,229,1624034263,1,324,3),(1167,199,45,63,0,'promo_description',0,297,70,324,1624034263,1,325,3),(1168,199,45,63,0,'promo_description',0,303,71,325,1624034263,1,297,3),(1169,199,45,63,0,'promo_description',0,202,72,297,1624034263,1,303,3),(1170,199,45,63,0,'promo_description',0,223,73,303,1624034263,1,202,3),(1171,199,45,63,0,'promo_description',0,224,74,202,1624034263,1,223,3),(1172,199,45,63,0,'promo_description',0,184,75,223,1624034263,1,224,3),(1173,199,45,63,0,'promo_description',0,183,76,224,1624034263,1,184,3),(1174,199,45,63,0,'promo_description',0,300,77,184,1624034263,1,183,3),(1175,199,45,63,0,'promo_description',0,301,78,183,1624034263,1,300,3),(1176,199,45,63,0,'promo_description',0,198,79,300,1624034263,1,301,3),(1177,199,45,63,0,'promo_description',0,226,80,301,1624034263,1,198,3),(1178,199,45,63,0,'promo_description',0,184,81,198,1624034263,1,226,3),(1179,199,45,63,0,'promo_description',0,179,82,226,1624034263,1,184,3),(1180,199,45,63,0,'promo_description',0,199,83,184,1624034263,1,179,3),(1181,199,45,63,0,'promo_description',0,181,84,179,1624034263,1,199,3),(1182,199,45,63,0,'promo_description',0,277,85,199,1624034263,1,181,3),(1183,199,45,63,0,'promo_description',0,204,86,181,1624034263,1,277,3),(1184,199,45,63,0,'promo_description',0,278,87,277,1624034263,1,204,3),(1185,199,45,63,0,'promo_description',0,95,88,204,1624034263,1,278,3),(1186,199,45,63,0,'promo_description',0,96,89,278,1624034263,1,95,3),(1187,199,45,63,0,'promo_description',0,279,90,95,1624034263,1,96,3),(1188,199,45,63,0,'promo_description',0,280,91,96,1624034263,1,279,3),(1189,199,45,63,0,'promo_description',0,281,92,279,1624034263,1,280,3),(1190,199,45,63,0,'promo_description',0,162,93,280,1624034263,1,281,3),(1191,199,45,63,0,'promo_description',0,95,94,281,1624034263,1,162,3),(1192,199,45,63,0,'promo_description',0,96,95,162,1624034263,1,95,3),(1193,199,45,63,0,'promo_description',0,282,96,95,1624034263,1,96,3),(1194,199,45,63,0,'promo_description',0,0,97,96,1624034263,1,282,3),(1197,217,50,86,0,'title',0,340,0,0,1627068312,1,339,3),(1198,217,50,86,0,'title',0,103,1,339,1627068312,1,340,3),(1199,217,50,86,0,'title',0,341,2,340,1627068312,1,103,3),(1200,217,50,86,0,'title',0,335,3,103,1627068312,1,341,3),(1201,216,50,86,0,'external_link',0,336,4,341,1627068312,1,335,3),(1202,216,50,86,0,'external_link',0,337,5,335,1627068312,1,336,3),(1203,216,50,86,0,'external_link',0,0,6,336,1627068312,1,337,3),(1225,217,50,88,0,'title',0,340,0,0,1627068373,1,339,3),(1226,217,50,88,0,'title',0,103,1,339,1627068373,1,340,3),(1227,217,50,88,0,'title',0,343,2,340,1627068373,1,103,3),(1228,217,50,88,0,'title',0,0,3,103,1627068373,1,343,3),(1231,217,50,87,0,'title',0,340,0,0,1627068326,1,339,3),(1232,217,50,87,0,'title',0,103,1,339,1627068326,1,340,3),(1233,217,50,87,0,'title',0,345,2,340,1627068326,1,103,3),(1234,217,50,87,0,'title',0,334,3,103,1627068326,1,345,3),(1235,216,50,87,0,'external_link',0,335,4,345,1627068326,1,334,3),(1236,216,50,87,0,'external_link',0,336,5,334,1627068326,1,335,3),(1237,216,50,87,0,'external_link',0,337,6,335,1627068326,1,336,3),(1238,216,50,87,0,'external_link',0,0,7,336,1627068326,1,337,3),(1241,200,46,89,0,'title',0,230,0,0,1627081305,3,229,3),(1242,200,46,89,0,'title',0,94,1,229,1627081305,3,230,3),(1243,200,46,89,0,'title',0,277,2,230,1627081305,3,94,3),(1244,204,46,89,0,'description',0,204,3,94,1627081305,3,277,3),(1245,204,46,89,0,'description',0,278,4,277,1627081305,3,204,3),(1246,204,46,89,0,'description',0,95,5,204,1627081305,3,278,3),(1247,204,46,89,0,'description',0,96,6,278,1627081305,3,95,3),(1248,204,46,89,0,'description',0,279,7,95,1627081305,3,96,3),(1249,204,46,89,0,'description',0,280,8,96,1627081305,3,279,3),(1250,204,46,89,0,'description',0,281,9,279,1627081305,3,280,3),(1251,204,46,89,0,'description',0,162,10,280,1627081305,3,281,3),(1252,204,46,89,0,'description',0,95,11,281,1627081305,3,162,3),(1253,204,46,89,0,'description',0,96,12,162,1627081305,3,95,3),(1254,204,46,89,0,'description',0,282,13,95,1627081305,3,96,3),(1255,204,46,89,0,'description',0,183,14,96,1627081305,3,282,3),(1256,204,46,89,0,'description',0,300,15,282,1627081305,3,183,3),(1257,204,46,89,0,'description',0,301,16,183,1627081305,3,300,3),(1258,204,46,89,0,'description',0,198,17,300,1627081305,3,301,3),(1259,204,46,89,0,'description',0,226,18,301,1627081305,3,198,3),(1260,204,46,89,0,'description',0,184,19,198,1627081305,3,226,3),(1261,204,46,89,0,'description',0,179,20,226,1627081305,3,184,3),(1262,204,46,89,0,'description',0,199,21,184,1627081305,3,179,3),(1263,204,46,89,0,'description',0,181,22,179,1627081305,3,199,3),(1264,204,46,89,0,'description',0,296,23,199,1627081305,3,181,3),(1265,204,46,89,0,'description',0,301,24,181,1627081305,3,296,3),(1266,204,46,89,0,'description',0,279,25,296,1627081305,3,301,3),(1267,204,46,89,0,'description',0,231,26,301,1627081305,3,279,3),(1268,204,46,89,0,'description',0,282,27,279,1627081305,3,231,3),(1269,204,46,89,0,'description',0,288,28,231,1627081305,3,282,3),(1270,204,46,89,0,'description',0,300,29,282,1627081305,3,288,3),(1271,204,46,89,0,'description',0,162,30,288,1627081305,3,300,3),(1272,204,46,89,0,'description',0,223,31,300,1627081305,3,162,3),(1273,204,46,89,0,'description',0,182,32,162,1627081305,3,223,3),(1274,204,46,89,0,'description',0,179,33,223,1627081305,3,182,3),(1275,204,46,89,0,'description',0,234,34,182,1627081305,3,179,3),(1276,204,46,89,0,'description',0,235,35,179,1627081305,3,234,3),(1277,204,46,89,0,'description',0,208,36,234,1627081305,3,235,3),(1278,204,46,89,0,'description',0,236,37,235,1627081305,3,208,3),(1279,204,46,89,0,'description',0,226,38,208,1627081305,3,236,3),(1280,204,46,89,0,'description',0,196,39,236,1627081305,3,226,3),(1281,204,46,89,0,'description',0,162,40,226,1627081305,3,196,3),(1282,204,46,89,0,'description',0,237,41,196,1627081305,3,162,3),(1283,204,46,89,0,'description',0,238,42,162,1627081305,3,237,3),(1284,204,46,89,0,'description',0,239,43,237,1627081305,3,238,3),(1285,204,46,89,0,'description',0,277,44,238,1627081305,3,239,3),(1286,204,46,89,0,'description',0,204,45,239,1627081305,3,277,3),(1287,204,46,89,0,'description',0,278,46,277,1627081305,3,204,3),(1288,204,46,89,0,'description',0,95,47,204,1627081305,3,278,3),(1289,204,46,89,0,'description',0,96,48,278,1627081305,3,95,3),(1290,204,46,89,0,'description',0,279,49,95,1627081305,3,96,3),(1291,204,46,89,0,'description',0,280,50,96,1627081305,3,279,3),(1292,204,46,89,0,'description',0,281,51,279,1627081305,3,280,3),(1293,204,46,89,0,'description',0,162,52,280,1627081305,3,281,3),(1294,204,46,89,0,'description',0,95,53,281,1627081305,3,162,3),(1295,204,46,89,0,'description',0,96,54,162,1627081305,3,95,3),(1296,204,46,89,0,'description',0,282,55,95,1627081305,3,96,3),(1297,204,46,89,0,'description',0,291,56,96,1627081305,3,282,3),(1298,204,46,89,0,'description',0,319,57,282,1627081305,3,291,3),(1299,204,46,89,0,'description',0,320,58,291,1627081305,3,319,3),(1300,204,46,89,0,'description',0,321,59,319,1627081305,3,320,3),(1301,204,46,89,0,'description',0,226,60,320,1627081305,3,321,3),(1302,204,46,89,0,'description',0,221,61,321,1627081305,3,226,3),(1303,204,46,89,0,'description',0,302,62,226,1627081305,3,221,3),(1304,204,46,89,0,'description',0,292,63,221,1627081305,3,302,3),(1305,204,46,89,0,'description',0,303,64,302,1627081305,3,292,3),(1306,204,46,89,0,'description',0,304,65,292,1627081305,3,303,3),(1307,204,46,89,0,'description',0,220,66,303,1627081305,3,304,3),(1308,204,46,89,0,'description',0,236,67,304,1627081305,3,220,3),(1309,204,46,89,0,'description',0,230,68,220,1627081305,3,236,3),(1310,204,46,89,0,'description',0,281,69,236,1627081305,3,230,3),(1311,204,46,89,0,'description',0,231,70,230,1627081305,3,281,3),(1312,204,46,89,0,'description',0,305,71,281,1627081305,3,231,3),(1313,204,46,89,0,'description',0,296,72,231,1627081305,3,305,3),(1314,204,46,89,0,'description',0,301,73,305,1627081305,3,296,3),(1315,204,46,89,0,'description',0,279,74,296,1627081305,3,301,3),(1316,204,46,89,0,'description',0,231,75,301,1627081305,3,279,3),(1317,204,46,89,0,'description',0,282,76,279,1627081305,3,231,3),(1318,204,46,89,0,'description',0,288,77,231,1627081305,3,282,3),(1319,204,46,89,0,'description',0,300,78,282,1627081305,3,288,3),(1320,204,46,89,0,'description',0,202,79,288,1627081305,3,300,3),(1321,204,46,89,0,'description',0,223,80,300,1627081305,3,202,3),(1322,204,46,89,0,'description',0,224,81,202,1627081305,3,223,3),(1323,204,46,89,0,'description',0,184,82,223,1627081305,3,224,3),(1324,204,46,89,0,'description',0,347,83,224,1627081305,3,184,3),(1325,202,46,89,0,'cta_label',0,348,84,184,1627081305,3,347,3),(1326,202,46,89,0,'cta_label',0,334,85,347,1627081305,3,348,3),(1327,205,46,89,0,'external_link',0,335,86,348,1627081305,3,334,3),(1328,205,46,89,0,'external_link',0,336,87,334,1627081305,3,335,3),(1329,205,46,89,0,'external_link',0,337,88,335,1627081305,3,336,3),(1330,205,46,89,0,'external_link',0,0,89,336,1627081305,3,337,3),(1421,200,46,90,0,'title',0,223,0,0,1627081333,3,202,3),(1422,200,46,90,0,'title',0,224,1,202,1627081333,3,223,3),(1423,200,46,90,0,'title',0,184,2,223,1627081333,3,224,3),(1424,200,46,90,0,'title',0,277,3,224,1627081333,3,184,3),(1425,204,46,90,0,'description',0,204,4,184,1627081333,3,277,3),(1426,204,46,90,0,'description',0,278,5,277,1627081333,3,204,3),(1427,204,46,90,0,'description',0,95,6,204,1627081333,3,278,3),(1428,204,46,90,0,'description',0,96,7,278,1627081333,3,95,3),(1429,204,46,90,0,'description',0,279,8,95,1627081333,3,96,3),(1430,204,46,90,0,'description',0,280,9,96,1627081333,3,279,3),(1431,204,46,90,0,'description',0,281,10,279,1627081333,3,280,3),(1432,204,46,90,0,'description',0,162,11,280,1627081333,3,281,3),(1433,204,46,90,0,'description',0,95,12,281,1627081333,3,162,3),(1434,204,46,90,0,'description',0,96,13,162,1627081333,3,95,3),(1435,204,46,90,0,'description',0,282,14,95,1627081333,3,96,3),(1436,204,46,90,0,'description',0,183,15,96,1627081333,3,282,3),(1437,204,46,90,0,'description',0,300,16,282,1627081333,3,183,3),(1438,204,46,90,0,'description',0,301,17,183,1627081333,3,300,3),(1439,204,46,90,0,'description',0,198,18,300,1627081333,3,301,3),(1440,204,46,90,0,'description',0,226,19,301,1627081333,3,198,3),(1441,204,46,90,0,'description',0,184,20,198,1627081333,3,226,3),(1442,204,46,90,0,'description',0,179,21,226,1627081333,3,184,3),(1443,204,46,90,0,'description',0,199,22,184,1627081333,3,179,3),(1444,204,46,90,0,'description',0,181,23,179,1627081333,3,199,3),(1445,204,46,90,0,'description',0,296,24,199,1627081333,3,181,3),(1446,204,46,90,0,'description',0,301,25,181,1627081333,3,296,3),(1447,204,46,90,0,'description',0,279,26,296,1627081333,3,301,3),(1448,204,46,90,0,'description',0,231,27,301,1627081333,3,279,3),(1449,204,46,90,0,'description',0,282,28,279,1627081333,3,231,3),(1450,204,46,90,0,'description',0,288,29,231,1627081333,3,282,3),(1451,204,46,90,0,'description',0,300,30,282,1627081333,3,288,3),(1452,204,46,90,0,'description',0,162,31,288,1627081333,3,300,3),(1453,204,46,90,0,'description',0,223,32,300,1627081333,3,162,3),(1454,204,46,90,0,'description',0,182,33,162,1627081333,3,223,3),(1455,204,46,90,0,'description',0,179,34,223,1627081333,3,182,3),(1456,204,46,90,0,'description',0,234,35,182,1627081333,3,179,3),(1457,204,46,90,0,'description',0,235,36,179,1627081333,3,234,3),(1458,204,46,90,0,'description',0,208,37,234,1627081333,3,235,3),(1459,204,46,90,0,'description',0,236,38,235,1627081333,3,208,3),(1460,204,46,90,0,'description',0,226,39,208,1627081333,3,236,3),(1461,204,46,90,0,'description',0,196,40,236,1627081333,3,226,3),(1462,204,46,90,0,'description',0,162,41,226,1627081333,3,196,3),(1463,204,46,90,0,'description',0,237,42,196,1627081333,3,162,3),(1464,204,46,90,0,'description',0,238,43,162,1627081333,3,237,3),(1465,204,46,90,0,'description',0,239,44,237,1627081333,3,238,3),(1466,204,46,90,0,'description',0,277,45,238,1627081333,3,239,3),(1467,204,46,90,0,'description',0,204,46,239,1627081333,3,277,3),(1468,204,46,90,0,'description',0,278,47,277,1627081333,3,204,3),(1469,204,46,90,0,'description',0,95,48,204,1627081333,3,278,3),(1470,204,46,90,0,'description',0,96,49,278,1627081333,3,95,3),(1471,204,46,90,0,'description',0,279,50,95,1627081333,3,96,3),(1472,204,46,90,0,'description',0,280,51,96,1627081333,3,279,3),(1473,204,46,90,0,'description',0,281,52,279,1627081333,3,280,3),(1474,204,46,90,0,'description',0,162,53,280,1627081333,3,281,3),(1475,204,46,90,0,'description',0,95,54,281,1627081333,3,162,3),(1476,204,46,90,0,'description',0,96,55,162,1627081333,3,95,3),(1477,204,46,90,0,'description',0,282,56,95,1627081333,3,96,3),(1478,204,46,90,0,'description',0,291,57,96,1627081333,3,282,3),(1479,204,46,90,0,'description',0,319,58,282,1627081333,3,291,3),(1480,204,46,90,0,'description',0,320,59,291,1627081333,3,319,3),(1481,204,46,90,0,'description',0,321,60,319,1627081333,3,320,3),(1482,204,46,90,0,'description',0,226,61,320,1627081333,3,321,3),(1483,204,46,90,0,'description',0,221,62,321,1627081333,3,226,3),(1484,204,46,90,0,'description',0,302,63,226,1627081333,3,221,3),(1485,204,46,90,0,'description',0,292,64,221,1627081333,3,302,3),(1486,204,46,90,0,'description',0,303,65,302,1627081333,3,292,3),(1487,204,46,90,0,'description',0,304,66,292,1627081333,3,303,3),(1488,204,46,90,0,'description',0,220,67,303,1627081333,3,304,3),(1489,204,46,90,0,'description',0,236,68,304,1627081333,3,220,3),(1490,204,46,90,0,'description',0,230,69,220,1627081333,3,236,3),(1491,204,46,90,0,'description',0,281,70,236,1627081333,3,230,3),(1492,204,46,90,0,'description',0,231,71,230,1627081333,3,281,3),(1493,204,46,90,0,'description',0,305,72,281,1627081333,3,231,3),(1494,204,46,90,0,'description',0,296,73,231,1627081333,3,305,3),(1495,204,46,90,0,'description',0,301,74,305,1627081333,3,296,3),(1496,204,46,90,0,'description',0,279,75,296,1627081333,3,301,3),(1497,204,46,90,0,'description',0,231,76,301,1627081333,3,279,3),(1498,204,46,90,0,'description',0,282,77,279,1627081333,3,231,3),(1499,204,46,90,0,'description',0,288,78,231,1627081333,3,282,3),(1500,204,46,90,0,'description',0,300,79,282,1627081333,3,288,3),(1501,204,46,90,0,'description',0,202,80,288,1627081333,3,300,3),(1502,204,46,90,0,'description',0,223,81,300,1627081333,3,202,3),(1503,204,46,90,0,'description',0,224,82,202,1627081333,3,223,3),(1504,204,46,90,0,'description',0,184,83,223,1627081333,3,224,3),(1505,204,46,90,0,'description',0,347,84,224,1627081333,3,184,3),(1506,202,46,90,0,'cta_label',0,348,85,184,1627081333,3,347,3),(1507,202,46,90,0,'cta_label',0,0,86,347,1627081333,3,348,3),(1510,190,44,57,0,'title',0,350,0,0,1622836809,1,192,3),(1511,190,44,57,0,'title',0,0,1,192,1622836809,1,350,3);
/*!40000 ALTER TABLE `ezsearch_object_word_link` ENABLE KEYS */;
UNLOCK TABLES;

--
-- Table structure for table `ezsearch_word`
--

DROP TABLE IF EXISTS `ezsearch_word`;
/*!40101 SET @saved_cs_client     = @@character_set_client */;
/*!40101 SET character_set_client = utf8 */;
CREATE TABLE `ezsearch_word` (
  `id` int(11) NOT NULL AUTO_INCREMENT,
  `object_count` int(11) NOT NULL DEFAULT 0,
  `word` varchar(150) COLLATE utf8mb4_unicode_520_ci DEFAULT NULL,
  PRIMARY KEY (`id`),
  KEY `ezsearch_word_word_i` (`word`),
  KEY `ezsearch_word_obj_count` (`object_count`)
) ENGINE=InnoDB AUTO_INCREMENT=351 DEFAULT CHARSET=utf8mb4 COLLATE=utf8mb4_unicode_520_ci;
/*!40101 SET character_set_client = @saved_cs_client */;

--
-- Dumping data for table `ezsearch_word`
--

LOCK TABLES `ezsearch_word` WRITE;
/*!40000 ALTER TABLE `ezsearch_word` DISABLE KEYS */;
INSERT INTO `ezsearch_word` VALUES (1,1,'ibexa'),(2,1,'platform'),(3,1,'you'),(4,1,'are'),(5,1,'now'),(6,1,'ready'),(7,1,'to'),(8,1,'start'),(9,1,'your'),(10,1,'project'),(13,1,'the'),(34,1,'main'),(35,2,'group'),(36,3,'users'),(37,2,'anonymous'),(38,3,'user'),(39,1,'guest'),(40,1,'accounts'),(41,2,'administrator'),(42,1,'editors'),(43,1,'media'),(44,2,'for'),(45,2,'images'),(46,1,'files'),(47,1,'multimedia'),(48,1,'digital'),(49,1,'experience'),(50,1,'form'),(51,1,'uploads'),(52,1,'folder'),(53,1,'file'),(54,1,'forms'),(55,1,'site'),(56,1,'skeletons'),(87,7,'lorem'),(92,3,'basura'),(93,4,'png'),(94,6,'ipsum'),(95,8,'sit'),(96,8,'amet'),(103,4,'test'),(104,1,'content'),(105,1,'hero'),(144,1,'captura'),(145,1,'de'),(146,1,'pantalla'),(147,1,'2021'),(148,1,'06'),(149,1,'18'),(150,1,'09'),(151,1,'59'),(152,1,'26'),(157,2,'aliquam'),(162,8,'sed'),(169,2,'vel'),(173,1,'integer'),(174,1,'facilisis'),(175,1,'semper'),(177,2,'massa'),(179,8,'nibh'),(180,2,'auctor'),(181,6,'a'),(182,6,'lectus'),(183,6,'mauris'),(184,7,'tincidunt'),(187,4,'felis'),(192,4,'axp'),(194,1,'hero1'),(195,5,'dolor'),(196,6,'consectetur'),(197,4,'adipiscing'),(198,8,'elit'),(199,6,'pulvinar'),(200,2,'faucibus'),(201,1,'sollicitudin'),(202,8,'nulla'),(203,3,'orci'),(204,6,'ac'),(205,2,'libero'),(207,5,'quis'),(208,3,'justo'),(211,1,'system'),(214,1,'utility'),(215,1,'nav'),(219,1,'notifications'),(220,6,'ut'),(221,6,'malesuada'),(222,2,'feugiat'),(223,8,'porttitor'),(224,7,'accumsan'),(225,4,'proin'),(226,8,'eget'),(227,6,'tortor'),(228,4,'risus'),(229,5,'pellentesque'),(230,5,'in'),(231,7,'id'),(232,3,'porta'),(233,2,'dapibus'),(234,6,'vivamus'),(235,5,'magna'),(236,5,'lacinia'),(237,7,'convallis'),(238,5,'at'),(239,3,'tellus'),(240,4,'suscipit'),(241,4,'volutpat'),(242,1,'cerrar'),(243,1,'footer'),(244,1,'header'),(277,5,'vestibulum'),(278,5,'diam'),(279,6,'quam'),(280,5,'vehicula'),(281,5,'elementum'),(282,6,'dui'),(283,2,'ante'),(284,2,'primis'),(285,2,'luctus'),(286,4,'et'),(287,2,'ultrices'),(288,5,'posuere'),(289,2,'cubilia'),(290,2,'curae'),(291,5,'donec'),(292,4,'velit'),(293,2,'neque'),(294,2,'ullamcorper'),(295,3,'ligula'),(296,6,'curabitur'),(297,4,'non'),(298,3,'nisl'),(299,3,'tempus'),(300,7,'blandit'),(301,7,'aliquet'),(302,4,'quisque'),(303,6,'nisi'),(304,4,'pretium'),(305,4,'enim'),(306,2,'cras'),(307,2,'ultricies'),(308,2,'dictum'),(315,2,'arcu'),(316,2,'erat'),(317,2,'imperdiet'),(318,2,'sem'),(319,3,'rutrum'),(320,3,'congue'),(321,3,'leo'),(322,2,'praesent'),(323,2,'sapien'),(324,2,'nec'),(325,2,'egestas'),(328,1,'molestie'),(334,2,'https'),(335,3,'www'),(336,3,'google'),(337,3,'com'),(339,3,'custom'),(340,3,'link'),(341,1,'1'),(343,1,'3'),(345,1,'2'),(347,2,'see'),(348,2,'more'),(350,1,'home');
/*!40000 ALTER TABLE `ezsearch_word` ENABLE KEYS */;
UNLOCK TABLES;

--
-- Table structure for table `ezsection`
--

DROP TABLE IF EXISTS `ezsection`;
/*!40101 SET @saved_cs_client     = @@character_set_client */;
/*!40101 SET character_set_client = utf8 */;
CREATE TABLE `ezsection` (
  `id` int(11) NOT NULL AUTO_INCREMENT,
  `identifier` varchar(255) COLLATE utf8mb4_unicode_520_ci DEFAULT NULL,
  `locale` varchar(255) COLLATE utf8mb4_unicode_520_ci DEFAULT NULL,
  `name` varchar(255) COLLATE utf8mb4_unicode_520_ci DEFAULT NULL,
  `navigation_part_identifier` varchar(100) COLLATE utf8mb4_unicode_520_ci DEFAULT 'ezcontentnavigationpart',
  PRIMARY KEY (`id`)
) ENGINE=InnoDB AUTO_INCREMENT=8 DEFAULT CHARSET=utf8mb4 COLLATE=utf8mb4_unicode_520_ci;
/*!40101 SET character_set_client = @saved_cs_client */;

--
-- Dumping data for table `ezsection`
--

LOCK TABLES `ezsection` WRITE;
/*!40000 ALTER TABLE `ezsection` DISABLE KEYS */;
INSERT INTO `ezsection` VALUES (1,'standard','','Standard','ezcontentnavigationpart'),(2,'users','','Users','ezusernavigationpart'),(3,'media','','Media','ezmedianavigationpart'),(6,'form',NULL,'Form','ezcontentnavigationpart'),(7,'site_skeleton',NULL,'Site skeleton','ezcontentnavigationpart');
/*!40000 ALTER TABLE `ezsection` ENABLE KEYS */;
UNLOCK TABLES;

--
-- Table structure for table `ezsite`
--

DROP TABLE IF EXISTS `ezsite`;
/*!40101 SET @saved_cs_client     = @@character_set_client */;
/*!40101 SET character_set_client = utf8 */;
CREATE TABLE `ezsite` (
  `id` int(11) NOT NULL AUTO_INCREMENT,
  `name` varchar(255) COLLATE utf8mb4_unicode_520_ci NOT NULL DEFAULT '',
  `created` int(11) NOT NULL,
  PRIMARY KEY (`id`)
) ENGINE=InnoDB DEFAULT CHARSET=utf8mb4 COLLATE=utf8mb4_unicode_520_ci;
/*!40101 SET character_set_client = @saved_cs_client */;

--
-- Dumping data for table `ezsite`
--

LOCK TABLES `ezsite` WRITE;
/*!40000 ALTER TABLE `ezsite` DISABLE KEYS */;
/*!40000 ALTER TABLE `ezsite` ENABLE KEYS */;
UNLOCK TABLES;

--
-- Table structure for table `ezsite_data`
--

DROP TABLE IF EXISTS `ezsite_data`;
/*!40101 SET @saved_cs_client     = @@character_set_client */;
/*!40101 SET character_set_client = utf8 */;
CREATE TABLE `ezsite_data` (
  `name` varchar(60) COLLATE utf8mb4_unicode_520_ci NOT NULL DEFAULT '',
  `value` longtext COLLATE utf8mb4_unicode_520_ci NOT NULL,
  PRIMARY KEY (`name`)
) ENGINE=InnoDB DEFAULT CHARSET=utf8mb4 COLLATE=utf8mb4_unicode_520_ci;
/*!40101 SET character_set_client = @saved_cs_client */;

--
-- Dumping data for table `ezsite_data`
--

LOCK TABLES `ezsite_data` WRITE;
/*!40000 ALTER TABLE `ezsite_data` DISABLE KEYS */;
INSERT INTO `ezsite_data` VALUES ('ezplatform-release','3.0.0');
/*!40000 ALTER TABLE `ezsite_data` ENABLE KEYS */;
UNLOCK TABLES;

--
-- Table structure for table `ezsite_public_access`
--

DROP TABLE IF EXISTS `ezsite_public_access`;
/*!40101 SET @saved_cs_client     = @@character_set_client */;
/*!40101 SET character_set_client = utf8 */;
CREATE TABLE `ezsite_public_access` (
  `public_access_identifier` varchar(255) COLLATE utf8mb4_unicode_520_ci NOT NULL,
  `site_id` int(11) NOT NULL,
  `site_access_group` varchar(255) COLLATE utf8mb4_unicode_520_ci NOT NULL DEFAULT '',
  `status` int(11) NOT NULL,
  `config` text COLLATE utf8mb4_unicode_520_ci NOT NULL,
  `site_matcher_host` varchar(255) COLLATE utf8mb4_unicode_520_ci DEFAULT NULL,
  `site_matcher_path` varchar(255) COLLATE utf8mb4_unicode_520_ci DEFAULT NULL,
  PRIMARY KEY (`public_access_identifier`),
  KEY `ezsite_public_access_site_id` (`site_id`),
  CONSTRAINT `fk_ezsite_public_access_site_id` FOREIGN KEY (`site_id`) REFERENCES `ezsite` (`id`)
) ENGINE=InnoDB DEFAULT CHARSET=utf8mb4 COLLATE=utf8mb4_unicode_520_ci;
/*!40101 SET character_set_client = @saved_cs_client */;

--
-- Dumping data for table `ezsite_public_access`
--

LOCK TABLES `ezsite_public_access` WRITE;
/*!40000 ALTER TABLE `ezsite_public_access` DISABLE KEYS */;
/*!40000 ALTER TABLE `ezsite_public_access` ENABLE KEYS */;
UNLOCK TABLES;

--
-- Table structure for table `ezurl`
--

DROP TABLE IF EXISTS `ezurl`;
/*!40101 SET @saved_cs_client     = @@character_set_client */;
/*!40101 SET character_set_client = utf8 */;
CREATE TABLE `ezurl` (
  `id` int(11) NOT NULL AUTO_INCREMENT,
  `created` int(11) NOT NULL DEFAULT 0,
  `is_valid` int(11) NOT NULL DEFAULT 1,
  `last_checked` int(11) NOT NULL DEFAULT 0,
  `modified` int(11) NOT NULL DEFAULT 0,
  `original_url_md5` varchar(32) COLLATE utf8mb4_unicode_520_ci NOT NULL DEFAULT '',
  `url` longtext COLLATE utf8mb4_unicode_520_ci DEFAULT NULL,
  PRIMARY KEY (`id`),
  KEY `ezurl_url` (`url`(191))
) ENGINE=InnoDB DEFAULT CHARSET=utf8mb4 COLLATE=utf8mb4_unicode_520_ci;
/*!40101 SET character_set_client = @saved_cs_client */;

--
-- Dumping data for table `ezurl`
--

LOCK TABLES `ezurl` WRITE;
/*!40000 ALTER TABLE `ezurl` DISABLE KEYS */;
/*!40000 ALTER TABLE `ezurl` ENABLE KEYS */;
UNLOCK TABLES;

--
-- Table structure for table `ezurl_object_link`
--

DROP TABLE IF EXISTS `ezurl_object_link`;
/*!40101 SET @saved_cs_client     = @@character_set_client */;
/*!40101 SET character_set_client = utf8 */;
CREATE TABLE `ezurl_object_link` (
  `contentobject_attribute_id` int(11) NOT NULL DEFAULT 0,
  `contentobject_attribute_version` int(11) NOT NULL DEFAULT 0,
  `url_id` int(11) NOT NULL DEFAULT 0,
  KEY `ezurl_ol_coa_id` (`contentobject_attribute_id`),
  KEY `ezurl_ol_url_id` (`url_id`),
  KEY `ezurl_ol_coa_version` (`contentobject_attribute_version`)
) ENGINE=InnoDB DEFAULT CHARSET=utf8mb4 COLLATE=utf8mb4_unicode_520_ci;
/*!40101 SET character_set_client = @saved_cs_client */;

--
-- Dumping data for table `ezurl_object_link`
--

LOCK TABLES `ezurl_object_link` WRITE;
/*!40000 ALTER TABLE `ezurl_object_link` DISABLE KEYS */;
/*!40000 ALTER TABLE `ezurl_object_link` ENABLE KEYS */;
UNLOCK TABLES;

--
-- Table structure for table `ezurlalias`
--

DROP TABLE IF EXISTS `ezurlalias`;
/*!40101 SET @saved_cs_client     = @@character_set_client */;
/*!40101 SET character_set_client = utf8 */;
CREATE TABLE `ezurlalias` (
  `id` int(11) NOT NULL AUTO_INCREMENT,
  `destination_url` longtext COLLATE utf8mb4_unicode_520_ci NOT NULL,
  `forward_to_id` int(11) NOT NULL DEFAULT 0,
  `is_imported` int(11) NOT NULL DEFAULT 0,
  `is_internal` int(11) NOT NULL DEFAULT 1,
  `is_wildcard` int(11) NOT NULL DEFAULT 0,
  `source_md5` varchar(32) COLLATE utf8mb4_unicode_520_ci DEFAULT NULL,
  `source_url` longtext COLLATE utf8mb4_unicode_520_ci NOT NULL,
  PRIMARY KEY (`id`),
  KEY `ezurlalias_source_md5` (`source_md5`),
  KEY `ezurlalias_wcard_fwd` (`is_wildcard`,`forward_to_id`),
  KEY `ezurlalias_forward_to_id` (`forward_to_id`),
  KEY `ezurlalias_imp_wcard_fwd` (`is_imported`,`is_wildcard`,`forward_to_id`),
  KEY `ezurlalias_source_url` (`source_url`(191)),
  KEY `ezurlalias_desturl` (`destination_url`(191))
) ENGINE=InnoDB AUTO_INCREMENT=31 DEFAULT CHARSET=utf8mb4 COLLATE=utf8mb4_unicode_520_ci;
/*!40101 SET character_set_client = @saved_cs_client */;

--
-- Dumping data for table `ezurlalias`
--

LOCK TABLES `ezurlalias` WRITE;
/*!40000 ALTER TABLE `ezurlalias` DISABLE KEYS */;
INSERT INTO `ezurlalias` VALUES (12,'content/view/full/2',0,1,1,0,'d41d8cd98f00b204e9800998ecf8427e',''),(13,'content/view/full/5',0,1,1,0,'9bc65c2abec141778ffaa729489f3e87','users'),(15,'content/view/full/12',0,1,1,0,'02d4e844e3a660857a3f81585995ffe1','users/guest_accounts'),(16,'content/view/full/13',0,1,1,0,'1b1d79c16700fd6003ea7be233e754ba','users/administrator_users'),(17,'content/view/full/14',0,1,1,0,'0bb9dd665c96bbc1cf36b79180786dea','users/editors'),(18,'content/view/full/15',0,1,1,0,'f1305ac5f327a19b451d82719e0c3f5d','users/administrator_users/administrator_user'),(20,'content/view/full/43',0,1,1,0,'62933a2951ef01f4eafd9bdf4d3cd2f0','media'),(21,'content/view/full/44',0,1,1,0,'3ae1aac958e1c82013689d917d34967a','users/anonymous_users'),(22,'content/view/full/45',0,1,1,0,'aad93975f09371695ba08292fd9698db','users/anonymous_users/anonymous_user'),(28,'content/view/full/51',0,1,1,0,'38985339d4a5aadfc41ab292b4527046','media/images'),(29,'content/view/full/52',0,1,1,0,'ad5a8c6f6aac3b1b9df267fe22e7aef6','media/files'),(30,'content/view/full/53',0,1,1,0,'562a0ac498571c6c3529173184a2657c','media/multimedia');
/*!40000 ALTER TABLE `ezurlalias` ENABLE KEYS */;
UNLOCK TABLES;

--
-- Table structure for table `ezurlalias_ml`
--

DROP TABLE IF EXISTS `ezurlalias_ml`;
/*!40101 SET @saved_cs_client     = @@character_set_client */;
/*!40101 SET character_set_client = utf8 */;
CREATE TABLE `ezurlalias_ml` (
  `parent` int(11) NOT NULL DEFAULT 0,
  `text_md5` varchar(32) COLLATE utf8mb4_unicode_520_ci NOT NULL DEFAULT '',
  `action` longtext COLLATE utf8mb4_unicode_520_ci NOT NULL,
  `action_type` varchar(32) COLLATE utf8mb4_unicode_520_ci NOT NULL DEFAULT '',
  `alias_redirects` int(11) NOT NULL DEFAULT 1,
  `id` int(11) NOT NULL DEFAULT 0,
  `is_alias` int(11) NOT NULL DEFAULT 0,
  `is_original` int(11) NOT NULL DEFAULT 0,
  `lang_mask` bigint(20) NOT NULL DEFAULT 0,
  `link` int(11) NOT NULL DEFAULT 0,
  `text` longtext COLLATE utf8mb4_unicode_520_ci NOT NULL,
  PRIMARY KEY (`parent`,`text_md5`),
  KEY `ezurlalias_ml_actt_org_al` (`action_type`,`is_original`,`is_alias`),
  KEY `ezurlalias_ml_text_lang` (`text`(32),`lang_mask`,`parent`),
  KEY `ezurlalias_ml_par_act_id_lnk` (`action`(32),`id`,`link`,`parent`),
  KEY `ezurlalias_ml_par_lnk_txt` (`parent`,`text`(32),`link`),
  KEY `ezurlalias_ml_act_org` (`action`(32),`is_original`),
  KEY `ezurlalias_ml_text` (`text`(32),`id`,`link`),
  KEY `ezurlalias_ml_id` (`id`)
) ENGINE=InnoDB DEFAULT CHARSET=utf8mb4 COLLATE=utf8mb4_unicode_520_ci;
/*!40101 SET character_set_client = @saved_cs_client */;

--
-- Dumping data for table `ezurlalias_ml`
--

LOCK TABLES `ezurlalias_ml` WRITE;
/*!40000 ALTER TABLE `ezurlalias_ml` DISABLE KEYS */;
INSERT INTO `ezurlalias_ml` VALUES (0,'25d9c27d68ba0e40468e05a61f96d31d','eznode:56','eznode',0,41,0,1,3,41,'site-skeletons'),(0,'50e2736330de124f6edea9b008556fe6','nop:','nop',1,17,0,0,1,17,'media2'),(0,'62933a2951ef01f4eafd9bdf4d3cd2f0','eznode:43','eznode',1,9,0,1,3,9,'Media'),(0,'802e2c30772a7d8b4233779141f8083d','eznode:57','eznode',1,42,0,1,3,42,'axp-home'),(0,'86425c35a33507d479f71ade53a669aa','nop:','nop',1,3,0,0,1,3,'users2'),(0,'9bc65c2abec141778ffaa729489f3e87','eznode:5','eznode',1,2,0,1,3,2,'Users'),(0,'ac68b62abfd6a9fe26e8ac4236c8ce0c','eznode:55','eznode',0,39,0,1,2,39,'forms'),(0,'d41d8cd98f00b204e9800998ecf8427e','eznode:2','eznode',1,1,0,1,3,1,''),(2,'a147e136bfa717592f2bd70bd4b53b17','eznode:14','eznode',1,6,0,1,3,6,'Editors'),(2,'c2803c3fa1b0b5423237b4e018cae755','eznode:44','eznode',1,10,0,1,3,10,'Anonymous-Users'),(2,'e57843d836e3af8ab611fde9e2139b3a','eznode:12','eznode',1,4,0,1,3,4,'Guest-accounts'),(2,'f89fad7f8a3abc8c09e1deb46a420007','eznode:13','eznode',1,5,0,1,3,5,'Administrator-users'),(3,'505e93077a6dde9034ad97a14ab022b1','nop:','nop',1,11,0,0,1,11,'anonymous_users2'),(3,'70bb992820e73638731aa8de79b3329e','eznode:12','eznode',1,26,0,0,1,4,'guest_accounts'),(3,'a147e136bfa717592f2bd70bd4b53b17','eznode:14','eznode',1,29,0,0,1,6,'editors'),(3,'a7da338c20bf65f9f789c87296379c2a','nop:','nop',1,7,0,0,1,7,'administrator_users2'),(3,'aeb8609aa933b0899aa012c71139c58c','eznode:13','eznode',1,27,0,0,1,5,'administrator_users'),(3,'e9e5ad0c05ee1a43715572e5cc545926','eznode:44','eznode',1,30,0,0,1,10,'anonymous_users'),(5,'5a9d7b0ec93173ef4fedee023209cb61','eznode:15','eznode',1,8,0,1,3,8,'Administrator-User'),(7,'a3cca2de936df1e2f805710399989971','eznode:15','eznode',1,28,0,0,0,8,'administrator_user'),(9,'2e5bc8831f7ae6a29530e7f1bbf2de9c','eznode:53','eznode',1,20,0,1,3,20,'Multimedia'),(9,'45b963397aa40d4a0063e0d85e4fe7a1','eznode:52','eznode',1,19,0,1,3,19,'Files'),(9,'59b514174bffe4ae402b3d63aad79fe0','eznode:51','eznode',1,18,0,1,3,18,'Images'),(9,'6daa15386efacb53034080e730973d8d','eznode:73','eznode',0,59,0,1,3,59,'axp-system'),(9,'9749fad13d6e7092a6337c4af9d83764','eznode:62','eznode',0,47,0,1,3,47,'test-content'),(10,'ccb62ebca03a31272430bc414bd5cd5b','eznode:45','eznode',1,12,0,1,3,12,'Anonymous-User'),(11,'c593ec85293ecb0e02d50d4c5c6c20eb','eznode:45','eznode',1,31,0,0,1,12,'anonymous_user'),(17,'2e5bc8831f7ae6a29530e7f1bbf2de9c','eznode:53','eznode',1,34,0,0,1,20,'multimedia'),(17,'45b963397aa40d4a0063e0d85e4fe7a1','eznode:52','eznode',1,33,0,0,1,19,'files'),(17,'59b514174bffe4ae402b3d63aad79fe0','eznode:51','eznode',1,32,0,0,1,18,'images'),(18,'432a42379e4c3dc8a48fa25dd5fcf79a','eznode:58','eznode',1,58,0,0,3,43,'sfgdfg'),(18,'7b4b5018038c33a752ccd3b5b0ee7f61','eznode:72','eznode',0,57,0,1,3,57,'hero1'),(18,'86e4d8d2ea3ac40223a7092f07b594f7','eznode:58','eznode',0,43,0,1,3,43,'sit-amet-dolor'),(19,'2c5f0c4eb6b8ba8d176b87665bdbe1af','eznode:54','eznode',0,38,0,1,3,38,'form-uploads'),(42,'1ab3fd0d7b7f20fbedb6560f962c9b3b','eznode:87','eznode',0,75,0,1,3,75,'custom-link-test-3'),(42,'6bd188bd0cf2da579bf875c4a84a5b31','eznode:80','eznode',0,67,0,1,3,67,'nulla-porttitor-accumsan-tincidunt'),(42,'78defabb7229fb96d0bf91ac263f24e4','eznode:86','eznode',1,73,0,1,3,73,'custom-link-test-2'),(42,'7bf6752d351891468388734de49f5e59','eznode:85','eznode',0,72,0,1,3,72,'custom-link-test-1'),(42,'8a0c73794da4284dd2f592fe75113a9c','eznode:61','eznode',1,46,0,1,3,46,'lorem-ipsum-sit-amet'),(42,'aa4f37a0e3a6b74ac8c145e70fc92e30','eznode:86','eznode',0,74,0,0,3,73,'custom-link-test-12'),(42,'fa682c0fb78656ab73d493e737a6888d','eznode:87','eznode',0,76,0,0,3,75,'custom-link-test-22'),(47,'851148b4fd8fd7ae74bd9100c5c0c898','eznode:78','eznode',0,65,0,0,3,64,'folder'),(47,'b44142644ebca39d969c951d8b2cbfab','eznode:63','eznode',0,48,0,1,3,48,'hero-images'),(47,'f37bd2f66651e7d46f6d38440f2bc5dd','eznode:78','eznode',0,64,0,1,3,64,'notifications'),(48,'6bd188bd0cf2da579bf875c4a84a5b31','eznode:89','eznode',0,78,0,1,3,78,'nulla-porttitor-accumsan-tincidunt'),(48,'ca4e4518adc2affd649febd5f0e76b58','eznode:89','eznode',0,79,0,0,3,78,'pellentesque-in-ipsum2'),(48,'dd11f95b1d142e7f6e0e73b2e16f8214','eznode:88','eznode',0,77,0,1,3,77,'pellentesque-in-ipsum'),(59,'78ce4a21bdec9e8af0a1445f34973b79','eznode:74','eznode',1,60,0,1,3,60,'axp-header'),(59,'c8b148adea95dc67202bd6bf65e9cd63','eznode:75','eznode',1,61,0,1,3,61,'axp-footer'),(60,'830315f3956881d7633235922d7dbe9d','eznode:76','eznode',0,62,0,1,3,62,'utility-nav'),(62,'6bd188bd0cf2da579bf875c4a84a5b31','eznode:81','eznode',0,68,0,1,3,68,'nulla-porttitor-accumsan-tincidunt'),(62,'8a0c73794da4284dd2f592fe75113a9c','eznode:77','eznode',1,63,0,1,3,63,'lorem-ipsum-sit-amet'),(64,'765da10a13db79a720ce45c43a78efe8','eznode:79','eznode',0,66,0,1,3,66,'integer-facilisis-semper'),(67,'7bc225797ec9b910cfc697516b341bd2','eznode:82','eznode',1,69,0,1,3,69,'sed-porttitor-lectus-nibh'),(69,'8e56d3720c7befb4a499915a5ac98011','eznode:83','eznode',0,70,0,1,3,70,'proin-eget-tortor-risus'),(70,'9128a145ee9989848ce93145afec463e','eznode:84','eznode',0,71,0,1,3,71,'curabitur-arcu-erat');
/*!40000 ALTER TABLE `ezurlalias_ml` ENABLE KEYS */;
UNLOCK TABLES;

--
-- Table structure for table `ezurlalias_ml_incr`
--

DROP TABLE IF EXISTS `ezurlalias_ml_incr`;
/*!40101 SET @saved_cs_client     = @@character_set_client */;
/*!40101 SET character_set_client = utf8 */;
CREATE TABLE `ezurlalias_ml_incr` (
  `id` int(11) NOT NULL AUTO_INCREMENT,
  PRIMARY KEY (`id`)
) ENGINE=InnoDB AUTO_INCREMENT=81 DEFAULT CHARSET=utf8mb4 COLLATE=utf8mb4_unicode_520_ci;
/*!40101 SET character_set_client = @saved_cs_client */;

--
-- Dumping data for table `ezurlalias_ml_incr`
--

LOCK TABLES `ezurlalias_ml_incr` WRITE;
/*!40000 ALTER TABLE `ezurlalias_ml_incr` DISABLE KEYS */;
INSERT INTO `ezurlalias_ml_incr` VALUES (1),(2),(3),(4),(5),(6),(7),(8),(9),(10),(11),(12),(13),(14),(15),(16),(17),(18),(19),(20),(21),(22),(24),(25),(26),(27),(28),(29),(30),(31),(32),(33),(34),(35),(36),(37),(38),(39),(40),(41),(42),(43),(44),(45),(46),(47),(48),(49),(50),(51),(52),(53),(54),(55),(56),(57),(58),(59),(60),(61),(62),(63),(64),(65),(66),(67),(68),(69),(70),(71),(72),(73),(74),(75),(76),(77),(78),(79),(80);
/*!40000 ALTER TABLE `ezurlalias_ml_incr` ENABLE KEYS */;
UNLOCK TABLES;

--
-- Table structure for table `ezurlwildcard`
--

DROP TABLE IF EXISTS `ezurlwildcard`;
/*!40101 SET @saved_cs_client     = @@character_set_client */;
/*!40101 SET character_set_client = utf8 */;
CREATE TABLE `ezurlwildcard` (
  `id` int(11) NOT NULL AUTO_INCREMENT,
  `destination_url` longtext COLLATE utf8mb4_unicode_520_ci NOT NULL,
  `source_url` longtext COLLATE utf8mb4_unicode_520_ci NOT NULL,
  `type` int(11) NOT NULL DEFAULT 0,
  PRIMARY KEY (`id`)
) ENGINE=InnoDB DEFAULT CHARSET=utf8mb4 COLLATE=utf8mb4_unicode_520_ci;
/*!40101 SET character_set_client = @saved_cs_client */;

--
-- Dumping data for table `ezurlwildcard`
--

LOCK TABLES `ezurlwildcard` WRITE;
/*!40000 ALTER TABLE `ezurlwildcard` DISABLE KEYS */;
/*!40000 ALTER TABLE `ezurlwildcard` ENABLE KEYS */;
UNLOCK TABLES;

--
-- Table structure for table `ezuser`
--

DROP TABLE IF EXISTS `ezuser`;
/*!40101 SET @saved_cs_client     = @@character_set_client */;
/*!40101 SET character_set_client = utf8 */;
CREATE TABLE `ezuser` (
  `contentobject_id` int(11) NOT NULL DEFAULT 0,
  `email` varchar(150) COLLATE utf8mb4_unicode_520_ci NOT NULL DEFAULT '',
  `login` varchar(150) COLLATE utf8mb4_unicode_520_ci NOT NULL DEFAULT '',
  `password_hash` varchar(255) COLLATE utf8mb4_unicode_520_ci DEFAULT NULL,
  `password_hash_type` int(11) NOT NULL DEFAULT 1,
  `password_updated_at` int(11) DEFAULT NULL,
  PRIMARY KEY (`contentobject_id`),
  UNIQUE KEY `ezuser_login` (`login`)
) ENGINE=InnoDB DEFAULT CHARSET=utf8mb4 COLLATE=utf8mb4_unicode_520_ci;
/*!40101 SET character_set_client = @saved_cs_client */;

--
-- Dumping data for table `ezuser`
--

LOCK TABLES `ezuser` WRITE;
/*!40000 ALTER TABLE `ezuser` DISABLE KEYS */;
INSERT INTO `ezuser` VALUES (10,'anonymous@link.invalid','anonymous','$2y$10$35gOSQs6JK4u4whyERaeUuVeQBi2TUBIZIfP7HEj7sfz.MxvTuOeC',7,NULL),(14,'admin@link.invalid','admin','$2y$10$FDn9NPwzhq85cLLxfD5Wu.L3SL3Z/LNCvhkltJUV0wcJj7ciJg2oy',7,NULL);
/*!40000 ALTER TABLE `ezuser` ENABLE KEYS */;
UNLOCK TABLES;

--
-- Table structure for table `ezuser_accountkey`
--

DROP TABLE IF EXISTS `ezuser_accountkey`;
/*!40101 SET @saved_cs_client     = @@character_set_client */;
/*!40101 SET character_set_client = utf8 */;
CREATE TABLE `ezuser_accountkey` (
  `id` int(11) NOT NULL AUTO_INCREMENT,
  `hash_key` varchar(32) COLLATE utf8mb4_unicode_520_ci NOT NULL DEFAULT '',
  `time` int(11) NOT NULL DEFAULT 0,
  `user_id` int(11) NOT NULL DEFAULT 0,
  PRIMARY KEY (`id`),
  KEY `hash_key` (`hash_key`)
) ENGINE=InnoDB DEFAULT CHARSET=utf8mb4 COLLATE=utf8mb4_unicode_520_ci;
/*!40101 SET character_set_client = @saved_cs_client */;

--
-- Dumping data for table `ezuser_accountkey`
--

LOCK TABLES `ezuser_accountkey` WRITE;
/*!40000 ALTER TABLE `ezuser_accountkey` DISABLE KEYS */;
/*!40000 ALTER TABLE `ezuser_accountkey` ENABLE KEYS */;
UNLOCK TABLES;

--
-- Table structure for table `ezuser_role`
--

DROP TABLE IF EXISTS `ezuser_role`;
/*!40101 SET @saved_cs_client     = @@character_set_client */;
/*!40101 SET character_set_client = utf8 */;
CREATE TABLE `ezuser_role` (
  `id` int(11) NOT NULL AUTO_INCREMENT,
  `contentobject_id` int(11) DEFAULT NULL,
  `limit_identifier` varchar(255) COLLATE utf8mb4_unicode_520_ci DEFAULT '',
  `limit_value` varchar(255) COLLATE utf8mb4_unicode_520_ci DEFAULT '',
  `role_id` int(11) DEFAULT NULL,
  PRIMARY KEY (`id`),
  KEY `ezuser_role_role_id` (`role_id`),
  KEY `ezuser_role_contentobject_id` (`contentobject_id`)
) ENGINE=InnoDB AUTO_INCREMENT=38 DEFAULT CHARSET=utf8mb4 COLLATE=utf8mb4_unicode_520_ci;
/*!40101 SET character_set_client = @saved_cs_client */;

--
-- Dumping data for table `ezuser_role`
--

LOCK TABLES `ezuser_role` WRITE;
/*!40000 ALTER TABLE `ezuser_role` DISABLE KEYS */;
INSERT INTO `ezuser_role` VALUES (32,13,'Subtree','/1/2/',3),(33,13,'Subtree','/1/43/',3),(34,12,'','',2),(35,13,'','',4),(36,11,'','',1),(37,42,'','',1);
/*!40000 ALTER TABLE `ezuser_role` ENABLE KEYS */;
UNLOCK TABLES;

--
-- Table structure for table `ezuser_setting`
--

DROP TABLE IF EXISTS `ezuser_setting`;
/*!40101 SET @saved_cs_client     = @@character_set_client */;
/*!40101 SET character_set_client = utf8 */;
CREATE TABLE `ezuser_setting` (
  `user_id` int(11) NOT NULL DEFAULT 0,
  `is_enabled` int(11) NOT NULL DEFAULT 0,
  `max_login` int(11) DEFAULT NULL,
  PRIMARY KEY (`user_id`)
) ENGINE=InnoDB DEFAULT CHARSET=utf8mb4 COLLATE=utf8mb4_unicode_520_ci;
/*!40101 SET character_set_client = @saved_cs_client */;

--
-- Dumping data for table `ezuser_setting`
--

LOCK TABLES `ezuser_setting` WRITE;
/*!40000 ALTER TABLE `ezuser_setting` DISABLE KEYS */;
INSERT INTO `ezuser_setting` VALUES (10,1,1000),(14,1,10);
/*!40000 ALTER TABLE `ezuser_setting` ENABLE KEYS */;
UNLOCK TABLES;

--
-- Table structure for table `ibexa_migrations`
--

DROP TABLE IF EXISTS `ibexa_migrations`;
/*!40101 SET @saved_cs_client     = @@character_set_client */;
/*!40101 SET character_set_client = utf8 */;
CREATE TABLE `ibexa_migrations` (
  `name` varchar(191) COLLATE utf8mb4_unicode_520_ci NOT NULL,
  `executed_at` datetime DEFAULT NULL,
  `execution_time` int(11) DEFAULT NULL,
  PRIMARY KEY (`name`)
) ENGINE=InnoDB DEFAULT CHARSET=utf8mb4 COLLATE=utf8mb4_unicode_520_ci;
/*!40101 SET character_set_client = @saved_cs_client */;

--
-- Dumping data for table `ibexa_migrations`
--

LOCK TABLES `ibexa_migrations` WRITE;
/*!40000 ALTER TABLE `ibexa_migrations` DISABLE KEYS */;
/*!40000 ALTER TABLE `ibexa_migrations` ENABLE KEYS */;
UNLOCK TABLES;

--
-- Table structure for table `ibexa_segment_group_map`
--

DROP TABLE IF EXISTS `ibexa_segment_group_map`;
/*!40101 SET @saved_cs_client     = @@character_set_client */;
/*!40101 SET character_set_client = utf8 */;
CREATE TABLE `ibexa_segment_group_map` (
  `segment_id` int(11) NOT NULL,
  `group_id` int(11) NOT NULL,
  PRIMARY KEY (`segment_id`,`group_id`)
) ENGINE=InnoDB DEFAULT CHARSET=utf8mb4 COLLATE=utf8mb4_unicode_520_ci;
/*!40101 SET character_set_client = @saved_cs_client */;

--
-- Dumping data for table `ibexa_segment_group_map`
--

LOCK TABLES `ibexa_segment_group_map` WRITE;
/*!40000 ALTER TABLE `ibexa_segment_group_map` DISABLE KEYS */;
/*!40000 ALTER TABLE `ibexa_segment_group_map` ENABLE KEYS */;
UNLOCK TABLES;

--
-- Table structure for table `ibexa_segment_groups`
--

DROP TABLE IF EXISTS `ibexa_segment_groups`;
/*!40101 SET @saved_cs_client     = @@character_set_client */;
/*!40101 SET character_set_client = utf8 */;
CREATE TABLE `ibexa_segment_groups` (
  `id` int(11) NOT NULL AUTO_INCREMENT,
  `identifier` varchar(255) COLLATE utf8mb4_unicode_520_ci NOT NULL,
  `name` varchar(255) COLLATE utf8mb4_unicode_520_ci NOT NULL DEFAULT '',
  PRIMARY KEY (`id`,`identifier`),
  UNIQUE KEY `ibexa_segment_groups_identifier` (`identifier`)
) ENGINE=InnoDB DEFAULT CHARSET=utf8mb4 COLLATE=utf8mb4_unicode_520_ci;
/*!40101 SET character_set_client = @saved_cs_client */;

--
-- Dumping data for table `ibexa_segment_groups`
--

LOCK TABLES `ibexa_segment_groups` WRITE;
/*!40000 ALTER TABLE `ibexa_segment_groups` DISABLE KEYS */;
/*!40000 ALTER TABLE `ibexa_segment_groups` ENABLE KEYS */;
UNLOCK TABLES;

--
-- Table structure for table `ibexa_segment_user_map`
--

DROP TABLE IF EXISTS `ibexa_segment_user_map`;
/*!40101 SET @saved_cs_client     = @@character_set_client */;
/*!40101 SET character_set_client = utf8 */;
CREATE TABLE `ibexa_segment_user_map` (
  `segment_id` int(11) NOT NULL,
  `user_id` int(11) NOT NULL,
  PRIMARY KEY (`segment_id`,`user_id`)
) ENGINE=InnoDB DEFAULT CHARSET=utf8mb4 COLLATE=utf8mb4_unicode_520_ci;
/*!40101 SET character_set_client = @saved_cs_client */;

--
-- Dumping data for table `ibexa_segment_user_map`
--

LOCK TABLES `ibexa_segment_user_map` WRITE;
/*!40000 ALTER TABLE `ibexa_segment_user_map` DISABLE KEYS */;
/*!40000 ALTER TABLE `ibexa_segment_user_map` ENABLE KEYS */;
UNLOCK TABLES;

--
-- Table structure for table `ibexa_segments`
--

DROP TABLE IF EXISTS `ibexa_segments`;
/*!40101 SET @saved_cs_client     = @@character_set_client */;
/*!40101 SET character_set_client = utf8 */;
CREATE TABLE `ibexa_segments` (
  `id` int(11) NOT NULL AUTO_INCREMENT,
  `identifier` varchar(255) COLLATE utf8mb4_unicode_520_ci NOT NULL,
  `name` varchar(255) COLLATE utf8mb4_unicode_520_ci NOT NULL DEFAULT '',
  PRIMARY KEY (`id`,`identifier`),
  UNIQUE KEY `ibexa_segments_identifier` (`identifier`)
) ENGINE=InnoDB DEFAULT CHARSET=utf8mb4 COLLATE=utf8mb4_unicode_520_ci;
/*!40101 SET character_set_client = @saved_cs_client */;

--
-- Dumping data for table `ibexa_segments`
--

LOCK TABLES `ibexa_segments` WRITE;
/*!40000 ALTER TABLE `ibexa_segments` DISABLE KEYS */;
/*!40000 ALTER TABLE `ibexa_segments` ENABLE KEYS */;
UNLOCK TABLES;

--
-- Table structure for table `ibexa_setting`
--

DROP TABLE IF EXISTS `ibexa_setting`;
/*!40101 SET @saved_cs_client     = @@character_set_client */;
/*!40101 SET character_set_client = utf8 */;
CREATE TABLE `ibexa_setting` (
  `id` int(11) NOT NULL AUTO_INCREMENT,
  `group` varchar(128) COLLATE utf8mb4_unicode_520_ci NOT NULL,
  `identifier` varchar(128) COLLATE utf8mb4_unicode_520_ci NOT NULL,
  `value` longtext COLLATE utf8mb4_unicode_520_ci NOT NULL COMMENT '(DC2Type:json)',
  PRIMARY KEY (`id`),
  UNIQUE KEY `ibexa_setting_group_identifier` (`group`,`identifier`),
  KEY `ibexa_setting_id` (`id`)
) ENGINE=InnoDB AUTO_INCREMENT=2 DEFAULT CHARSET=utf8mb4 COLLATE=utf8mb4_unicode_520_ci;
/*!40101 SET character_set_client = @saved_cs_client */;

--
-- Dumping data for table `ibexa_setting`
--

LOCK TABLES `ibexa_setting` WRITE;
/*!40000 ALTER TABLE `ibexa_setting` DISABLE KEYS */;
INSERT INTO `ibexa_setting` VALUES (1,'personalization','installation_key','\"\"');
/*!40000 ALTER TABLE `ibexa_setting` ENABLE KEYS */;
UNLOCK TABLES;
/*!40103 SET TIME_ZONE=@OLD_TIME_ZONE */;

/*!40101 SET SQL_MODE=@OLD_SQL_MODE */;
/*!40014 SET FOREIGN_KEY_CHECKS=@OLD_FOREIGN_KEY_CHECKS */;
/*!40014 SET UNIQUE_CHECKS=@OLD_UNIQUE_CHECKS */;
/*!40101 SET CHARACTER_SET_CLIENT=@OLD_CHARACTER_SET_CLIENT */;
/*!40101 SET CHARACTER_SET_RESULTS=@OLD_CHARACTER_SET_RESULTS */;
/*!40101 SET COLLATION_CONNECTION=@OLD_COLLATION_CONNECTION */;
/*!40111 SET SQL_NOTES=@OLD_SQL_NOTES */;

-- Dump completed on 2021-07-29 17:40:06
